{"type":"FeatureCollection","features":[{"type":"Feature","geometry":{"type":"Point","coordinates":[-122.40782,37.7843]},"properties":{"stop_id":"16995","stop_code":"16995","stop_name":"Metro Powell Station/Outbound"}},{"type":"Feature","geometry":{"type":"Point","coordinates":[-122.40709,37.78465]},"properties":{"stop_id":"15417","stop_code":"15417","stop_name":"Metro Powell Station/Downtown"}},{"type":"Feature","geometry":{"type":"Point","coordinates":[-122.39682,37.79285]},"properties":{"stop_id":"16992","stop_code":"16992","stop_name":"Metro Embarcadero Station"}},{"type":"Feature","geometry":{"type":"Point","coordinates":[-122.41422,37.77924]},"properties":{"stop_id":"16997","stop_code":"16997","stop_name":"Metro Civic Center Station/Outbd"}},{"type":"Feature","geometry":{"type":"Point","coordinates":[-122.41335,37.77971]},"properties":{"stop_id":"15727","stop_code":"15727","stop_name":"Metro Civic Center Station/Downtn"}},{"type":"Feature","geometry":{"type":"Point","coordinates":[-122.40213,37.78879]},"properties":{"stop_id":"16994","stop_code":"16994","stop_name":"Metro Montgomery Station/Outbound"}},{"type":"Feature","geometry":{"type":"Point","coordinates":[-122.40135,37.78922]},"properties":{"stop_id":"15731","stop_code":"15731","stop_name":"Metro Montgomery Station/Downtown"}},{"type":"Feature","geometry":{"type":"Point","coordinates":[-122.39704,37.79277]},"properties":{"stop_id":"17217","stop_code":"17217","stop_name":"Metro Embarcadero Station"}},{"type":"Feature","geometry":{"type":"Point","coordinates":[-122.46903,37.70596]},"properties":{"stop_id":"14341","stop_code":"14341","stop_name":"Daly City BART Station"}},{"type":"Feature","geometry":{"type":"Point","coordinates":[-122.46876,37.70588]},"properties":{"stop_id":"17925","stop_code":"17925","stop_name":"Daly City BART Parking Lot E"}},{"type":"Feature","geometry":{"type":"Point","coordinates":[-122.46863,37.70628]},"properties":{"stop_id":"17842","stop_code":"17842","stop_name":"Daly City BART Station"}},{"type":"Feature","geometry":{"type":"Point","coordinates":[-122.46915,37.70642]},"properties":{"stop_id":"17606","stop_code":"17606","stop_name":"Daly City BART West Station Rd"}},{"type":"Feature","geometry":{"type":"Point","coordinates":[-122.39605,37.78999]},"properties":{"stop_id":"17948","stop_code":"17948","stop_name":"Transit Center Bay 29"}},{"type":"Feature","geometry":{"type":"Point","coordinates":[-122.39569,37.79009]},"properties":{"stop_id":"17914","stop_code":"17914","stop_name":"Transit Center Bay B"}},{"type":"Feature","geometry":{"type":"Point","coordinates":[-122.39549,37.78996]},"properties":{"stop_id":"17915","stop_code":"17915","stop_name":"Transit Center Bay C"}},{"type":"Feature","geometry":{"type":"Point","coordinates":[-122.39537,37.79007]},"properties":{"stop_id":"17916","stop_code":"17916","stop_name":"Transit Center Bay D"}},{"type":"Feature","geometry":{"type":"Point","coordinates":[-122.39549,37.79007]},"properties":{"stop_id":"17917","stop_code":"17917","stop_name":"Transit Center Bay E"}},{"type":"Feature","geometry":{"type":"Point","coordinates":[-122.39615,37.78992]},"properties":{"stop_id":"17918","stop_code":"17918","stop_name":"Transit Center Bay 27"}},{"type":"Feature","geometry":{"type":"Point","coordinates":[-122.40184,37.75617]},"properties":{"stop_id":"16186","stop_code":"16186","stop_name":"1076 Rhode Island St"}},{"type":"Feature","geometry":{"type":"Point","coordinates":[-122.4665,37.75272]},"properties":{"stop_id":"13230","stop_code":"13230","stop_name":"10th Ave & Ortega St"}},{"type":"Feature","geometry":{"type":"Point","coordinates":[-122.46638,37.75086]},"properties":{"stop_id":"13231","stop_code":"13231","stop_name":"10th Ave & Pacheco St"}},{"type":"Feature","geometry":{"type":"Point","coordinates":[-122.46655,37.7507]},"properties":{"stop_id":"13232","stop_code":"13232","stop_name":"10th Ave & Pacheco St"}},{"type":"Feature","geometry":{"type":"Point","coordinates":[-122.46626,37.74932]},"properties":{"stop_id":"13233","stop_code":"13233","stop_name":"10th Ave & Quintara St"}},{"type":"Feature","geometry":{"type":"Point","coordinates":[-122.46643,37.74916]},"properties":{"stop_id":"13234","stop_code":"13234","stop_name":"10th Ave & Quintara St"}},{"type":"Feature","geometry":{"type":"Point","coordinates":[-122.48584,37.70831]},"properties":{"stop_id":"14829","stop_code":"14829","stop_name":"1100 Lake Merced Blvd"}},{"type":"Feature","geometry":{"type":"Point","coordinates":[-122.4856,37.70822]},"properties":{"stop_id":"14828","stop_code":"14828","stop_name":"1100 Lake Merced Blvd"}},{"type":"Feature","geometry":{"type":"Point","coordinates":[-122.40568,37.80177]},"properties":{"stop_id":"16651","stop_code":"16651","stop_name":"115 Telegraph Hill Blvd"}},{"type":"Feature","geometry":{"type":"Point","coordinates":[-122.45798,37.75368]},"properties":{"stop_id":"16907","stop_code":"16907","stop_name":"117 Warren Dr"}},{"type":"Feature","geometry":{"type":"Point","coordinates":[-122.4113,37.76981]},"properties":{"stop_id":"13235","stop_code":"13235","stop_name":"11th St & Bryant St"}},{"type":"Feature","geometry":{"type":"Point","coordinates":[-122.41253,37.77069]},"properties":{"stop_id":"13238","stop_code":"13238","stop_name":"11th St & Harrison St"}},{"type":"Feature","geometry":{"type":"Point","coordinates":[-122.41249,37.77056]},"properties":{"stop_id":"13239","stop_code":"13239","stop_name":"11th St & Harrison St"}},{"type":"Feature","geometry":{"type":"Point","coordinates":[-122.41538,37.77283]},"properties":{"stop_id":"13241","stop_code":"13241","stop_name":"11th St & Howard St"}},{"type":"Feature","geometry":{"type":"Point","coordinates":[-122.41573,37.77333]},"properties":{"stop_id":"13240","stop_code":"13240","stop_name":"11th St & Howard St"}},{"type":"Feature","geometry":{"type":"Point","coordinates":[-122.41858,37.77537]},"properties":{"stop_id":"13245","stop_code":"13245","stop_name":"11th St & Market St"}},{"type":"Feature","geometry":{"type":"Point","coordinates":[-122.41801,37.77515]},"properties":{"stop_id":"18165","stop_code":"18165","stop_name":"11th St & Market St"}},{"type":"Feature","geometry":{"type":"Point","coordinates":[-122.41852,37.7755]},"properties":{"stop_id":"13244","stop_code":"13244","stop_name":"11th St & Market St"}},{"type":"Feature","geometry":{"type":"Point","coordinates":[-122.41689,37.77404]},"properties":{"stop_id":"13243","stop_code":"13243","stop_name":"11th St & Mission St"}},{"type":"Feature","geometry":{"type":"Point","coordinates":[-122.44396,37.74897]},"properties":{"stop_id":"16009","stop_code":"16009","stop_name":"120 Portola Dr"}},{"type":"Feature","geometry":{"type":"Point","coordinates":[-122.46146,37.73774]},"properties":{"stop_id":"15513","stop_code":"15513","stop_name":"126 Miraloma Dr"}},{"type":"Feature","geometry":{"type":"Point","coordinates":[-122.47071,37.74888]},"properties":{"stop_id":"13247","stop_code":"13247","stop_name":"14th Ave & Quintara St"}},{"type":"Feature","geometry":{"type":"Point","coordinates":[-122.4703,37.74503]},"properties":{"stop_id":"13248","stop_code":"13248","stop_name":"14th Ave & Santiago St"}},{"type":"Feature","geometry":{"type":"Point","coordinates":[-122.47017,37.74317]},"properties":{"stop_id":"13250","stop_code":"13250","stop_name":"14th Ave & Taraval St"}},{"type":"Feature","geometry":{"type":"Point","coordinates":[-122.4703,37.7434]},"properties":{"stop_id":"13249","stop_code":"13249","stop_name":"14th Ave & Taraval St"}},{"type":"Feature","geometry":{"type":"Point","coordinates":[-122.47018,37.74153]},"properties":{"stop_id":"13252","stop_code":"13252","stop_name":"14th Ave & Ulloa St"}},{"type":"Feature","geometry":{"type":"Point","coordinates":[-122.47004,37.7416]},"properties":{"stop_id":"13251","stop_code":"13251","stop_name":"14th Ave & Ulloa St"}},{"type":"Feature","geometry":{"type":"Point","coordinates":[-122.43721,37.7673]},"properties":{"stop_id":"13253","stop_code":"13253","stop_name":"14th St & Alpine Ter"}},{"type":"Feature","geometry":{"type":"Point","coordinates":[-122.43584,37.76738]},"properties":{"stop_id":"13256","stop_code":"13256","stop_name":"14th St & Castro St"}},{"type":"Feature","geometry":{"type":"Point","coordinates":[-122.43578,37.76728]},"properties":{"stop_id":"13257","stop_code":"13257","stop_name":"14th St & Castro St"}},{"type":"Feature","geometry":{"type":"Point","coordinates":[-122.42909,37.76777]},"properties":{"stop_id":"13254","stop_code":"13254","stop_name":"14th St & Church St"}},{"type":"Feature","geometry":{"type":"Point","coordinates":[-122.42913,37.76767]},"properties":{"stop_id":"13255","stop_code":"13255","stop_name":"14th St & Church St"}},{"type":"Feature","geometry":{"type":"Point","coordinates":[-122.43327,37.76751]},"properties":{"stop_id":"13258","stop_code":"13258","stop_name":"14th St & Noe St"}},{"type":"Feature","geometry":{"type":"Point","coordinates":[-122.43356,37.7674]},"properties":{"stop_id":"13259","stop_code":"13259","stop_name":"14th St & Noe St"}},{"type":"Feature","geometry":{"type":"Point","coordinates":[-122.43128,37.76754]},"properties":{"stop_id":"13261","stop_code":"13261","stop_name":"14th St & Sanchez St"}},{"type":"Feature","geometry":{"type":"Point","coordinates":[-122.43111,37.76767]},"properties":{"stop_id":"13260","stop_code":"13260","stop_name":"14th St & Sanchez St"}},{"type":"Feature","geometry":{"type":"Point","coordinates":[-122.47217,37.75411]},"properties":{"stop_id":"13262","stop_code":"13262","stop_name":"15th Ave & Noriega St"}},{"type":"Feature","geometry":{"type":"Point","coordinates":[-122.47206,37.75268]},"properties":{"stop_id":"13263","stop_code":"13263","stop_name":"15th Ave & Ortega St"}},{"type":"Feature","geometry":{"type":"Point","coordinates":[-122.47196,37.75081]},"properties":{"stop_id":"13264","stop_code":"13264","stop_name":"15th Ave & Pacheco St"}},{"type":"Feature","geometry":{"type":"Point","coordinates":[-122.47183,37.74891]},"properties":{"stop_id":"13265","stop_code":"13265","stop_name":"15th Ave & Quintara St"}},{"type":"Feature","geometry":{"type":"Point","coordinates":[-122.47139,37.74297]},"properties":{"stop_id":"13267","stop_code":"13267","stop_name":"15th Ave & Taraval St"}},{"type":"Feature","geometry":{"type":"Point","coordinates":[-122.4713,37.74312]},"properties":{"stop_id":"13266","stop_code":"13266","stop_name":"15th Ave & Taraval St"}},{"type":"Feature","geometry":{"type":"Point","coordinates":[-122.47038,37.73639]},"properties":{"stop_id":"13270","stop_code":"13270","stop_name":"15th Ave & West Portal Ave"}},{"type":"Feature","geometry":{"type":"Point","coordinates":[-122.43281,37.73817]},"properties":{"stop_id":"13614","stop_code":"13614","stop_name":"164 Addison  St"}},{"type":"Feature","geometry":{"type":"Point","coordinates":[-122.42819,37.71187]},"properties":{"stop_id":"14795","stop_code":"14795","stop_name":"1650 Geneva Ave"}},{"type":"Feature","geometry":{"type":"Point","coordinates":[-122.42829,37.71174]},"properties":{"stop_id":"14796","stop_code":"14796","stop_name":"1650 Geneva Ave"}},{"type":"Feature","geometry":{"type":"Point","coordinates":[-122.46357,37.75677]},"properties":{"stop_id":"13189","stop_code":"13189","stop_name":"1697 7th Ave"}},{"type":"Feature","geometry":{"type":"Point","coordinates":[-122.46374,37.7566]},"properties":{"stop_id":"13188","stop_code":"13188","stop_name":"1697 7th Ave"}},{"type":"Feature","geometry":{"type":"Point","coordinates":[-122.4737,37.7593]},"properties":{"stop_id":"13273","stop_code":"13273","stop_name":"16th Ave & Lawton St"}},{"type":"Feature","geometry":{"type":"Point","coordinates":[-122.47367,37.75811]},"properties":{"stop_id":"13272","stop_code":"13272","stop_name":"16th Ave & Lawton St"}},{"type":"Feature","geometry":{"type":"Point","coordinates":[-122.47351,37.75697]},"properties":{"stop_id":"13275","stop_code":"13275","stop_name":"16th Ave & Lomita Ave"}},{"type":"Feature","geometry":{"type":"Point","coordinates":[-122.47368,37.75636]},"properties":{"stop_id":"13277","stop_code":"13277","stop_name":"16th Ave & Moraga St"}},{"type":"Feature","geometry":{"type":"Point","coordinates":[-122.47361,37.7563]},"properties":{"stop_id":"13276","stop_code":"13276","stop_name":"16th Ave & Moraga St"}},{"type":"Feature","geometry":{"type":"Point","coordinates":[-122.47321,37.75425]},"properties":{"stop_id":"13278","stop_code":"13278","stop_name":"16th Ave & Noriega St"}},{"type":"Feature","geometry":{"type":"Point","coordinates":[-122.47379,37.75802]},"properties":{"stop_id":"17231","stop_code":"17231","stop_name":"16th Avenue & Lawton Street"}},{"type":"Feature","geometry":{"type":"Point","coordinates":[-122.47309,37.7524]},"properties":{"stop_id":"13279","stop_code":"13279","stop_name":"16th Ave & Ortega St"}},{"type":"Feature","geometry":{"type":"Point","coordinates":[-122.47295,37.75054]},"properties":{"stop_id":"13280","stop_code":"13280","stop_name":"16th Ave & Pacheco St"}},{"type":"Feature","geometry":{"type":"Point","coordinates":[-122.39072,37.76676]},"properties":{"stop_id":"17764","stop_code":"17764","stop_name":"16th St & 4th St"}},{"type":"Feature","geometry":{"type":"Point","coordinates":[-122.41041,37.76559]},"properties":{"stop_id":"13282","stop_code":"13282","stop_name":"16th St & Bryant St"}},{"type":"Feature","geometry":{"type":"Point","coordinates":[-122.41029,37.76566]},"properties":{"stop_id":"13281","stop_code":"13281","stop_name":"16th St & Bryant St"}},{"type":"Feature","geometry":{"type":"Point","coordinates":[-122.42852,37.76458]},"properties":{"stop_id":"13283","stop_code":"13283","stop_name":"16th St & Church St"}},{"type":"Feature","geometry":{"type":"Point","coordinates":[-122.42652,37.76471]},"properties":{"stop_id":"13284","stop_code":"13284","stop_name":"16th St & Dolores St"}},{"type":"Feature","geometry":{"type":"Point","coordinates":[-122.42629,37.76461]},"properties":{"stop_id":"13285","stop_code":"13285","stop_name":"16th St & Dolores St"}},{"type":"Feature","geometry":{"type":"Point","coordinates":[-122.41543,37.7654]},"properties":{"stop_id":"17289","stop_code":"17289","stop_name":"16th St & Folsom St"}},{"type":"Feature","geometry":{"type":"Point","coordinates":[-122.41928,37.76502]},"properties":{"stop_id":"13292","stop_code":"13292","stop_name":"16th St & Mission St"}},{"type":"Feature","geometry":{"type":"Point","coordinates":[-122.41961,37.76515]},"properties":{"stop_id":"13291","stop_code":"13291","stop_name":"16th St & Mission St"}},{"type":"Feature","geometry":{"type":"Point","coordinates":[-122.41984,37.76498]},"properties":{"stop_id":"13293","stop_code":"13293","stop_name":"16th St & Mission St"}},{"type":"Feature","geometry":{"type":"Point","coordinates":[-122.39702,37.76638]},"properties":{"stop_id":"17763","stop_code":"17763","stop_name":"16th St & Missouri St"}},{"type":"Feature","geometry":{"type":"Point","coordinates":[-122.39253,37.76665]},"properties":{"stop_id":"17866","stop_code":"17866","stop_name":"16th St & Owen St"}},{"type":"Feature","geometry":{"type":"Point","coordinates":[-122.40761,37.76576]},"properties":{"stop_id":"13296","stop_code":"13296","stop_name":"16th St & Potrero Ave"}},{"type":"Feature","geometry":{"type":"Point","coordinates":[-122.40762,37.7658]},"properties":{"stop_id":"13295","stop_code":"13295","stop_name":"16th St & Potrero Ave"}},{"type":"Feature","geometry":{"type":"Point","coordinates":[-122.39089,37.76686]},"properties":{"stop_id":"17767","stop_code":"17767","stop_name":"16th Street & 4th Street"}},{"type":"Feature","geometry":{"type":"Point","coordinates":[-122.39701,37.76649]},"properties":{"stop_id":"17768","stop_code":"17768","stop_name":"16th Street & Missouri St"}},{"type":"Feature","geometry":{"type":"Point","coordinates":[-122.3928,37.76672]},"properties":{"stop_id":"17865","stop_code":"17865","stop_name":"16th Street & Owen St"}},{"type":"Feature","geometry":{"type":"Point","coordinates":[-122.40282,37.76611]},"properties":{"stop_id":"17770","stop_code":"17770","stop_name":"16th Street & Rhode Island St"}},{"type":"Feature","geometry":{"type":"Point","coordinates":[-122.39984,37.76629]},"properties":{"stop_id":"17769","stop_code":"17769","stop_name":"16th Street & Wisconsin St"}},{"type":"Feature","geometry":{"type":"Point","coordinates":[-122.40286,37.76599]},"properties":{"stop_id":"17761","stop_code":"17761","stop_name":"16th St& Rhode Island St"}},{"type":"Feature","geometry":{"type":"Point","coordinates":[-122.41605,37.76522]},"properties":{"stop_id":"13299","stop_code":"13299","stop_name":"16th St & Shotwell St"}},{"type":"Feature","geometry":{"type":"Point","coordinates":[-122.42175,37.76499]},"properties":{"stop_id":"13300","stop_code":"13300","stop_name":"16th St & Valencia St"}},{"type":"Feature","geometry":{"type":"Point","coordinates":[-122.42206,37.76485]},"properties":{"stop_id":"13301","stop_code":"13301","stop_name":"16th St & Valencia St"}},{"type":"Feature","geometry":{"type":"Point","coordinates":[-122.39991,37.7662]},"properties":{"stop_id":"17762","stop_code":"17762","stop_name":"16th St & Wisconsin St"}},{"type":"Feature","geometry":{"type":"Point","coordinates":[-122.47889,37.72594]},"properties":{"stop_id":"13799","stop_code":"13799","stop_name":"170 Buckingham Way"}},{"type":"Feature","geometry":{"type":"Point","coordinates":[-122.42627,37.71108]},"properties":{"stop_id":"14798","stop_code":"14798","stop_name":"1721 Geneva Ave"}},{"type":"Feature","geometry":{"type":"Point","coordinates":[-122.42576,37.71072]},"properties":{"stop_id":"14799","stop_code":"14799","stop_name":"1750 Geneva Ave"}},{"type":"Feature","geometry":{"type":"Point","coordinates":[-122.47383,37.74859]},"properties":{"stop_id":"17572","stop_code":"17572","stop_name":"17th Ave & Quintara St"}},{"type":"Feature","geometry":{"type":"Point","coordinates":[-122.47371,37.74674]},"properties":{"stop_id":"13305","stop_code":"13305","stop_name":"17th Ave & Rivera St"}},{"type":"Feature","geometry":{"type":"Point","coordinates":[-122.47391,37.74698]},"properties":{"stop_id":"13304","stop_code":"13304","stop_name":"17th Ave & Rivera St"}},{"type":"Feature","geometry":{"type":"Point","coordinates":[-122.47374,37.74511]},"properties":{"stop_id":"13306","stop_code":"13306","stop_name":"17th Ave & Santiago St"}},{"type":"Feature","geometry":{"type":"Point","coordinates":[-122.44768,37.76176]},"properties":{"stop_id":"13307","stop_code":"13307","stop_name":"17th St & Belvedere St"}},{"type":"Feature","geometry":{"type":"Point","coordinates":[-122.43498,37.76258]},"properties":{"stop_id":"13311","stop_code":"13311","stop_name":"17th St & Castro St"}},{"type":"Feature","geometry":{"type":"Point","coordinates":[-122.4467,37.76185]},"properties":{"stop_id":"13309","stop_code":"13309","stop_name":"17th St & Clayton St"}},{"type":"Feature","geometry":{"type":"Point","coordinates":[-122.44898,37.76168]},"properties":{"stop_id":"13310","stop_code":"13310","stop_name":"17th St & Cole St"}},{"type":"Feature","geometry":{"type":"Point","coordinates":[-122.43749,37.76241]},"properties":{"stop_id":"13314","stop_code":"13314","stop_name":"17th St & Diamond St"}},{"type":"Feature","geometry":{"type":"Point","coordinates":[-122.43299,37.76264]},"properties":{"stop_id":"13318","stop_code":"13318","stop_name":"17th St & Noe St"}},{"type":"Feature","geometry":{"type":"Point","coordinates":[-122.43484,37.76085]},"properties":{"stop_id":"13326","stop_code":"13326","stop_name":"18th St & Castro St"}},{"type":"Feature","geometry":{"type":"Point","coordinates":[-122.43515,37.76095]},"properties":{"stop_id":"13325","stop_code":"13325","stop_name":"18th St & Castro St"}},{"type":"Feature","geometry":{"type":"Point","coordinates":[-122.4282,37.76137]},"properties":{"stop_id":"13322","stop_code":"13322","stop_name":"18th St & Church St"}},{"type":"Feature","geometry":{"type":"Point","coordinates":[-122.42814,37.76125]},"properties":{"stop_id":"13323","stop_code":"13323","stop_name":"18th St & Church St"}},{"type":"Feature","geometry":{"type":"Point","coordinates":[-122.44349,37.76024]},"properties":{"stop_id":"13328","stop_code":"13328","stop_name":"18th St & Danvers St"}},{"type":"Feature","geometry":{"type":"Point","coordinates":[-122.44354,37.76035]},"properties":{"stop_id":"13327","stop_code":"13327","stop_name":"18th St & Danvers St"}},{"type":"Feature","geometry":{"type":"Point","coordinates":[-122.43729,37.7607]},"properties":{"stop_id":"13329","stop_code":"13329","stop_name":"18th St & Diamond St"}},{"type":"Feature","geometry":{"type":"Point","coordinates":[-122.42593,37.76139]},"properties":{"stop_id":"13331","stop_code":"13331","stop_name":"18th St & Dolores St"}},{"type":"Feature","geometry":{"type":"Point","coordinates":[-122.42624,37.76149]},"properties":{"stop_id":"13330","stop_code":"13330","stop_name":"18th St & Dolores St"}},{"type":"Feature","geometry":{"type":"Point","coordinates":[-122.43815,37.76076]},"properties":{"stop_id":"13332","stop_code":"13332","stop_name":"18th St & Eureka St"}},{"type":"Feature","geometry":{"type":"Point","coordinates":[-122.42396,37.76162]},"properties":{"stop_id":"13333","stop_code":"13333","stop_name":"18th St & Guerrero St"}},{"type":"Feature","geometry":{"type":"Point","coordinates":[-122.42365,37.76152]},"properties":{"stop_id":"13334","stop_code":"13334","stop_name":"18th St & Guerrero St"}},{"type":"Feature","geometry":{"type":"Point","coordinates":[-122.44078,37.76049]},"properties":{"stop_id":"13336","stop_code":"13336","stop_name":"18th St & Hattie St"}},{"type":"Feature","geometry":{"type":"Point","coordinates":[-122.44109,37.76059]},"properties":{"stop_id":"13335","stop_code":"13335","stop_name":"18th St & Hattie St"}},{"type":"Feature","geometry":{"type":"Point","coordinates":[-122.44445,37.75979]},"properties":{"stop_id":"13339","stop_code":"13339","stop_name":"18th St & Market St"}},{"type":"Feature","geometry":{"type":"Point","coordinates":[-122.41951,37.7619]},"properties":{"stop_id":"13338","stop_code":"13338","stop_name":"18th St & Mission St"}},{"type":"Feature","geometry":{"type":"Point","coordinates":[-122.43291,37.76096]},"properties":{"stop_id":"13341","stop_code":"13341","stop_name":"18th St & Noe St"}},{"type":"Feature","geometry":{"type":"Point","coordinates":[-122.43269,37.76109]},"properties":{"stop_id":"13340","stop_code":"13340","stop_name":"18th St & Noe St"}},{"type":"Feature","geometry":{"type":"Point","coordinates":[-122.43068,37.76109]},"properties":{"stop_id":"13345","stop_code":"13345","stop_name":"18th St & Sanchez St"}},{"type":"Feature","geometry":{"type":"Point","coordinates":[-122.43046,37.76123]},"properties":{"stop_id":"13344","stop_code":"13344","stop_name":"18th St & Sanchez St"}},{"type":"Feature","geometry":{"type":"Point","coordinates":[-122.42142,37.76166]},"properties":{"stop_id":"13349","stop_code":"13349","stop_name":"18th St & Valencia St"}},{"type":"Feature","geometry":{"type":"Point","coordinates":[-122.42173,37.76176]},"properties":{"stop_id":"13348","stop_code":"13348","stop_name":"18th St & Valencia St"}},{"type":"Feature","geometry":{"type":"Point","coordinates":[-122.47879,37.72587]},"properties":{"stop_id":"13800","stop_code":"13800","stop_name":"190 Buckingham Way"}},{"type":"Feature","geometry":{"type":"Point","coordinates":[-122.47523,37.7259]},"properties":{"stop_id":"13352","stop_code":"13352","stop_name":"19th Ave & Buckingham Way"}},{"type":"Feature","geometry":{"type":"Point","coordinates":[-122.47476,37.7313]},"properties":{"stop_id":"13355","stop_code":"13355","stop_name":"19th Ave & Eucalyptus Dr"}},{"type":"Feature","geometry":{"type":"Point","coordinates":[-122.47501,37.73081]},"properties":{"stop_id":"13354","stop_code":"13354","stop_name":"19th Ave & Eucalyptus Dr"}},{"type":"Feature","geometry":{"type":"Point","coordinates":[-122.4753,37.72111]},"properties":{"stop_id":"13356","stop_code":"13356","stop_name":"19th Ave & Holloway Ave"}},{"type":"Feature","geometry":{"type":"Point","coordinates":[-122.47518,37.72134]},"properties":{"stop_id":"17065","stop_code":"17065","stop_name":"19th Ave & Holloway Ave"}},{"type":"Feature","geometry":{"type":"Point","coordinates":[-122.47525,37.72134]},"properties":{"stop_id":"13358","stop_code":"13358","stop_name":"19th Ave & Holloway Ave"}},{"type":"Feature","geometry":{"type":"Point","coordinates":[-122.47704,37.76343]},"properties":{"stop_id":"13360","stop_code":"13360","stop_name":"19th Ave & Irving St"}},{"type":"Feature","geometry":{"type":"Point","coordinates":[-122.47731,37.76368]},"properties":{"stop_id":"13359","stop_code":"13359","stop_name":"19th Ave & Irving St"}},{"type":"Feature","geometry":{"type":"Point","coordinates":[-122.47711,37.7614]},"properties":{"stop_id":"13365","stop_code":"13365","stop_name":"19th Ave & Judah St"}},{"type":"Feature","geometry":{"type":"Point","coordinates":[-122.47696,37.76177]},"properties":{"stop_id":"13364","stop_code":"13364","stop_name":"19th Ave & Judah St"}},{"type":"Feature","geometry":{"type":"Point","coordinates":[-122.47318,37.71805]},"properties":{"stop_id":"13362","stop_code":"13362","stop_name":"19th Ave & Junipero Serra Blvd"}},{"type":"Feature","geometry":{"type":"Point","coordinates":[-122.47227,37.71689]},"properties":{"stop_id":"13361","stop_code":"13361","stop_name":"19th Ave & Junipero Serra Blvd"}},{"type":"Feature","geometry":{"type":"Point","coordinates":[-122.47297,37.71732]},"properties":{"stop_id":"13363","stop_code":"13363","stop_name":"19th Ave & Junipero Serra Blvd"}},{"type":"Feature","geometry":{"type":"Point","coordinates":[-122.47663,37.75808]},"properties":{"stop_id":"13368","stop_code":"13368","stop_name":"19th Ave & Lawton St"}},{"type":"Feature","geometry":{"type":"Point","coordinates":[-122.47678,37.75789]},"properties":{"stop_id":"13369","stop_code":"13369","stop_name":"19th Ave & Lawton St"}},{"type":"Feature","geometry":{"type":"Point","coordinates":[-122.4774,37.76537]},"properties":{"stop_id":"13371","stop_code":"13371","stop_name":"19th Ave & Lincoln Way"}},{"type":"Feature","geometry":{"type":"Point","coordinates":[-122.47653,37.75392]},"properties":{"stop_id":"13375","stop_code":"13375","stop_name":"19th Ave & Noriega St"}},{"type":"Feature","geometry":{"type":"Point","coordinates":[-122.47637,37.75432]},"properties":{"stop_id":"13374","stop_code":"13374","stop_name":"19th Ave & Noriega St"}},{"type":"Feature","geometry":{"type":"Point","coordinates":[-122.47515,37.72119]},"properties":{"stop_id":"10390","stop_code":"10390","stop_name":"19th Avenue & Holloway St"}},{"type":"Feature","geometry":{"type":"Point","coordinates":[-122.4764,37.75206]},"properties":{"stop_id":"13380","stop_code":"13380","stop_name":"19th Ave & Ortega St"}},{"type":"Feature","geometry":{"type":"Point","coordinates":[-122.47619,37.75272]},"properties":{"stop_id":"13379","stop_code":"13379","stop_name":"19th Ave & Ortega St"}},{"type":"Feature","geometry":{"type":"Point","coordinates":[-122.47614,37.7483]},"properties":{"stop_id":"13384","stop_code":"13384","stop_name":"19th Ave & Quintara St"}},{"type":"Feature","geometry":{"type":"Point","coordinates":[-122.4759,37.74853]},"properties":{"stop_id":"13383","stop_code":"13383","stop_name":"19th Ave & Quintara St"}},{"type":"Feature","geometry":{"type":"Point","coordinates":[-122.47167,37.7162]},"properties":{"stop_id":"13376","stop_code":"13376","stop_name":"19th Ave & Randolph St"}},{"type":"Feature","geometry":{"type":"Point","coordinates":[-122.47,37.71444]},"properties":{"stop_id":"13387","stop_code":"13387","stop_name":"19th Ave & Randolph St"}},{"type":"Feature","geometry":{"type":"Point","coordinates":[-122.47025,37.71486]},"properties":{"stop_id":"13385","stop_code":"13385","stop_name":"19th Ave & Randolph St"}},{"type":"Feature","geometry":{"type":"Point","coordinates":[-122.47601,37.74647]},"properties":{"stop_id":"13389","stop_code":"13389","stop_name":"19th Ave & Rivera St"}},{"type":"Feature","geometry":{"type":"Point","coordinates":[-122.47583,37.74715]},"properties":{"stop_id":"13388","stop_code":"13388","stop_name":"19th Ave & Rivera St"}},{"type":"Feature","geometry":{"type":"Point","coordinates":[-122.47497,37.73472]},"properties":{"stop_id":"13391","stop_code":"13391","stop_name":"19th Ave & Sloat Blvd"}},{"type":"Feature","geometry":{"type":"Point","coordinates":[-122.4752,37.73456]},"properties":{"stop_id":"13390","stop_code":"13390","stop_name":"19th Ave & Sloat Blvd"}},{"type":"Feature","geometry":{"type":"Point","coordinates":[-122.47574,37.74259]},"properties":{"stop_id":"13395","stop_code":"13395","stop_name":"19th Ave & Taraval St"}},{"type":"Feature","geometry":{"type":"Point","coordinates":[-122.47554,37.74331]},"properties":{"stop_id":"13394","stop_code":"13394","stop_name":"19th Ave & Taraval St"}},{"type":"Feature","geometry":{"type":"Point","coordinates":[-122.47531,37.73955]},"properties":{"stop_id":"13398","stop_code":"13398","stop_name":"19th Ave & Vicente St"}},{"type":"Feature","geometry":{"type":"Point","coordinates":[-122.47553,37.73901]},"properties":{"stop_id":"13399","stop_code":"13399","stop_name":"19th Ave & Vicente St"}},{"type":"Feature","geometry":{"type":"Point","coordinates":[-122.47494,37.72702]},"properties":{"stop_id":"13403","stop_code":"13403","stop_name":"19th Ave & Winston Dr"}},{"type":"Feature","geometry":{"type":"Point","coordinates":[-122.47485,37.7272]},"properties":{"stop_id":"17449","stop_code":"17449","stop_name":"19th Ave & Winston Dr"}},{"type":"Feature","geometry":{"type":"Point","coordinates":[-122.47468,37.72719]},"properties":{"stop_id":"13402","stop_code":"13402","stop_name":"19th Ave & Winston Dr"}},{"type":"Feature","geometry":{"type":"Point","coordinates":[-122.4751,37.72726]},"properties":{"stop_id":"17448","stop_code":"17448","stop_name":"19th Ave & Winston Dr"}},{"type":"Feature","geometry":{"type":"Point","coordinates":[-122.40419,37.74462]},"properties":{"stop_id":"17887","stop_code":"17887","stop_name":"201 Bayshore Blvd E"}},{"type":"Feature","geometry":{"type":"Point","coordinates":[-122.4761,37.72925]},"properties":{"stop_id":"17211","stop_code":"17211","stop_name":"20th Ave/Stonestown Mall"}},{"type":"Feature","geometry":{"type":"Point","coordinates":[-122.47594,37.72687]},"properties":{"stop_id":"13408","stop_code":"13408","stop_name":"20th Ave & Winston Dr"}},{"type":"Feature","geometry":{"type":"Point","coordinates":[-122.47613,37.72634]},"properties":{"stop_id":"13409","stop_code":"13409","stop_name":"20th Ave & Winston Dr"}},{"type":"Feature","geometry":{"type":"Point","coordinates":[-122.47595,37.72956]},"properties":{"stop_id":"13406","stop_code":"13406","stop_name":"20th Av/Stonestown Mall"}},{"type":"Feature","geometry":{"type":"Point","coordinates":[-122.38871,37.76054]},"properties":{"stop_id":"13410","stop_code":"13410","stop_name":"20th St & 3rd St"}},{"type":"Feature","geometry":{"type":"Point","coordinates":[-122.43597,37.75768]},"properties":{"stop_id":"13414","stop_code":"13414","stop_name":"20th St & Collingwood St"}},{"type":"Feature","geometry":{"type":"Point","coordinates":[-122.43787,37.75756]},"properties":{"stop_id":"13415","stop_code":"13415","stop_name":"20th St & Eureka St"}},{"type":"Feature","geometry":{"type":"Point","coordinates":[-122.39617,37.76009]},"properties":{"stop_id":"18064","stop_code":"18064","stop_name":"20th St & Missouri St"}},{"type":"Feature","geometry":{"type":"Point","coordinates":[-122.39641,37.75995]},"properties":{"stop_id":"18045","stop_code":"18045","stop_name":"20th St & Missouri St"}},{"type":"Feature","geometry":{"type":"Point","coordinates":[-122.39353,37.76015]},"properties":{"stop_id":"18046","stop_code":"18046","stop_name":"20th St & Pennsylvania Ave"}},{"type":"Feature","geometry":{"type":"Point","coordinates":[-122.44284,37.7618]},"properties":{"stop_id":"14162","stop_code":"14162","stop_name":"210 Corbett Ave"}},{"type":"Feature","geometry":{"type":"Point","coordinates":[-122.44294,37.76165]},"properties":{"stop_id":"14163","stop_code":"14163","stop_name":"211 Corbett Ave"}},{"type":"Feature","geometry":{"type":"Point","coordinates":[-122.43901,37.75536]},"properties":{"stop_id":"13424","stop_code":"13424","stop_name":"21st St & Douglass St"}},{"type":"Feature","geometry":{"type":"Point","coordinates":[-122.40664,37.80299]},"properties":{"stop_id":"16653","stop_code":"16653","stop_name":"225 Telegraph Hill Blvd"}},{"type":"Feature","geometry":{"type":"Point","coordinates":[-122.40679,37.80301]},"properties":{"stop_id":"16652","stop_code":"16652","stop_name":"225 Telegraph Hill Blvd"}},{"type":"Feature","geometry":{"type":"Point","coordinates":[-122.48027,37.76368]},"properties":{"stop_id":"13425","stop_code":"13425","stop_name":"22nd Ave & Irving St"}},{"type":"Feature","geometry":{"type":"Point","coordinates":[-122.48011,37.76146]},"properties":{"stop_id":"13426","stop_code":"13426","stop_name":"22nd Ave & Judah St"}},{"type":"Feature","geometry":{"type":"Point","coordinates":[-122.47998,37.75959]},"properties":{"stop_id":"13427","stop_code":"13427","stop_name":"22nd Ave & Kirkham St"}},{"type":"Feature","geometry":{"type":"Point","coordinates":[-122.47985,37.75775]},"properties":{"stop_id":"13428","stop_code":"13428","stop_name":"22nd Ave & Lawton St"}},{"type":"Feature","geometry":{"type":"Point","coordinates":[-122.48037,37.76519]},"properties":{"stop_id":"13429","stop_code":"13429","stop_name":"22nd Ave & Lincoln Way"}},{"type":"Feature","geometry":{"type":"Point","coordinates":[-122.47971,37.7559]},"properties":{"stop_id":"13430","stop_code":"13430","stop_name":"22nd Ave & Moraga St"}},{"type":"Feature","geometry":{"type":"Point","coordinates":[-122.47961,37.75434]},"properties":{"stop_id":"13431","stop_code":"13431","stop_name":"22nd Ave & Noriega St"}},{"type":"Feature","geometry":{"type":"Point","coordinates":[-122.38752,37.75796]},"properties":{"stop_id":"18133","stop_code":"18133","stop_name":"22nd St & Illinois St"}},{"type":"Feature","geometry":{"type":"Point","coordinates":[-122.39231,37.75767]},"properties":{"stop_id":"13439","stop_code":"13439","stop_name":"22nd St & Iowa St"}},{"type":"Feature","geometry":{"type":"Point","coordinates":[-122.39227,37.75775]},"properties":{"stop_id":"13435","stop_code":"13435","stop_name":"22nd St & Iowa St"}},{"type":"Feature","geometry":{"type":"Point","coordinates":[-122.39008,37.75787]},"properties":{"stop_id":"13436","stop_code":"13436","stop_name":"22nd St & Minnesota St"}},{"type":"Feature","geometry":{"type":"Point","coordinates":[-122.39027,37.75781]},"properties":{"stop_id":"13437","stop_code":"13437","stop_name":"22nd St & Minnesota St"}},{"type":"Feature","geometry":{"type":"Point","coordinates":[-122.48148,37.76313]},"properties":{"stop_id":"13441","stop_code":"13441","stop_name":"23rd Ave & Irving St"}},{"type":"Feature","geometry":{"type":"Point","coordinates":[-122.48138,37.76161]},"properties":{"stop_id":"13442","stop_code":"13442","stop_name":"23rd Ave & Judah St"}},{"type":"Feature","geometry":{"type":"Point","coordinates":[-122.48124,37.75973]},"properties":{"stop_id":"13443","stop_code":"13443","stop_name":"23rd Ave & Kirkham St"}},{"type":"Feature","geometry":{"type":"Point","coordinates":[-122.48111,37.75787]},"properties":{"stop_id":"13444","stop_code":"13444","stop_name":"23rd Ave & Lawton St"}},{"type":"Feature","geometry":{"type":"Point","coordinates":[-122.48161,37.76503]},"properties":{"stop_id":"13445","stop_code":"13445","stop_name":"23rd Ave & Lincoln Way"}},{"type":"Feature","geometry":{"type":"Point","coordinates":[-122.48099,37.75601]},"properties":{"stop_id":"13446","stop_code":"13446","stop_name":"23rd Ave & Moraga St"}},{"type":"Feature","geometry":{"type":"Point","coordinates":[-122.48086,37.75414]},"properties":{"stop_id":"13447","stop_code":"13447","stop_name":"23rd Ave & Noriega St"}},{"type":"Feature","geometry":{"type":"Point","coordinates":[-122.38781,37.75548]},"properties":{"stop_id":"18134","stop_code":"18134","stop_name":"23rd St & 3rd St"}},{"type":"Feature","geometry":{"type":"Point","coordinates":[-122.40267,37.75445]},"properties":{"stop_id":"13450","stop_code":"13450","stop_name":"23rd St & Kansas St"}},{"type":"Feature","geometry":{"type":"Point","coordinates":[-122.40169,37.75451]},"properties":{"stop_id":"13452","stop_code":"13452","stop_name":"23rd St & Rhode Island St"}},{"type":"Feature","geometry":{"type":"Point","coordinates":[-122.40494,37.75442]},"properties":{"stop_id":"13453","stop_code":"13453","stop_name":"23rd St & Utah St"}},{"type":"Feature","geometry":{"type":"Point","coordinates":[-122.4053,37.7543]},"properties":{"stop_id":"13454","stop_code":"13454","stop_name":"23rd St & Utah St"}},{"type":"Feature","geometry":{"type":"Point","coordinates":[-122.40363,37.7544]},"properties":{"stop_id":"13456","stop_code":"13456","stop_name":"23rd St & Vermont St"}},{"type":"Feature","geometry":{"type":"Point","coordinates":[-122.40391,37.75448]},"properties":{"stop_id":"13455","stop_code":"13455","stop_name":"23rd St & Vermont St"}},{"type":"Feature","geometry":{"type":"Point","coordinates":[-122.40458,37.74435]},"properties":{"stop_id":"13768","stop_code":"13768","stop_name":"240 Bayshore Blvd"}},{"type":"Feature","geometry":{"type":"Point","coordinates":[-122.40897,37.75276]},"properties":{"stop_id":"13459","stop_code":"13459","stop_name":"24th St & Bryant St"}},{"type":"Feature","geometry":{"type":"Point","coordinates":[-122.40928,37.75285]},"properties":{"stop_id":"13458","stop_code":"13458","stop_name":"24th St & Bryant St"}},{"type":"Feature","geometry":{"type":"Point","coordinates":[-122.43425,37.75136]},"properties":{"stop_id":"13462","stop_code":"13462","stop_name":"24th St & Castro St"}},{"type":"Feature","geometry":{"type":"Point","coordinates":[-122.43394,37.75126]},"properties":{"stop_id":"13463","stop_code":"13463","stop_name":"24th St & Castro St"}},{"type":"Feature","geometry":{"type":"Point","coordinates":[-122.42754,37.75164]},"properties":{"stop_id":"13461","stop_code":"13461","stop_name":"24th St & Church St"}},{"type":"Feature","geometry":{"type":"Point","coordinates":[-122.42733,37.75178]},"properties":{"stop_id":"13460","stop_code":"13460","stop_name":"24th St & Church St"}},{"type":"Feature","geometry":{"type":"Point","coordinates":[-122.4364,37.75109]},"properties":{"stop_id":"13465","stop_code":"13465","stop_name":"24th St & Diamond St"}},{"type":"Feature","geometry":{"type":"Point","coordinates":[-122.42531,37.7519]},"properties":{"stop_id":"13466","stop_code":"13466","stop_name":"24th St & Dolores St"}},{"type":"Feature","geometry":{"type":"Point","coordinates":[-122.42526,37.75179]},"properties":{"stop_id":"13467","stop_code":"13467","stop_name":"24th St & Dolores St"}},{"type":"Feature","geometry":{"type":"Point","coordinates":[-122.43836,37.7511]},"properties":{"stop_id":"13468","stop_code":"13468","stop_name":"24th St & Douglass St"}},{"type":"Feature","geometry":{"type":"Point","coordinates":[-122.41424,37.75256]},"properties":{"stop_id":"13469","stop_code":"13469","stop_name":"24th St & Folsom St"}},{"type":"Feature","geometry":{"type":"Point","coordinates":[-122.41393,37.75246]},"properties":{"stop_id":"13470","stop_code":"13470","stop_name":"24th St & Folsom St"}},{"type":"Feature","geometry":{"type":"Point","coordinates":[-122.42277,37.75205]},"properties":{"stop_id":"13471","stop_code":"13471","stop_name":"24th St & Guerrero St"}},{"type":"Feature","geometry":{"type":"Point","coordinates":[-122.42298,37.75191]},"properties":{"stop_id":"13472","stop_code":"13472","stop_name":"24th St & Guerrero St"}},{"type":"Feature","geometry":{"type":"Point","coordinates":[-122.41174,37.75259]},"properties":{"stop_id":"13474","stop_code":"13474","stop_name":"24th St & Harrison St"}},{"type":"Feature","geometry":{"type":"Point","coordinates":[-122.41205,37.75269]},"properties":{"stop_id":"13473","stop_code":"13473","stop_name":"24th St & Harrison St"}},{"type":"Feature","geometry":{"type":"Point","coordinates":[-122.4405,37.75098]},"properties":{"stop_id":"13475","stop_code":"13475","stop_name":"24th St & Hoffman Ave"}},{"type":"Feature","geometry":{"type":"Point","coordinates":[-122.41855,37.75218]},"properties":{"stop_id":"13477","stop_code":"13477","stop_name":"24th St & Mission St"}},{"type":"Feature","geometry":{"type":"Point","coordinates":[-122.41833,37.75232]},"properties":{"stop_id":"13476","stop_code":"13476","stop_name":"24th St & Mission St"}},{"type":"Feature","geometry":{"type":"Point","coordinates":[-122.43177,37.75151]},"properties":{"stop_id":"13478","stop_code":"13478","stop_name":"24th St & Noe St"}},{"type":"Feature","geometry":{"type":"Point","coordinates":[-122.43199,37.75138]},"properties":{"stop_id":"17263","stop_code":"17263","stop_name":"24th St & Noe St"}},{"type":"Feature","geometry":{"type":"Point","coordinates":[-122.40669,37.75299]},"properties":{"stop_id":"13480","stop_code":"13480","stop_name":"24th St & Potrero Ave"}},{"type":"Feature","geometry":{"type":"Point","coordinates":[-122.42977,37.75151]},"properties":{"stop_id":"13482","stop_code":"13482","stop_name":"24th St & Sanchez St"}},{"type":"Feature","geometry":{"type":"Point","coordinates":[-122.42955,37.75165]},"properties":{"stop_id":"13481","stop_code":"13481","stop_name":"24th St & Sanchez St"}},{"type":"Feature","geometry":{"type":"Point","coordinates":[-122.41616,37.75245]},"properties":{"stop_id":"13483","stop_code":"13483","stop_name":"24th St & South Van Ness Ave"}},{"type":"Feature","geometry":{"type":"Point","coordinates":[-122.41637,37.75231]},"properties":{"stop_id":"13484","stop_code":"13484","stop_name":"24th St & South Van Ness Ave"}},{"type":"Feature","geometry":{"type":"Point","coordinates":[-122.42056,37.75218]},"properties":{"stop_id":"13485","stop_code":"13485","stop_name":"24th St & Valencia St"}},{"type":"Feature","geometry":{"type":"Point","coordinates":[-122.42051,37.75206]},"properties":{"stop_id":"13486","stop_code":"13486","stop_name":"24th St & Valencia St"}},{"type":"Feature","geometry":{"type":"Point","coordinates":[-122.48436,37.77619]},"properties":{"stop_id":"13490","stop_code":"13490","stop_name":"25th Ave & Balboa St"}},{"type":"Feature","geometry":{"type":"Point","coordinates":[-122.48456,37.77642]},"properties":{"stop_id":"13489","stop_code":"13489","stop_name":"25th Ave & Balboa St"}},{"type":"Feature","geometry":{"type":"Point","coordinates":[-122.48508,37.78361]},"properties":{"stop_id":"18135","stop_code":"18135","stop_name":"25th Ave & California St"}},{"type":"Feature","geometry":{"type":"Point","coordinates":[-122.4851,37.784]},"properties":{"stop_id":"13491","stop_code":"13491","stop_name":"25th Ave & California St"}},{"type":"Feature","geometry":{"type":"Point","coordinates":[-122.48485,37.78381]},"properties":{"stop_id":"13492","stop_code":"13492","stop_name":"25th Ave & California St"}},{"type":"Feature","geometry":{"type":"Point","coordinates":[-122.48498,37.78215]},"properties":{"stop_id":"13495","stop_code":"13495","stop_name":"25th Ave & Clement St"}},{"type":"Feature","geometry":{"type":"Point","coordinates":[-122.48471,37.78195]},"properties":{"stop_id":"13496","stop_code":"13496","stop_name":"25th Ave & Clement St"}},{"type":"Feature","geometry":{"type":"Point","coordinates":[-122.48536,37.78737]},"properties":{"stop_id":"13498","stop_code":"13498","stop_name":"25th Ave & El Camino Del Mar"}},{"type":"Feature","geometry":{"type":"Point","coordinates":[-122.48514,37.78754]},"properties":{"stop_id":"13497","stop_code":"13497","stop_name":"25th Ave & El Camino Del Mar"}},{"type":"Feature","geometry":{"type":"Point","coordinates":[-122.4843,37.77269]},"properties":{"stop_id":"13499","stop_code":"13499","stop_name":"25th Ave & Fulton St"}},{"type":"Feature","geometry":{"type":"Point","coordinates":[-122.48484,37.78025]},"properties":{"stop_id":"13500","stop_code":"13500","stop_name":"25th Ave & Geary Blvd"}},{"type":"Feature","geometry":{"type":"Point","coordinates":[-122.48462,37.77992]},"properties":{"stop_id":"13501","stop_code":"13501","stop_name":"25th Ave & Geary Blvd"}},{"type":"Feature","geometry":{"type":"Point","coordinates":[-122.39469,37.75235]},"properties":{"stop_id":"17525","stop_code":"17525","stop_name":"25th Avenue & Dakota Street"}},{"type":"Feature","geometry":{"type":"Point","coordinates":[-122.39634,37.75236]},"properties":{"stop_id":"13504","stop_code":"13504","stop_name":"25th St & Connecticut St"}},{"type":"Feature","geometry":{"type":"Point","coordinates":[-122.39662,37.75224]},"properties":{"stop_id":"13505","stop_code":"13505","stop_name":"25th St & Connecticut St"}},{"type":"Feature","geometry":{"type":"Point","coordinates":[-122.39483,37.7525]},"properties":{"stop_id":"13507","stop_code":"13507","stop_name":"25th St & Dakota St"}},{"type":"Feature","geometry":{"type":"Point","coordinates":[-122.43162,37.74973]},"properties":{"stop_id":"13510","stop_code":"13510","stop_name":"25th St & Noe St"}},{"type":"Feature","geometry":{"type":"Point","coordinates":[-122.40668,37.75141]},"properties":{"stop_id":"13511","stop_code":"13511","stop_name":"25th St & Potrero Ave"}},{"type":"Feature","geometry":{"type":"Point","coordinates":[-122.39831,37.75224]},"properties":{"stop_id":"13512","stop_code":"13512","stop_name":"25th St & Wisconsin St"}},{"type":"Feature","geometry":{"type":"Point","coordinates":[-122.43363,37.74815]},"properties":{"stop_id":"13514","stop_code":"13514","stop_name":"26th St & Castro St"}},{"type":"Feature","geometry":{"type":"Point","coordinates":[-122.40015,37.75086]},"properties":{"stop_id":"13516","stop_code":"13516","stop_name":"26th St & De Haro St"}},{"type":"Feature","geometry":{"type":"Point","coordinates":[-122.40002,37.75075]},"properties":{"stop_id":"13517","stop_code":"13517","stop_name":"26th St & De Haro St"}},{"type":"Feature","geometry":{"type":"Point","coordinates":[-122.43177,37.74827]},"properties":{"stop_id":"13520","stop_code":"13520","stop_name":"26th St & Noe St"}},{"type":"Feature","geometry":{"type":"Point","coordinates":[-122.43164,37.74817]},"properties":{"stop_id":"13521","stop_code":"13521","stop_name":"26th St & Noe St"}},{"type":"Feature","geometry":{"type":"Point","coordinates":[-122.40112,37.75072]},"properties":{"stop_id":"13522","stop_code":"13522","stop_name":"26th St & Rhode Island St"}},{"type":"Feature","geometry":{"type":"Point","coordinates":[-122.39866,37.75111]},"properties":{"stop_id":"13524","stop_code":"13524","stop_name":"26th St & Wisconsin St"}},{"type":"Feature","geometry":{"type":"Point","coordinates":[-122.46156,37.71144]},"properties":{"stop_id":"16321","stop_code":"16321","stop_name":"274 Sagamore St"}},{"type":"Feature","geometry":{"type":"Point","coordinates":[-122.48004,37.72691]},"properties":{"stop_id":"13801","stop_code":"13801","stop_name":"280 Buckingham Way"}},{"type":"Feature","geometry":{"type":"Point","coordinates":[-122.48004,37.72748]},"properties":{"stop_id":"13802","stop_code":"13802","stop_name":"281 Buckingham Way"}},{"type":"Feature","geometry":{"type":"Point","coordinates":[-122.48611,37.73896]},"properties":{"stop_id":"13525","stop_code":"13525","stop_name":"29th Ave & Vicente St"}},{"type":"Feature","geometry":{"type":"Point","coordinates":[-122.49006,37.78077]},"properties":{"stop_id":"17836","stop_code":"17836","stop_name":"30th Ave & Geary Blvd"}},{"type":"Feature","geometry":{"type":"Point","coordinates":[-122.48793,37.74808]},"properties":{"stop_id":"13527","stop_code":"13527","stop_name":"30th Ave & Quintara St"}},{"type":"Feature","geometry":{"type":"Point","coordinates":[-122.4878,37.74799]},"properties":{"stop_id":"13526","stop_code":"13526","stop_name":"30th Ave & Quintara St"}},{"type":"Feature","geometry":{"type":"Point","coordinates":[-122.48767,37.74616]},"properties":{"stop_id":"13529","stop_code":"13529","stop_name":"30th Ave & Rivera St"}},{"type":"Feature","geometry":{"type":"Point","coordinates":[-122.4878,37.74636]},"properties":{"stop_id":"13528","stop_code":"13528","stop_name":"30th Ave & Rivera St"}},{"type":"Feature","geometry":{"type":"Point","coordinates":[-122.48765,37.74451]},"properties":{"stop_id":"13530","stop_code":"13530","stop_name":"30th Ave & Santiago St"}},{"type":"Feature","geometry":{"type":"Point","coordinates":[-122.48756,37.74427]},"properties":{"stop_id":"13531","stop_code":"13531","stop_name":"30th Ave & Santiago St"}},{"type":"Feature","geometry":{"type":"Point","coordinates":[-122.48754,37.74265]},"properties":{"stop_id":"13532","stop_code":"13532","stop_name":"30th Ave & Taraval St"}},{"type":"Feature","geometry":{"type":"Point","coordinates":[-122.48743,37.74241]},"properties":{"stop_id":"13533","stop_code":"13533","stop_name":"30th Ave & Taraval St"}},{"type":"Feature","geometry":{"type":"Point","coordinates":[-122.48739,37.74077]},"properties":{"stop_id":"13534","stop_code":"13534","stop_name":"30th Ave & Ulloa St"}},{"type":"Feature","geometry":{"type":"Point","coordinates":[-122.42637,37.74216]},"properties":{"stop_id":"13535","stop_code":"13535","stop_name":"30th St & Church St"}},{"type":"Feature","geometry":{"type":"Point","coordinates":[-122.42676,37.74204]},"properties":{"stop_id":"13536","stop_code":"13536","stop_name":"30th St & Church St"}},{"type":"Feature","geometry":{"type":"Point","coordinates":[-122.42403,37.7423]},"properties":{"stop_id":"13537","stop_code":"13537","stop_name":"30th St & Dolores St"}},{"type":"Feature","geometry":{"type":"Point","coordinates":[-122.42446,37.74217]},"properties":{"stop_id":"13538","stop_code":"13538","stop_name":"30th St & Dolores St"}},{"type":"Feature","geometry":{"type":"Point","coordinates":[-122.42217,37.74231]},"properties":{"stop_id":"13541","stop_code":"13541","stop_name":"30th St & Mission St"}},{"type":"Feature","geometry":{"type":"Point","coordinates":[-122.42204,37.74241]},"properties":{"stop_id":"13540","stop_code":"13540","stop_name":"30th St & Mission St"}},{"type":"Feature","geometry":{"type":"Point","coordinates":[-122.43079,37.74188]},"properties":{"stop_id":"13542","stop_code":"13542","stop_name":"30th St & Noe St"}},{"type":"Feature","geometry":{"type":"Point","coordinates":[-122.42902,37.74191]},"properties":{"stop_id":"13544","stop_code":"13544","stop_name":"30th St & Sanchez St"}},{"type":"Feature","geometry":{"type":"Point","coordinates":[-122.4286,37.74202]},"properties":{"stop_id":"13543","stop_code":"13543","stop_name":"30th St & Sanchez St"}},{"type":"Feature","geometry":{"type":"Point","coordinates":[-122.44533,37.75993]},"properties":{"stop_id":"14164","stop_code":"14164","stop_name":"328 Corbett Ave"}},{"type":"Feature","geometry":{"type":"Point","coordinates":[-122.492,37.77774]},"properties":{"stop_id":"17837","stop_code":"17837","stop_name":"32nd Ave & Anza St"}},{"type":"Feature","geometry":{"type":"Point","coordinates":[-122.49244,37.78342]},"properties":{"stop_id":"13546","stop_code":"13546","stop_name":"32nd Ave & California St"}},{"type":"Feature","geometry":{"type":"Point","coordinates":[-122.49255,37.78343]},"properties":{"stop_id":"13547","stop_code":"13547","stop_name":"32nd Ave & California St"}},{"type":"Feature","geometry":{"type":"Point","coordinates":[-122.49242,37.7818]},"properties":{"stop_id":"13549","stop_code":"13549","stop_name":"32nd Ave & Clement St"}},{"type":"Feature","geometry":{"type":"Point","coordinates":[-122.49233,37.782]},"properties":{"stop_id":"13548","stop_code":"13548","stop_name":"32nd Ave & Clement St"}},{"type":"Feature","geometry":{"type":"Point","coordinates":[-122.4923,37.77994]},"properties":{"stop_id":"13550","stop_code":"13550","stop_name":"32nd Ave & Geary Blvd"}},{"type":"Feature","geometry":{"type":"Point","coordinates":[-122.43219,37.73683]},"properties":{"stop_id":"15634","stop_code":"15634","stop_name":"33 Moffitt St"}},{"type":"Feature","geometry":{"type":"Point","coordinates":[-122.49308,37.77769]},"properties":{"stop_id":"13552","stop_code":"13552","stop_name":"33rd Ave & Anza St"}},{"type":"Feature","geometry":{"type":"Point","coordinates":[-122.49325,37.77786]},"properties":{"stop_id":"13551","stop_code":"13551","stop_name":"33rd Ave & Anza St"}},{"type":"Feature","geometry":{"type":"Point","coordinates":[-122.49297,37.77603]},"properties":{"stop_id":"13553","stop_code":"13553","stop_name":"33rd Ave & Balboa St"}},{"type":"Feature","geometry":{"type":"Point","coordinates":[-122.49313,37.776]},"properties":{"stop_id":"13554","stop_code":"13554","stop_name":"33rd Ave & Balboa St"}},{"type":"Feature","geometry":{"type":"Point","coordinates":[-122.49352,37.7815]},"properties":{"stop_id":"13556","stop_code":"13556","stop_name":"33rd Ave & Clement St"}},{"type":"Feature","geometry":{"type":"Point","coordinates":[-122.49335,37.78154]},"properties":{"stop_id":"13555","stop_code":"13555","stop_name":"33rd Ave & Clement St"}},{"type":"Feature","geometry":{"type":"Point","coordinates":[-122.49322,37.77955]},"properties":{"stop_id":"13559","stop_code":"13559","stop_name":"33rd Ave & Geary Blvd"}},{"type":"Feature","geometry":{"type":"Point","coordinates":[-122.49323,37.77981]},"properties":{"stop_id":"13557","stop_code":"13557","stop_name":"33rd Ave & Geary Blvd"}},{"type":"Feature","geometry":{"type":"Point","coordinates":[-122.49339,37.77981]},"properties":{"stop_id":"13558","stop_code":"13558","stop_name":"33rd Ave & Geary Blvd"}},{"type":"Feature","geometry":{"type":"Point","coordinates":[-122.49338,37.77957]},"properties":{"stop_id":"13560","stop_code":"13560","stop_name":"33rd Ave & Geary Blvd"}},{"type":"Feature","geometry":{"type":"Point","coordinates":[-122.44508,37.75991]},"properties":{"stop_id":"14165","stop_code":"14165","stop_name":"341 Corbett Ave"}},{"type":"Feature","geometry":{"type":"Point","coordinates":[-122.46131,37.7554]},"properties":{"stop_id":"16908","stop_code":"16908","stop_name":"345 Warren Dr E"}},{"type":"Feature","geometry":{"type":"Point","coordinates":[-122.40438,37.71705]},"properties":{"stop_id":"16942","stop_code":"16942","stop_name":"356 Wilde Ave"}},{"type":"Feature","geometry":{"type":"Point","coordinates":[-122.49537,37.76456]},"properties":{"stop_id":"13561","stop_code":"13561","stop_name":"36th Ave & Lincoln Way"}},{"type":"Feature","geometry":{"type":"Point","coordinates":[-122.49662,37.76436]},"properties":{"stop_id":"13562","stop_code":"13562","stop_name":"37th Ave & Lincoln Way"}},{"type":"Feature","geometry":{"type":"Point","coordinates":[-122.49556,37.7513]},"properties":{"stop_id":"17835","stop_code":"17835","stop_name":"37th Ave & Ortega St"}},{"type":"Feature","geometry":{"type":"Point","coordinates":[-122.40061,37.71479]},"properties":{"stop_id":"16348","stop_code":"16348","stop_name":"3800 San Bruno Ave"}},{"type":"Feature","geometry":{"type":"Point","coordinates":[-122.39994,37.71482]},"properties":{"stop_id":"16350","stop_code":"16350","stop_name":"3801 San Bruno Ave"}},{"type":"Feature","geometry":{"type":"Point","coordinates":[-122.49742,37.74762]},"properties":{"stop_id":"13563","stop_code":"13563","stop_name":"39th Ave & Quintara St"}},{"type":"Feature","geometry":{"type":"Point","coordinates":[-122.49747,37.74596]},"properties":{"stop_id":"13565","stop_code":"13565","stop_name":"39th Ave & Rivera St"}},{"type":"Feature","geometry":{"type":"Point","coordinates":[-122.49731,37.74596]},"properties":{"stop_id":"13564","stop_code":"13564","stop_name":"39th Ave & Rivera St"}},{"type":"Feature","geometry":{"type":"Point","coordinates":[-122.38846,37.76079]},"properties":{"stop_id":"13103","stop_code":"13103","stop_name":"3rd St & 20th St"}},{"type":"Feature","geometry":{"type":"Point","coordinates":[-122.3887,37.76059]},"properties":{"stop_id":"13104","stop_code":"13104","stop_name":"3rd St & 20th St"}},{"type":"Feature","geometry":{"type":"Point","coordinates":[-122.38824,37.75807]},"properties":{"stop_id":"17473","stop_code":"17473","stop_name":"3rd St & 22nd St"}},{"type":"Feature","geometry":{"type":"Point","coordinates":[-122.3879,37.75569]},"properties":{"stop_id":"13107","stop_code":"13107","stop_name":"3rd St & 23rd St"}},{"type":"Feature","geometry":{"type":"Point","coordinates":[-122.3881,37.75506]},"properties":{"stop_id":"13108","stop_code":"13108","stop_name":"3rd St & 23rd St"}},{"type":"Feature","geometry":{"type":"Point","coordinates":[-122.38979,37.77262]},"properties":{"stop_id":"13016","stop_code":"13016","stop_name":"3rd St & 4th St"}},{"type":"Feature","geometry":{"type":"Point","coordinates":[-122.39173,37.7322]},"properties":{"stop_id":"13113","stop_code":"13113","stop_name":"3rd St & Bayview St"}},{"type":"Feature","geometry":{"type":"Point","coordinates":[-122.39319,37.77929]},"properties":{"stop_id":"13114","stop_code":"13114","stop_name":"3rd St & Brannan St"}},{"type":"Feature","geometry":{"type":"Point","coordinates":[-122.3962,37.78165]},"properties":{"stop_id":"13144","stop_code":"13144","stop_name":"3rd St & Bryant St"}},{"type":"Feature","geometry":{"type":"Point","coordinates":[-122.3942,37.7253]},"properties":{"stop_id":"13116","stop_code":"13116","stop_name":"3rd St & Carroll Ave"}},{"type":"Feature","geometry":{"type":"Point","coordinates":[-122.3943,37.72567]},"properties":{"stop_id":"13115","stop_code":"13115","stop_name":"3rd St & Carroll Ave"}},{"type":"Feature","geometry":{"type":"Point","coordinates":[-122.38815,37.74244]},"properties":{"stop_id":"13123","stop_code":"13123","stop_name":"3rd St & Evans Ave"}},{"type":"Feature","geometry":{"type":"Point","coordinates":[-122.39524,37.72313]},"properties":{"stop_id":"17320","stop_code":"17320","stop_name":"3rd St & Fitzgerald Ave"}},{"type":"Feature","geometry":{"type":"Point","coordinates":[-122.39933,37.7842]},"properties":{"stop_id":"13124","stop_code":"13124","stop_name":"3rd St & Folsom St"}},{"type":"Feature","geometry":{"type":"Point","coordinates":[-122.38938,37.76871]},"properties":{"stop_id":"17324","stop_code":"17324","stop_name":"3rd St & Gene Friend Way"}},{"type":"Feature","geometry":{"type":"Point","coordinates":[-122.3887,37.74012]},"properties":{"stop_id":"13127","stop_code":"13127","stop_name":"3rd St & Hudson Ave"}},{"type":"Feature","geometry":{"type":"Point","coordinates":[-122.38926,37.73932]},"properties":{"stop_id":"13129","stop_code":"13129","stop_name":"3rd St & Innes Ave"}},{"type":"Feature","geometry":{"type":"Point","coordinates":[-122.38962,37.73793]},"properties":{"stop_id":"13135","stop_code":"13135","stop_name":"3rd St & Kirkwood Ave"}},{"type":"Feature","geometry":{"type":"Point","coordinates":[-122.3898,37.73721]},"properties":{"stop_id":"13134","stop_code":"13134","stop_name":"3rd St & La Salle Ave"}},{"type":"Feature","geometry":{"type":"Point","coordinates":[-122.40211,37.78637]},"properties":{"stop_id":"13136","stop_code":"13136","stop_name":"3rd St & Mission St"}},{"type":"Feature","geometry":{"type":"Point","coordinates":[-122.39072,37.73479]},"properties":{"stop_id":"13143","stop_code":"13143","stop_name":"3rd St & Oakdale Ave"}},{"type":"Feature","geometry":{"type":"Point","coordinates":[-122.39093,37.73409]},"properties":{"stop_id":"13141","stop_code":"13141","stop_name":"3rd St & Palou Ave"}},{"type":"Feature","geometry":{"type":"Point","coordinates":[-122.39584,37.72226]},"properties":{"stop_id":"17171","stop_code":"17171","stop_name":"3rd St & Paul Ave"}},{"type":"Feature","geometry":{"type":"Point","coordinates":[-122.3879,37.74252]},"properties":{"stop_id":"17961","stop_code":"17961","stop_name":"3rd Street & Evans Ave"}},{"type":"Feature","geometry":{"type":"Point","coordinates":[-122.39146,37.73225]},"properties":{"stop_id":"13145","stop_code":"13145","stop_name":"3rd St & Revere Ave"}},{"type":"Feature","geometry":{"type":"Point","coordinates":[-122.39646,37.72086]},"properties":{"stop_id":"13146","stop_code":"13146","stop_name":"3rd St & Salinas Ave"}},{"type":"Feature","geometry":{"type":"Point","coordinates":[-122.39259,37.72924]},"properties":{"stop_id":"13149","stop_code":"13149","stop_name":"3rd St & Van Dyke Ave"}},{"type":"Feature","geometry":{"type":"Point","coordinates":[-122.38923,37.76905]},"properties":{"stop_id":"17321","stop_code":"17321","stop_name":"3rd St & Warriors Way"}},{"type":"Feature","geometry":{"type":"Point","coordinates":[-122.39278,37.72917]},"properties":{"stop_id":"13150","stop_code":"13150","stop_name":"3rd St & Williams Ave"}},{"type":"Feature","geometry":{"type":"Point","coordinates":[-122.46148,37.75691]},"properties":{"stop_id":"16909","stop_code":"16909","stop_name":"400 Warren Dr E"}},{"type":"Feature","geometry":{"type":"Point","coordinates":[-122.428,37.73217]},"properties":{"stop_id":"15573","stop_code":"15573","stop_name":"4080 Mission St"}},{"type":"Feature","geometry":{"type":"Point","coordinates":[-122.44658,37.75039]},"properties":{"stop_id":"14209","stop_code":"14209","stop_name":"40 Crestline Dr"}},{"type":"Feature","geometry":{"type":"Point","coordinates":[-122.4433,37.76449]},"properties":{"stop_id":"16230","stop_code":"16230","stop_name":"414 Roosevelt Way"}},{"type":"Feature","geometry":{"type":"Point","coordinates":[-122.44314,37.76449]},"properties":{"stop_id":"16231","stop_code":"16231","stop_name":"415 Roosevelt Way"}},{"type":"Feature","geometry":{"type":"Point","coordinates":[-122.50299,37.78109]},"properties":{"stop_id":"13566","stop_code":"13566","stop_name":"42nd Ave & Clement St"}},{"type":"Feature","geometry":{"type":"Point","coordinates":[-122.50423,37.78101]},"properties":{"stop_id":"13567","stop_code":"13567","stop_name":"43rd Ave & Clement St"}},{"type":"Feature","geometry":{"type":"Point","coordinates":[-122.50414,37.77978]},"properties":{"stop_id":"13568","stop_code":"13568","stop_name":"43rd Ave & Point Lobos Ave"}},{"type":"Feature","geometry":{"type":"Point","coordinates":[-122.4619,37.75772]},"properties":{"stop_id":"16910","stop_code":"16910","stop_name":"455 Warren Dr"}},{"type":"Feature","geometry":{"type":"Point","coordinates":[-122.5058,37.77524]},"properties":{"stop_id":"13570","stop_code":"13570","stop_name":"45th Ave & Balboa St"}},{"type":"Feature","geometry":{"type":"Point","coordinates":[-122.50596,37.77521]},"properties":{"stop_id":"13571","stop_code":"13571","stop_name":"45th Ave & Balboa St"}},{"type":"Feature","geometry":{"type":"Point","coordinates":[-122.50583,37.77354]},"properties":{"stop_id":"13573","stop_code":"13573","stop_name":"45th Ave & Cabrillo St"}},{"type":"Feature","geometry":{"type":"Point","coordinates":[-122.50567,37.77357]},"properties":{"stop_id":"13572","stop_code":"13572","stop_name":"45th Ave & Cabrillo St"}},{"type":"Feature","geometry":{"type":"Point","coordinates":[-122.43101,37.73774]},"properties":{"stop_id":"13613","stop_code":"13613","stop_name":"46 Addison St"}},{"type":"Feature","geometry":{"type":"Point","coordinates":[-122.50597,37.76221]},"properties":{"stop_id":"13575","stop_code":"13575","stop_name":"46th Ave & Irving St"}},{"type":"Feature","geometry":{"type":"Point","coordinates":[-122.50614,37.76237]},"properties":{"stop_id":"13574","stop_code":"13574","stop_name":"46th Ave & Irving St"}},{"type":"Feature","geometry":{"type":"Point","coordinates":[-122.50602,37.76052]},"properties":{"stop_id":"13576","stop_code":"13576","stop_name":"46th Ave & Judah St"}},{"type":"Feature","geometry":{"type":"Point","coordinates":[-122.5059,37.7604]},"properties":{"stop_id":"13577","stop_code":"13577","stop_name":"46th Ave & Judah St"}},{"type":"Feature","geometry":{"type":"Point","coordinates":[-122.50572,37.75849]},"properties":{"stop_id":"13579","stop_code":"13579","stop_name":"46th Ave & Kirkham St"}},{"type":"Feature","geometry":{"type":"Point","coordinates":[-122.50589,37.75865]},"properties":{"stop_id":"13578","stop_code":"13578","stop_name":"46th Ave & Kirkham St"}},{"type":"Feature","geometry":{"type":"Point","coordinates":[-122.50558,37.75661]},"properties":{"stop_id":"13581","stop_code":"13581","stop_name":"46th Ave & Lawton St"}},{"type":"Feature","geometry":{"type":"Point","coordinates":[-122.50575,37.75678]},"properties":{"stop_id":"13580","stop_code":"13580","stop_name":"46th Ave & Lawton St"}},{"type":"Feature","geometry":{"type":"Point","coordinates":[-122.50611,37.76403]},"properties":{"stop_id":"13582","stop_code":"13582","stop_name":"46th Ave & Lincoln Way"}},{"type":"Feature","geometry":{"type":"Point","coordinates":[-122.50627,37.76405]},"properties":{"stop_id":"13583","stop_code":"13583","stop_name":"46th Ave & Lincoln Way"}},{"type":"Feature","geometry":{"type":"Point","coordinates":[-122.50545,37.75476]},"properties":{"stop_id":"13585","stop_code":"13585","stop_name":"46th Ave & Moraga St"}},{"type":"Feature","geometry":{"type":"Point","coordinates":[-122.50562,37.75493]},"properties":{"stop_id":"13584","stop_code":"13584","stop_name":"46th Ave & Moraga St"}},{"type":"Feature","geometry":{"type":"Point","coordinates":[-122.50532,37.75283]},"properties":{"stop_id":"13586","stop_code":"13586","stop_name":"46th Ave & Noriega St"}},{"type":"Feature","geometry":{"type":"Point","coordinates":[-122.50548,37.75284]},"properties":{"stop_id":"13587","stop_code":"13587","stop_name":"46th Ave & Noriega St"}},{"type":"Feature","geometry":{"type":"Point","coordinates":[-122.50519,37.75102]},"properties":{"stop_id":"13589","stop_code":"13589","stop_name":"46th Ave & Ortega St"}},{"type":"Feature","geometry":{"type":"Point","coordinates":[-122.50537,37.75119]},"properties":{"stop_id":"13588","stop_code":"13588","stop_name":"46th Ave & Ortega St"}},{"type":"Feature","geometry":{"type":"Point","coordinates":[-122.50507,37.74916]},"properties":{"stop_id":"13591","stop_code":"13591","stop_name":"46th Ave & Pacheco St"}},{"type":"Feature","geometry":{"type":"Point","coordinates":[-122.50524,37.74933]},"properties":{"stop_id":"13590","stop_code":"13590","stop_name":"46th Ave & Pacheco St"}},{"type":"Feature","geometry":{"type":"Point","coordinates":[-122.50493,37.74729]},"properties":{"stop_id":"13593","stop_code":"13593","stop_name":"46th Ave & Quintara St"}},{"type":"Feature","geometry":{"type":"Point","coordinates":[-122.5051,37.74746]},"properties":{"stop_id":"13592","stop_code":"13592","stop_name":"46th Ave & Quintara St"}},{"type":"Feature","geometry":{"type":"Point","coordinates":[-122.5048,37.74542]},"properties":{"stop_id":"13595","stop_code":"13595","stop_name":"46th Ave & Rivera St"}},{"type":"Feature","geometry":{"type":"Point","coordinates":[-122.50497,37.74559]},"properties":{"stop_id":"13594","stop_code":"13594","stop_name":"46th Ave & Rivera St"}},{"type":"Feature","geometry":{"type":"Point","coordinates":[-122.50466,37.74357]},"properties":{"stop_id":"13597","stop_code":"13597","stop_name":"46th Ave & Santiago St"}},{"type":"Feature","geometry":{"type":"Point","coordinates":[-122.50483,37.74374]},"properties":{"stop_id":"13596","stop_code":"13596","stop_name":"46th Ave & Santiago St"}},{"type":"Feature","geometry":{"type":"Point","coordinates":[-122.50453,37.74168]},"properties":{"stop_id":"13599","stop_code":"13599","stop_name":"46th Ave & Taraval St"}},{"type":"Feature","geometry":{"type":"Point","coordinates":[-122.50471,37.74185]},"properties":{"stop_id":"13598","stop_code":"13598","stop_name":"46th Ave & Taraval St"}},{"type":"Feature","geometry":{"type":"Point","coordinates":[-122.50469,37.74167]},"properties":{"stop_id":"17892","stop_code":"17892","stop_name":"46th Ave & Taraval St"}},{"type":"Feature","geometry":{"type":"Point","coordinates":[-122.50458,37.74]},"properties":{"stop_id":"13600","stop_code":"13600","stop_name":"46th Ave & Ulloa St"}},{"type":"Feature","geometry":{"type":"Point","coordinates":[-122.50441,37.73983]},"properties":{"stop_id":"13601","stop_code":"13601","stop_name":"46th Ave & Ulloa St"}},{"type":"Feature","geometry":{"type":"Point","coordinates":[-122.50444,37.73814]},"properties":{"stop_id":"13602","stop_code":"13602","stop_name":"46th Ave & Vicente St"}},{"type":"Feature","geometry":{"type":"Point","coordinates":[-122.50427,37.73797]},"properties":{"stop_id":"13603","stop_code":"13603","stop_name":"46th Ave & Vicente St"}},{"type":"Feature","geometry":{"type":"Point","coordinates":[-122.50414,37.73611]},"properties":{"stop_id":"13604","stop_code":"13604","stop_name":"46th Ave & Wawona St"}},{"type":"Feature","geometry":{"type":"Point","coordinates":[-122.50541,37.73699]},"properties":{"stop_id":"17869","stop_code":"17869","stop_name":"47th Ave & Cutler Ave"}},{"type":"Feature","geometry":{"type":"Point","coordinates":[-122.50537,37.73602]},"properties":{"stop_id":"13606","stop_code":"13606","stop_name":"47th Ave & Wawona St"}},{"type":"Feature","geometry":{"type":"Point","coordinates":[-122.50941,37.77902]},"properties":{"stop_id":"13608","stop_code":"13608","stop_name":"48th Ave & Point Lobos Ave"}},{"type":"Feature","geometry":{"type":"Point","coordinates":[-122.39661,37.77834]},"properties":{"stop_id":"17872","stop_code":"17872","stop_name":"4th & Brannan Southbound"}},{"type":"Feature","geometry":{"type":"Point","coordinates":[-122.38969,37.77297]},"properties":{"stop_id":"13153","stop_code":"13153","stop_name":"4th St & 3rd St"}},{"type":"Feature","geometry":{"type":"Point","coordinates":[-122.39361,37.77582]},"properties":{"stop_id":"17366","stop_code":"17366","stop_name":"4th St & Berry St"}},{"type":"Feature","geometry":{"type":"Point","coordinates":[-122.3966,37.77831]},"properties":{"stop_id":"13156","stop_code":"13156","stop_name":"4th St & Brannan St"}},{"type":"Feature","geometry":{"type":"Point","coordinates":[-122.40133,37.78208]},"properties":{"stop_id":"13158","stop_code":"13158","stop_name":"4th St & Folsom St"}},{"type":"Feature","geometry":{"type":"Point","coordinates":[-122.39386,37.77628]},"properties":{"stop_id":"17166","stop_code":"17166","stop_name":"4th St & King St"}},{"type":"Feature","geometry":{"type":"Point","coordinates":[-122.39393,37.77625]},"properties":{"stop_id":"17405","stop_code":"17405","stop_name":"4th St & King St"}},{"type":"Feature","geometry":{"type":"Point","coordinates":[-122.39383,37.77613]},"properties":{"stop_id":"17397","stop_code":"17397","stop_name":"4th St & King St"}},{"type":"Feature","geometry":{"type":"Point","coordinates":[-122.40568,37.78553]},"properties":{"stop_id":"13161","stop_code":"13161","stop_name":"4th St & Market St"}},{"type":"Feature","geometry":{"type":"Point","coordinates":[-122.40412,37.78426]},"properties":{"stop_id":"13160","stop_code":"13160","stop_name":"4th St & Mission St"}},{"type":"Feature","geometry":{"type":"Point","coordinates":[-122.3949,37.77689]},"properties":{"stop_id":"13164","stop_code":"13164","stop_name":"4th St & Townsend St"}},{"type":"Feature","geometry":{"type":"Point","coordinates":[-122.39513,37.77711]},"properties":{"stop_id":"13163","stop_code":"13163","stop_name":"4th St & Townsend St"}},{"type":"Feature","geometry":{"type":"Point","coordinates":[-122.45875,37.76331]},"properties":{"stop_id":"15887","stop_code":"15887","stop_name":"500 Parnassus Ave"}},{"type":"Feature","geometry":{"type":"Point","coordinates":[-122.39289,37.70983]},"properties":{"stop_id":"14575","stop_code":"14575","stop_name":"50 Thomas Mellon Dr"}},{"type":"Feature","geometry":{"type":"Point","coordinates":[-122.45821,37.7633]},"properties":{"stop_id":"17688","stop_code":"17688","stop_name":"513 Parnassus Ave"}},{"type":"Feature","geometry":{"type":"Point","coordinates":[-122.4402,37.74693]},"properties":{"stop_id":"14359","stop_code":"14359","stop_name":"5157 Diamond Heights Blvd"}},{"type":"Feature","geometry":{"type":"Point","coordinates":[-122.49534,37.71624]},"properties":{"stop_id":"15125","stop_code":"15125","stop_name":"515 John Muir Dr"}},{"type":"Feature","geometry":{"type":"Point","coordinates":[-122.49539,37.71607]},"properties":{"stop_id":"15126","stop_code":"15126","stop_name":"515 John Muir Dr"}},{"type":"Feature","geometry":{"type":"Point","coordinates":[-122.44415,37.7575]},"properties":{"stop_id":"14166","stop_code":"14166","stop_name":"539 Corbett Ave"}},{"type":"Feature","geometry":{"type":"Point","coordinates":[-122.45071,37.73818]},"properties":{"stop_id":"15450","stop_code":"15450","stop_name":"555 Myra Way"}},{"type":"Feature","geometry":{"type":"Point","coordinates":[-122.45088,37.7382]},"properties":{"stop_id":"15451","stop_code":"15451","stop_name":"555 Myra Way"}},{"type":"Feature","geometry":{"type":"Point","coordinates":[-122.39852,37.77624]},"properties":{"stop_id":"17622","stop_code":"17622","stop_name":"5th St & Brannan St"}},{"type":"Feature","geometry":{"type":"Point","coordinates":[-122.44587,37.73683]},"properties":{"stop_id":"16659","stop_code":"16659","stop_name":"636 Teresita Blvd"}},{"type":"Feature","geometry":{"type":"Point","coordinates":[-122.44567,37.73679]},"properties":{"stop_id":"16658","stop_code":"16658","stop_name":"636 Teresita Blvd"}},{"type":"Feature","geometry":{"type":"Point","coordinates":[-122.49777,37.71701]},"properties":{"stop_id":"15129","stop_code":"15129","stop_name":"655 John Muir Ave"}},{"type":"Feature","geometry":{"type":"Point","coordinates":[-122.49766,37.71677]},"properties":{"stop_id":"15130","stop_code":"15130","stop_name":"655 John Muir Ave"}},{"type":"Feature","geometry":{"type":"Point","coordinates":[-122.44348,37.74995]},"properties":{"stop_id":"16008","stop_code":"16008","stop_name":"6 Portola Dr"}},{"type":"Feature","geometry":{"type":"Point","coordinates":[-122.46392,37.77715]},"properties":{"stop_id":"13177","stop_code":"13177","stop_name":"6th Ave & Balboa St"}},{"type":"Feature","geometry":{"type":"Point","coordinates":[-122.46409,37.77699]},"properties":{"stop_id":"13178","stop_code":"13178","stop_name":"6th Ave & Balboa St"}},{"type":"Feature","geometry":{"type":"Point","coordinates":[-122.46438,37.78305]},"properties":{"stop_id":"13180","stop_code":"13180","stop_name":"6th Ave & Clement St"}},{"type":"Feature","geometry":{"type":"Point","coordinates":[-122.46453,37.78303]},"properties":{"stop_id":"13181","stop_code":"13181","stop_name":"6th Ave & Clement St"}},{"type":"Feature","geometry":{"type":"Point","coordinates":[-122.46375,37.77381]},"properties":{"stop_id":"13183","stop_code":"13183","stop_name":"6th Ave & Fulton St"}},{"type":"Feature","geometry":{"type":"Point","coordinates":[-122.46418,37.78088]},"properties":{"stop_id":"13184","stop_code":"13184","stop_name":"6th Ave & Geary Blvd"}},{"type":"Feature","geometry":{"type":"Point","coordinates":[-122.46435,37.78077]},"properties":{"stop_id":"13185","stop_code":"13185","stop_name":"6th Ave & Geary Blvd"}},{"type":"Feature","geometry":{"type":"Point","coordinates":[-122.4462,37.75176]},"properties":{"stop_id":"14210","stop_code":"14210","stop_name":"74 Crestline Dr"}},{"type":"Feature","geometry":{"type":"Point","coordinates":[-122.44301,37.75412]},"properties":{"stop_id":"14167","stop_code":"14167","stop_name":"795 Corbett Ave"}},{"type":"Feature","geometry":{"type":"Point","coordinates":[-122.46368,37.75489]},"properties":{"stop_id":"15253","stop_code":"15253","stop_name":"7th Ave & Laguna Honda"}},{"type":"Feature","geometry":{"type":"Point","coordinates":[-122.46386,37.75843]},"properties":{"stop_id":"17308","stop_code":"17308","stop_name":"7th Ave & Lawton St"}},{"type":"Feature","geometry":{"type":"Point","coordinates":[-122.40337,37.77327]},"properties":{"stop_id":"13191","stop_code":"13191","stop_name":"7th St & Brannan St"}},{"type":"Feature","geometry":{"type":"Point","coordinates":[-122.40501,37.77459]},"properties":{"stop_id":"16999","stop_code":"16999","stop_name":"7th St & Bryant St"}},{"type":"Feature","geometry":{"type":"Point","coordinates":[-122.4079,37.77686]},"properties":{"stop_id":"13192","stop_code":"13192","stop_name":"7th St & Folsom St"}},{"type":"Feature","geometry":{"type":"Point","coordinates":[-122.40646,37.77573]},"properties":{"stop_id":"13193","stop_code":"13193","stop_name":"7th St & Harrison St"}},{"type":"Feature","geometry":{"type":"Point","coordinates":[-122.40922,37.77793]},"properties":{"stop_id":"13194","stop_code":"13194","stop_name":"7th St & Howard St"}},{"type":"Feature","geometry":{"type":"Point","coordinates":[-122.41274,37.78072]},"properties":{"stop_id":"18047","stop_code":"18047","stop_name":"7th St & Market St"}},{"type":"Feature","geometry":{"type":"Point","coordinates":[-122.4124,37.78031]},"properties":{"stop_id":"13196","stop_code":"13196","stop_name":"7th St & Market St"}},{"type":"Feature","geometry":{"type":"Point","coordinates":[-122.41103,37.77933]},"properties":{"stop_id":"13195","stop_code":"13195","stop_name":"7th St & Mission St"}},{"type":"Feature","geometry":{"type":"Point","coordinates":[-122.443,37.75399]},"properties":{"stop_id":"14168","stop_code":"14168","stop_name":"800 Corbett Ave"}},{"type":"Feature","geometry":{"type":"Point","coordinates":[-122.41526,37.73327]},"properties":{"stop_id":"17023","stop_code":"17023","stop_name":"831 Ellsworth St"}},{"type":"Feature","geometry":{"type":"Point","coordinates":[-122.46598,37.77348]},"properties":{"stop_id":"13202","stop_code":"13202","stop_name":"8th Ave & Fulton St"}},{"type":"Feature","geometry":{"type":"Point","coordinates":[-122.46581,37.77364]},"properties":{"stop_id":"13201","stop_code":"13201","stop_name":"8th Ave & Fulton St"}},{"type":"Feature","geometry":{"type":"Point","coordinates":[-122.46505,37.76215]},"properties":{"stop_id":"17926","stop_code":"17926","stop_name":"8th Ave & Judah Ave"}},{"type":"Feature","geometry":{"type":"Point","coordinates":[-122.40539,37.77118]},"properties":{"stop_id":"13203","stop_code":"13203","stop_name":"8th St & Brannan St"}},{"type":"Feature","geometry":{"type":"Point","coordinates":[-122.40693,37.77245]},"properties":{"stop_id":"13204","stop_code":"13204","stop_name":"8th St & Bryant St"}},{"type":"Feature","geometry":{"type":"Point","coordinates":[-122.40992,37.77477]},"properties":{"stop_id":"13205","stop_code":"13205","stop_name":"8th St & Folsom St"}},{"type":"Feature","geometry":{"type":"Point","coordinates":[-122.40838,37.77354]},"properties":{"stop_id":"13206","stop_code":"13206","stop_name":"8th St & Harrison St"}},{"type":"Feature","geometry":{"type":"Point","coordinates":[-122.41161,37.77613]},"properties":{"stop_id":"17677","stop_code":"17677","stop_name":"8th St & Howard"}},{"type":"Feature","geometry":{"type":"Point","coordinates":[-122.4146,37.7785]},"properties":{"stop_id":"13209","stop_code":"13209","stop_name":"8th St & Market St"}},{"type":"Feature","geometry":{"type":"Point","coordinates":[-122.41303,37.77724]},"properties":{"stop_id":"13208","stop_code":"13208","stop_name":"8th St & Mission St"}},{"type":"Feature","geometry":{"type":"Point","coordinates":[-122.44636,37.73395]},"properties":{"stop_id":"16660","stop_code":"16660","stop_name":"900 Teresita Blvd"}},{"type":"Feature","geometry":{"type":"Point","coordinates":[-122.44664,37.73399]},"properties":{"stop_id":"16661","stop_code":"16661","stop_name":"900 Teresita Blvd"}},{"type":"Feature","geometry":{"type":"Point","coordinates":[-122.41679,37.73284]},"properties":{"stop_id":"14565","stop_code":"14565","stop_name":"909 Ellsworth St"}},{"type":"Feature","geometry":{"type":"Point","coordinates":[-122.47687,37.72599]},"properties":{"stop_id":"13797","stop_code":"13797","stop_name":"90 Buckingham Way"}},{"type":"Feature","geometry":{"type":"Point","coordinates":[-122.47714,37.72597]},"properties":{"stop_id":"13798","stop_code":"13798","stop_name":"91 Buckingham Way"}},{"type":"Feature","geometry":{"type":"Point","coordinates":[-122.44341,37.75208]},"properties":{"stop_id":"14169","stop_code":"14169","stop_name":"925 Corbett Ave"}},{"type":"Feature","geometry":{"type":"Point","coordinates":[-122.41776,37.73281]},"properties":{"stop_id":"14566","stop_code":"14566","stop_name":"945 Ellsworth St"}},{"type":"Feature","geometry":{"type":"Point","coordinates":[-122.44371,37.75168]},"properties":{"stop_id":"14170","stop_code":"14170","stop_name":"956 Corbett Ave"}},{"type":"Feature","geometry":{"type":"Point","coordinates":[-122.41893,37.73262]},"properties":{"stop_id":"14567","stop_code":"14567","stop_name":"989 Ellsworth St"}},{"type":"Feature","geometry":{"type":"Point","coordinates":[-122.46624,37.76429]},"properties":{"stop_id":"13211","stop_code":"13211","stop_name":"9th Ave & Irving St"}},{"type":"Feature","geometry":{"type":"Point","coordinates":[-122.46634,37.76331]},"properties":{"stop_id":"17999","stop_code":"17999","stop_name":"9th Ave & Irving St"}},{"type":"Feature","geometry":{"type":"Point","coordinates":[-122.46639,37.7638]},"properties":{"stop_id":"13213","stop_code":"13213","stop_name":"9th Ave & Irving St"}},{"type":"Feature","geometry":{"type":"Point","coordinates":[-122.46624,37.76204]},"properties":{"stop_id":"13215","stop_code":"13215","stop_name":"9th Ave & Judah St"}},{"type":"Feature","geometry":{"type":"Point","coordinates":[-122.46608,37.76209]},"properties":{"stop_id":"13214","stop_code":"13214","stop_name":"9th Ave & Judah St"}},{"type":"Feature","geometry":{"type":"Point","coordinates":[-122.46595,37.76024]},"properties":{"stop_id":"13217","stop_code":"13217","stop_name":"9th Ave & Kirkham St"}},{"type":"Feature","geometry":{"type":"Point","coordinates":[-122.46615,37.76041]},"properties":{"stop_id":"13216","stop_code":"13216","stop_name":"9th Ave & Kirkham St"}},{"type":"Feature","geometry":{"type":"Point","coordinates":[-122.46602,37.75853]},"properties":{"stop_id":"13218","stop_code":"13218","stop_name":"9th Ave & Lawton St"}},{"type":"Feature","geometry":{"type":"Point","coordinates":[-122.46583,37.75836]},"properties":{"stop_id":"13219","stop_code":"13219","stop_name":"9th Ave & Lawton St"}},{"type":"Feature","geometry":{"type":"Point","coordinates":[-122.46652,37.76569]},"properties":{"stop_id":"13221","stop_code":"13221","stop_name":"9th Ave & Lincoln Way"}},{"type":"Feature","geometry":{"type":"Point","coordinates":[-122.46635,37.76585]},"properties":{"stop_id":"13220","stop_code":"13220","stop_name":"9th Ave & Lincoln Way"}},{"type":"Feature","geometry":{"type":"Point","coordinates":[-122.46588,37.75668]},"properties":{"stop_id":"13222","stop_code":"13222","stop_name":"9th Ave & Moraga St"}},{"type":"Feature","geometry":{"type":"Point","coordinates":[-122.46569,37.75651]},"properties":{"stop_id":"13223","stop_code":"13223","stop_name":"9th Ave & Moraga St"}},{"type":"Feature","geometry":{"type":"Point","coordinates":[-122.46555,37.75463]},"properties":{"stop_id":"13225","stop_code":"13225","stop_name":"9th Ave & Noriega St"}},{"type":"Feature","geometry":{"type":"Point","coordinates":[-122.46576,37.7548]},"properties":{"stop_id":"13224","stop_code":"13224","stop_name":"9th Ave & Noriega St"}},{"type":"Feature","geometry":{"type":"Point","coordinates":[-122.46563,37.75294]},"properties":{"stop_id":"13226","stop_code":"13226","stop_name":"9th Ave & Ortega St"}},{"type":"Feature","geometry":{"type":"Point","coordinates":[-122.3728,37.82405]},"properties":{"stop_id":"17560","stop_code":"17560","stop_name":"9th St & Avenue D"}},{"type":"Feature","geometry":{"type":"Point","coordinates":[-122.37006,37.8252]},"properties":{"stop_id":"13229","stop_code":"13229","stop_name":"9th St & Avenue H"}},{"type":"Feature","geometry":{"type":"Point","coordinates":[-122.43572,37.74004]},"properties":{"stop_id":"13615","stop_code":"13615","stop_name":"Addison St & Diamond Heights Blvd"}},{"type":"Feature","geometry":{"type":"Point","coordinates":[-122.43361,37.74]},"properties":{"stop_id":"13616","stop_code":"13616","stop_name":"Addison  St & Digby St"}},{"type":"Feature","geometry":{"type":"Point","coordinates":[-122.43443,37.74005]},"properties":{"stop_id":"13618","stop_code":"13618","stop_name":"Addison  St & Farnum St"}},{"type":"Feature","geometry":{"type":"Point","coordinates":[-122.43422,37.74019]},"properties":{"stop_id":"13617","stop_code":"13617","stop_name":"Addison  St & Farnum St"}},{"type":"Feature","geometry":{"type":"Point","coordinates":[-122.39329,37.70914]},"properties":{"stop_id":"13619","stop_code":"13619","stop_name":"Alana Way & Thomas Mellon Cir"}},{"type":"Feature","geometry":{"type":"Point","coordinates":[-122.46717,37.71142]},"properties":{"stop_id":"13622","stop_code":"13622","stop_name":"Alemany Blvd & Arch St"}},{"type":"Feature","geometry":{"type":"Point","coordinates":[-122.4669,37.71163]},"properties":{"stop_id":"13621","stop_code":"13621","stop_name":"Alemany Blvd & Arch St"}},{"type":"Feature","geometry":{"type":"Point","coordinates":[-122.41392,37.73327]},"properties":{"stop_id":"17626","stop_code":"17626","stop_name":"Alemany Blvd & Flosom St"}},{"type":"Feature","geometry":{"type":"Point","coordinates":[-122.46946,37.71036]},"properties":{"stop_id":"13628","stop_code":"13628","stop_name":"Alemany Blvd & St Charles Ave"}},{"type":"Feature","geometry":{"type":"Point","coordinates":[-122.46519,37.7117]},"properties":{"stop_id":"13631","stop_code":"13631","stop_name":"Alemany Blvd & Victoria St"}},{"type":"Feature","geometry":{"type":"Point","coordinates":[-122.46507,37.71183]},"properties":{"stop_id":"13630","stop_code":"13630","stop_name":"Alemany Blvd & Victoria St"}},{"type":"Feature","geometry":{"type":"Point","coordinates":[-122.46711,37.71166]},"properties":{"stop_id":"13641","stop_code":"13641","stop_name":"Arch St & Alemany Blvd"}},{"type":"Feature","geometry":{"type":"Point","coordinates":[-122.467,37.71159]},"properties":{"stop_id":"17820","stop_code":"17820","stop_name":"Arch St & Alemany St"}},{"type":"Feature","geometry":{"type":"Point","coordinates":[-122.45865,37.77708]},"properties":{"stop_id":"13642","stop_code":"13642","stop_name":"Arguello Blvd & Balboa St"}},{"type":"Feature","geometry":{"type":"Point","coordinates":[-122.45925,37.78556]},"properties":{"stop_id":"13644","stop_code":"13644","stop_name":"Arguello Blvd & California St"}},{"type":"Feature","geometry":{"type":"Point","coordinates":[-122.45909,37.7856]},"properties":{"stop_id":"13643","stop_code":"13643","stop_name":"Arguello Blvd & California St"}},{"type":"Feature","geometry":{"type":"Point","coordinates":[-122.45907,37.78307]},"properties":{"stop_id":"13645","stop_code":"13645","stop_name":"Arguello Blvd & Clement St"}},{"type":"Feature","geometry":{"type":"Point","coordinates":[-122.45896,37.78374]},"properties":{"stop_id":"13647","stop_code":"13647","stop_name":"Arguello Blvd & Euclid Ave"}},{"type":"Feature","geometry":{"type":"Point","coordinates":[-122.4583,37.77443]},"properties":{"stop_id":"13648","stop_code":"13648","stop_name":"Arguello Blvd & Fulton St"}},{"type":"Feature","geometry":{"type":"Point","coordinates":[-122.45876,37.78108]},"properties":{"stop_id":"13650","stop_code":"13650","stop_name":"Arguello Blvd & Geary Blvd"}},{"type":"Feature","geometry":{"type":"Point","coordinates":[-122.45881,37.78187]},"properties":{"stop_id":"17839","stop_code":"17839","stop_name":"Arguello Blvd & Geary Blvd"}},{"type":"Feature","geometry":{"type":"Point","coordinates":[-122.45896,37.78143]},"properties":{"stop_id":"13649","stop_code":"13649","stop_name":"Arguello Blvd & Geary Blvd"}},{"type":"Feature","geometry":{"type":"Point","coordinates":[-122.45852,37.77748]},"properties":{"stop_id":"13651","stop_code":"13651","stop_name":"Arguello Blvd & Turk St"}},{"type":"Feature","geometry":{"type":"Point","coordinates":[-122.44697,37.76301]},"properties":{"stop_id":"17220","stop_code":"17220","stop_name":"Ashbury St & Clayton St"}},{"type":"Feature","geometry":{"type":"Point","coordinates":[-122.4468,37.76298]},"properties":{"stop_id":"13659","stop_code":"13659","stop_name":"Ashbury St & Clayton St"}},{"type":"Feature","geometry":{"type":"Point","coordinates":[-122.44595,37.76428]},"properties":{"stop_id":"13656","stop_code":"13656","stop_name":"Ashbury St & Clifford Ter"}},{"type":"Feature","geometry":{"type":"Point","coordinates":[-122.44609,37.7643]},"properties":{"stop_id":"13657","stop_code":"13657","stop_name":"Ashbury St & Clifford Ter"}},{"type":"Feature","geometry":{"type":"Point","coordinates":[-122.44647,37.76731]},"properties":{"stop_id":"17295","stop_code":"17295","stop_name":"Ashbury St & Frederick St"}},{"type":"Feature","geometry":{"type":"Point","coordinates":[-122.44628,37.76715]},"properties":{"stop_id":"13661","stop_code":"13661","stop_name":"Ashbury St & Frederick St"}},{"type":"Feature","geometry":{"type":"Point","coordinates":[-122.44685,37.76994]},"properties":{"stop_id":"13662","stop_code":"13662","stop_name":"Ashbury St & Haight St"}},{"type":"Feature","geometry":{"type":"Point","coordinates":[-122.44588,37.76515]},"properties":{"stop_id":"13664","stop_code":"13664","stop_name":"Ashbury St & Piedmont St"}},{"type":"Feature","geometry":{"type":"Point","coordinates":[-122.44607,37.7653]},"properties":{"stop_id":"13663","stop_code":"13663","stop_name":"Ashbury St & Piedmont St"}},{"type":"Feature","geometry":{"type":"Point","coordinates":[-122.44666,37.76901]},"properties":{"stop_id":"13666","stop_code":"13666","stop_name":"Ashbury St & Waller St"}},{"type":"Feature","geometry":{"type":"Point","coordinates":[-122.44685,37.76916]},"properties":{"stop_id":"13665","stop_code":"13665","stop_name":"Ashbury St & Waller St"}},{"type":"Feature","geometry":{"type":"Point","coordinates":[-122.42422,37.72474]},"properties":{"stop_id":"13680","stop_code":"13680","stop_name":"Avalon Ave & La Grande Ave"}},{"type":"Feature","geometry":{"type":"Point","coordinates":[-122.42413,37.72487]},"properties":{"stop_id":"13681","stop_code":"13681","stop_name":"Avalon Ave & La Grande Ave"}},{"type":"Feature","geometry":{"type":"Point","coordinates":[-122.42342,37.72508]},"properties":{"stop_id":"13682","stop_code":"13682","stop_name":"Avalon Ave & Peru Ave"}},{"type":"Feature","geometry":{"type":"Point","coordinates":[-122.37499,37.82325]},"properties":{"stop_id":"17004","stop_code":"17004","stop_name":"Avenue B & 9th Ave"}},{"type":"Feature","geometry":{"type":"Point","coordinates":[-122.3774,37.82695]},"properties":{"stop_id":"13670","stop_code":"13670","stop_name":"Avenue B & Gateview Ave"}},{"type":"Feature","geometry":{"type":"Point","coordinates":[-122.37176,37.82828]},"properties":{"stop_id":"17558","stop_code":"17558","stop_name":"Avenue H & 13th St"}},{"type":"Feature","geometry":{"type":"Point","coordinates":[-122.4047,37.72732]},"properties":{"stop_id":"13686","stop_code":"13686","stop_name":"Bacon St & Girard St"}},{"type":"Feature","geometry":{"type":"Point","coordinates":[-122.40451,37.72744]},"properties":{"stop_id":"13685","stop_code":"13685","stop_name":"Bacon St & Girard St"}},{"type":"Feature","geometry":{"type":"Point","coordinates":[-122.40648,37.72691]},"properties":{"stop_id":"13687","stop_code":"13687","stop_name":"Bacon St & Goettingen St"}},{"type":"Feature","geometry":{"type":"Point","coordinates":[-122.40667,37.7268]},"properties":{"stop_id":"13688","stop_code":"13688","stop_name":"Bacon St & Goettingen St"}},{"type":"Feature","geometry":{"type":"Point","coordinates":[-122.40299,37.72786]},"properties":{"stop_id":"13018","stop_code":"13018","stop_name":"Bacon St & San Bruno Ave"}},{"type":"Feature","geometry":{"type":"Point","coordinates":[-122.40327,37.72765]},"properties":{"stop_id":"13019","stop_code":"13019","stop_name":"Bacon St & San Bruno Ave"}},{"type":"Feature","geometry":{"type":"Point","coordinates":[-122.40766,37.72654]},"properties":{"stop_id":"13021","stop_code":"13021","stop_name":"Bacon St & Somerset St"}},{"type":"Feature","geometry":{"type":"Point","coordinates":[-122.40746,37.72667]},"properties":{"stop_id":"13020","stop_code":"13020","stop_name":"Bacon St & Somerset St"}},{"type":"Feature","geometry":{"type":"Point","coordinates":[-122.48226,37.79025]},"properties":{"stop_id":"13023","stop_code":"13023","stop_name":"Baker Beach Parking Lot Sw"}},{"type":"Feature","geometry":{"type":"Point","coordinates":[-122.44569,37.79761]},"properties":{"stop_id":"13024","stop_code":"13024","stop_name":"Baker St & Greenwich St"}},{"type":"Feature","geometry":{"type":"Point","coordinates":[-122.44742,37.72181]},"properties":{"stop_id":"15418","stop_code":"15418","stop_name":"Balboa Park BART/Mezzanine Level"}},{"type":"Feature","geometry":{"type":"Point","coordinates":[-122.46817,37.7771]},"properties":{"stop_id":"13038","stop_code":"13038","stop_name":"Balboa St & 10th Ave"}},{"type":"Feature","geometry":{"type":"Point","coordinates":[-122.46839,37.77697]},"properties":{"stop_id":"13039","stop_code":"13039","stop_name":"Balboa St & 10th Ave"}},{"type":"Feature","geometry":{"type":"Point","coordinates":[-122.47053,37.77687]},"properties":{"stop_id":"13041","stop_code":"13041","stop_name":"Balboa St & 12th Ave"}},{"type":"Feature","geometry":{"type":"Point","coordinates":[-122.47031,37.777]},"properties":{"stop_id":"13040","stop_code":"13040","stop_name":"Balboa St & 12th Ave"}},{"type":"Feature","geometry":{"type":"Point","coordinates":[-122.47577,37.77676]},"properties":{"stop_id":"13043","stop_code":"13043","stop_name":"Balboa St & 17th Ave"}},{"type":"Feature","geometry":{"type":"Point","coordinates":[-122.47599,37.77663]},"properties":{"stop_id":"13044","stop_code":"13044","stop_name":"Balboa St & 17th Ave"}},{"type":"Feature","geometry":{"type":"Point","coordinates":[-122.47813,37.77653]},"properties":{"stop_id":"13046","stop_code":"13046","stop_name":"Balboa St & 19th Ave"}},{"type":"Feature","geometry":{"type":"Point","coordinates":[-122.47791,37.77666]},"properties":{"stop_id":"13045","stop_code":"13045","stop_name":"Balboa St & 19th Ave"}},{"type":"Feature","geometry":{"type":"Point","coordinates":[-122.48006,37.77656]},"properties":{"stop_id":"13047","stop_code":"13047","stop_name":"Balboa St & 21st Ave"}},{"type":"Feature","geometry":{"type":"Point","coordinates":[-122.48027,37.77643]},"properties":{"stop_id":"13048","stop_code":"13048","stop_name":"Balboa St & 21st Ave"}},{"type":"Feature","geometry":{"type":"Point","coordinates":[-122.48219,37.77647]},"properties":{"stop_id":"13049","stop_code":"13049","stop_name":"Balboa St & 23rd Ave"}},{"type":"Feature","geometry":{"type":"Point","coordinates":[-122.48242,37.77633]},"properties":{"stop_id":"13050","stop_code":"13050","stop_name":"Balboa St & 23rd Ave"}},{"type":"Feature","geometry":{"type":"Point","coordinates":[-122.4843,37.77624]},"properties":{"stop_id":"13052","stop_code":"13052","stop_name":"Balboa St & 25th Ave"}},{"type":"Feature","geometry":{"type":"Point","coordinates":[-122.48461,37.77636]},"properties":{"stop_id":"13051","stop_code":"13051","stop_name":"Balboa St & 25th Ave"}},{"type":"Feature","geometry":{"type":"Point","coordinates":[-122.48777,37.77609]},"properties":{"stop_id":"13054","stop_code":"13054","stop_name":"Balboa St & 28th Ave"}},{"type":"Feature","geometry":{"type":"Point","coordinates":[-122.48755,37.77622]},"properties":{"stop_id":"13053","stop_code":"13053","stop_name":"Balboa St & 28th Ave"}},{"type":"Feature","geometry":{"type":"Point","coordinates":[-122.48991,37.77599]},"properties":{"stop_id":"13056","stop_code":"13056","stop_name":"Balboa St & 30th Ave"}},{"type":"Feature","geometry":{"type":"Point","coordinates":[-122.48996,37.77611]},"properties":{"stop_id":"13055","stop_code":"13055","stop_name":"Balboa St & 30th Ave"}},{"type":"Feature","geometry":{"type":"Point","coordinates":[-122.49206,37.77589]},"properties":{"stop_id":"13058","stop_code":"13058","stop_name":"Balboa St & 32nd Ave"}},{"type":"Feature","geometry":{"type":"Point","coordinates":[-122.49184,37.77602]},"properties":{"stop_id":"13057","stop_code":"13057","stop_name":"Balboa St & 32nd Ave"}},{"type":"Feature","geometry":{"type":"Point","coordinates":[-122.4942,37.77579]},"properties":{"stop_id":"13059","stop_code":"13059","stop_name":"Balboa St & 34th Ave"}},{"type":"Feature","geometry":{"type":"Point","coordinates":[-122.49458,37.7759]},"properties":{"stop_id":"13060","stop_code":"13060","stop_name":"Balboa St & 35th Ave"}},{"type":"Feature","geometry":{"type":"Point","coordinates":[-122.49742,37.77565]},"properties":{"stop_id":"13062","stop_code":"13062","stop_name":"Balboa St & 37th Ave"}},{"type":"Feature","geometry":{"type":"Point","coordinates":[-122.4972,37.77578]},"properties":{"stop_id":"13061","stop_code":"13061","stop_name":"Balboa St & 37th Ave"}},{"type":"Feature","geometry":{"type":"Point","coordinates":[-122.5004,37.77564]},"properties":{"stop_id":"13063","stop_code":"13063","stop_name":"Balboa St & 40th Ave"}},{"type":"Feature","geometry":{"type":"Point","coordinates":[-122.50062,37.7755]},"properties":{"stop_id":"13064","stop_code":"13064","stop_name":"Balboa St & 40th Ave"}},{"type":"Feature","geometry":{"type":"Point","coordinates":[-122.50384,37.77535]},"properties":{"stop_id":"13066","stop_code":"13066","stop_name":"Balboa St & 43rd Ave"}},{"type":"Feature","geometry":{"type":"Point","coordinates":[-122.50362,37.77548]},"properties":{"stop_id":"13065","stop_code":"13065","stop_name":"Balboa St & 43rd Ave"}},{"type":"Feature","geometry":{"type":"Point","coordinates":[-122.46175,37.7774]},"properties":{"stop_id":"13032","stop_code":"13032","stop_name":"Balboa St & 4th Ave"}},{"type":"Feature","geometry":{"type":"Point","coordinates":[-122.46197,37.77726]},"properties":{"stop_id":"13033","stop_code":"13033","stop_name":"Balboa St & 4th Ave"}},{"type":"Feature","geometry":{"type":"Point","coordinates":[-122.46385,37.77717]},"properties":{"stop_id":"13035","stop_code":"13035","stop_name":"Balboa St & 6th Ave"}},{"type":"Feature","geometry":{"type":"Point","coordinates":[-122.46416,37.77729]},"properties":{"stop_id":"13034","stop_code":"13034","stop_name":"Balboa St & 6th Ave"}},{"type":"Feature","geometry":{"type":"Point","coordinates":[-122.46604,37.7772]},"properties":{"stop_id":"13036","stop_code":"13036","stop_name":"Balboa St & 8th Ave"}},{"type":"Feature","geometry":{"type":"Point","coordinates":[-122.46626,37.77707]},"properties":{"stop_id":"13037","stop_code":"13037","stop_name":"Balboa St & 8th Ave"}},{"type":"Feature","geometry":{"type":"Point","coordinates":[-122.45886,37.77747]},"properties":{"stop_id":"13067","stop_code":"13067","stop_name":"Balboa St & Arguello Blvd"}},{"type":"Feature","geometry":{"type":"Point","coordinates":[-122.47223,37.7769]},"properties":{"stop_id":"13070","stop_code":"13070","stop_name":"Balboa St & Park Presidio Blvd"}},{"type":"Feature","geometry":{"type":"Point","coordinates":[-122.47241,37.77679]},"properties":{"stop_id":"13071","stop_code":"13071","stop_name":"Balboa St & Park Presidio Blvd"}},{"type":"Feature","geometry":{"type":"Point","coordinates":[-122.40731,37.73837]},"properties":{"stop_id":"17313","stop_code":"17313","stop_name":"Bayshore Blvd & Alemany Blvd"}},{"type":"Feature","geometry":{"type":"Point","coordinates":[-122.407,37.73773]},"properties":{"stop_id":"13771","stop_code":"13771","stop_name":"Bayshore Blvd & Alemany Blvd"}},{"type":"Feature","geometry":{"type":"Point","coordinates":[-122.40234,37.71223]},"properties":{"stop_id":"17399","stop_code":"17399","stop_name":"Bayshore Blvd & Areta Ave"}},{"type":"Feature","geometry":{"type":"Point","coordinates":[-122.40317,37.71213]},"properties":{"stop_id":"13772","stop_code":"13772","stop_name":"Bayshore Blvd & Arleta Ave"}},{"type":"Feature","geometry":{"type":"Point","coordinates":[-122.40558,37.73425]},"properties":{"stop_id":"13773","stop_code":"13773","stop_name":"Bayshore Blvd & Augusta St"}},{"type":"Feature","geometry":{"type":"Point","coordinates":[-122.40218,37.71223]},"properties":{"stop_id":"17334","stop_code":"17334","stop_name":"Bayshore Blvd & Blanken Ave"}},{"type":"Feature","geometry":{"type":"Point","coordinates":[-122.40232,37.71225]},"properties":{"stop_id":"17395","stop_code":"17395","stop_name":"Bayshore Blvd & Blanken Ave"}},{"type":"Feature","geometry":{"type":"Point","coordinates":[-122.40588,37.73488]},"properties":{"stop_id":"13775","stop_code":"13775","stop_name":"Bayshore Blvd & Boutwell St"}},{"type":"Feature","geometry":{"type":"Point","coordinates":[-122.40677,37.73986]},"properties":{"stop_id":"13778","stop_code":"13778","stop_name":"Bayshore Blvd & Cortland Ave"}},{"type":"Feature","geometry":{"type":"Point","coordinates":[-122.40712,37.73946]},"properties":{"stop_id":"13779","stop_code":"13779","stop_name":"Bayshore Blvd & Cortland Ave"}},{"type":"Feature","geometry":{"type":"Point","coordinates":[-122.40561,37.74238]},"properties":{"stop_id":"17886","stop_code":"17886","stop_name":"Bayshore Blvd & Flower St"}},{"type":"Feature","geometry":{"type":"Point","coordinates":[-122.40007,37.71355]},"properties":{"stop_id":"13781","stop_code":"13781","stop_name":"Bayshore Blvd & Hester Ave"}},{"type":"Feature","geometry":{"type":"Point","coordinates":[-122.40404,37.71099]},"properties":{"stop_id":"13783","stop_code":"13783","stop_name":"Bayshore Blvd & Leland Ave"}},{"type":"Feature","geometry":{"type":"Point","coordinates":[-122.40368,37.7113]},"properties":{"stop_id":"18040","stop_code":"18040","stop_name":"Bayshore Blvd &L Eland Ave"}},{"type":"Feature","geometry":{"type":"Point","coordinates":[-122.4054,37.74305]},"properties":{"stop_id":"17888","stop_code":"17888","stop_name":"Bayshore Blvd & Oakdale Ave"}},{"type":"Feature","geometry":{"type":"Point","coordinates":[-122.40472,37.73321]},"properties":{"stop_id":"13788","stop_code":"13788","stop_name":"Bayshore Blvd & Silver Ave"}},{"type":"Feature","geometry":{"type":"Point","coordinates":[-122.40479,37.73296]},"properties":{"stop_id":"13789","stop_code":"13789","stop_name":"Bayshore Blvd & Silver Ave"}},{"type":"Feature","geometry":{"type":"Point","coordinates":[-122.40511,37.70897]},"properties":{"stop_id":"17396","stop_code":"17396","stop_name":"Bayshore Blvd & Sunnydale Ave"}},{"type":"Feature","geometry":{"type":"Point","coordinates":[-122.40504,37.70894]},"properties":{"stop_id":"17398","stop_code":"17398","stop_name":"Bayshore Blvd & Sunnydale Ave"}},{"type":"Feature","geometry":{"type":"Point","coordinates":[-122.40102,37.7129]},"properties":{"stop_id":"13792","stop_code":"13792","stop_name":"Bayshore Blvd & Tunnel Ave"}},{"type":"Feature","geometry":{"type":"Point","coordinates":[-122.40465,37.70962]},"properties":{"stop_id":"17520","stop_code":"17520","stop_name":"Bayshore Blvd & Visitacion Ave"}},{"type":"Feature","geometry":{"type":"Point","coordinates":[-122.40389,37.71062]},"properties":{"stop_id":"13793","stop_code":"13793","stop_name":"Bayshore Blvd & Visitacion Ave"}},{"type":"Feature","geometry":{"type":"Point","coordinates":[-122.40916,37.80609]},"properties":{"stop_id":"13031","stop_code":"13031","stop_name":"Bay St & Midway St"}},{"type":"Feature","geometry":{"type":"Point","coordinates":[-122.41412,37.80741]},"properties":{"stop_id":"13092","stop_code":"13092","stop_name":"Beach St & Mason St"}},{"type":"Feature","geometry":{"type":"Point","coordinates":[-122.4232,37.80638]},"properties":{"stop_id":"13093","stop_code":"13093","stop_name":"Beach St & Polk St"}},{"type":"Feature","geometry":{"type":"Point","coordinates":[-122.41081,37.80784]},"properties":{"stop_id":"13095","stop_code":"13095","stop_name":"Beach St & Stockton St"}},{"type":"Feature","geometry":{"type":"Point","coordinates":[-122.39688,37.79194]},"properties":{"stop_id":"13089","stop_code":"13089","stop_name":"Beale St & Mission St"}},{"type":"Feature","geometry":{"type":"Point","coordinates":[-122.42946,37.73793]},"properties":{"stop_id":"17843","stop_code":"17843","stop_name":"Bemis St & Addison St"}},{"type":"Feature","geometry":{"type":"Point","coordinates":[-122.42953,37.73772]},"properties":{"stop_id":"13693","stop_code":"13693","stop_name":"Bemis St & Addison  St"}},{"type":"Feature","geometry":{"type":"Point","coordinates":[-122.43118,37.73665]},"properties":{"stop_id":"13096","stop_code":"13096","stop_name":"Bemis St & Moffitt St"}},{"type":"Feature","geometry":{"type":"Point","coordinates":[-122.4095,37.74297]},"properties":{"stop_id":"17924","stop_code":"17924","stop_name":"Bernal Heights Blvd & Bradford St"}},{"type":"Feature","geometry":{"type":"Point","coordinates":[-122.40978,37.74183]},"properties":{"stop_id":"13690","stop_code":"13690","stop_name":"Bernal Heights Blvd & Bradford St"}},{"type":"Feature","geometry":{"type":"Point","coordinates":[-122.41067,37.74151]},"properties":{"stop_id":"13691","stop_code":"13691","stop_name":"Bernal Heights Blvd & Powhattan Ave"}},{"type":"Feature","geometry":{"type":"Point","coordinates":[-122.41122,37.74145]},"properties":{"stop_id":"17577","stop_code":"17577","stop_name":"Bernal Heights Blvd & Powhattan St"}},{"type":"Feature","geometry":{"type":"Point","coordinates":[-122.47174,37.71973]},"properties":{"stop_id":"13689","stop_code":"13689","stop_name":"Beverly St & Garfield St"}},{"type":"Feature","geometry":{"type":"Point","coordinates":[-122.39661,37.71097]},"properties":{"stop_id":"17006","stop_code":"17006","stop_name":"Blanken Ave & Gillette Ave"}},{"type":"Feature","geometry":{"type":"Point","coordinates":[-122.39636,37.711]},"properties":{"stop_id":"17007","stop_code":"17007","stop_name":"Blanken Ave & Gillette Ave"}},{"type":"Feature","geometry":{"type":"Point","coordinates":[-122.39747,37.71119]},"properties":{"stop_id":"17009","stop_code":"17009","stop_name":"Blanken Ave & Nueva Ave"}},{"type":"Feature","geometry":{"type":"Point","coordinates":[-122.39723,37.71121]},"properties":{"stop_id":"17008","stop_code":"17008","stop_name":"Blanken Ave & Nueva Ave"}},{"type":"Feature","geometry":{"type":"Point","coordinates":[-122.39896,37.71162]},"properties":{"stop_id":"17011","stop_code":"17011","stop_name":"Blanken Ave & Peninsula Ave"}},{"type":"Feature","geometry":{"type":"Point","coordinates":[-122.39919,37.71159]},"properties":{"stop_id":"17010","stop_code":"17010","stop_name":"Blanken Ave & Peninsula Ave"}},{"type":"Feature","geometry":{"type":"Point","coordinates":[-122.40068,37.71202]},"properties":{"stop_id":"13692","stop_code":"13692","stop_name":"Blanken Ave & Tunnel Ave"}},{"type":"Feature","geometry":{"type":"Point","coordinates":[-122.40092,37.71201]},"properties":{"stop_id":"17012","stop_code":"17012","stop_name":"Blanken Ave & Tunnel Ave"}},{"type":"Feature","geometry":{"type":"Point","coordinates":[-122.43408,37.73349]},"properties":{"stop_id":"13696","stop_code":"13696","stop_name":"Bosworth St & Diamond St"}},{"type":"Feature","geometry":{"type":"Point","coordinates":[-122.43401,37.7336]},"properties":{"stop_id":"13695","stop_code":"13695","stop_name":"Bosworth St & Diamond St"}},{"type":"Feature","geometry":{"type":"Point","coordinates":[-122.44009,37.73501]},"properties":{"stop_id":"13697","stop_code":"13697","stop_name":"Bosworth St & Elk St"}},{"type":"Feature","geometry":{"type":"Point","coordinates":[-122.44007,37.73487]},"properties":{"stop_id":"13694","stop_code":"13694","stop_name":"Bosworth St & Elk St"}},{"type":"Feature","geometry":{"type":"Point","coordinates":[-122.43597,37.73383]},"properties":{"stop_id":"13699","stop_code":"13699","stop_name":"Bosworth St & Lippard Ave"}},{"type":"Feature","geometry":{"type":"Point","coordinates":[-122.43571,37.73392]},"properties":{"stop_id":"13698","stop_code":"13698","stop_name":"Bosworth St & Lippard Ave"}},{"type":"Feature","geometry":{"type":"Point","coordinates":[-122.42794,37.73347]},"properties":{"stop_id":"13700","stop_code":"13700","stop_name":"Bosworth St & Marsily St"}},{"type":"Feature","geometry":{"type":"Point","coordinates":[-122.42952,37.73332]},"properties":{"stop_id":"13702","stop_code":"13702","stop_name":"Bosworth St & Milton St"}},{"type":"Feature","geometry":{"type":"Point","coordinates":[-122.42933,37.73349]},"properties":{"stop_id":"13701","stop_code":"13701","stop_name":"Bosworth St & Milton St"}},{"type":"Feature","geometry":{"type":"Point","coordinates":[-122.4267,37.73372]},"properties":{"stop_id":"13703","stop_code":"13703","stop_name":"Bosworth St & Mission St"}},{"type":"Feature","geometry":{"type":"Point","coordinates":[-122.4313,37.73321]},"properties":{"stop_id":"13704","stop_code":"13704","stop_name":"Bosworth St & Rotteck St"}},{"type":"Feature","geometry":{"type":"Point","coordinates":[-122.48158,37.79208]},"properties":{"stop_id":"13706","stop_code":"13706","stop_name":"Bowley St & Lincoln Blvd"}},{"type":"Feature","geometry":{"type":"Point","coordinates":[-122.4094,37.74201]},"properties":{"stop_id":"13708","stop_code":"13708","stop_name":"Bradford St & Bernal Heights Blvd"}},{"type":"Feature","geometry":{"type":"Point","coordinates":[-122.40934,37.74285]},"properties":{"stop_id":"13710","stop_code":"13710","stop_name":"Bradford St & Esmeralda Ave"}},{"type":"Feature","geometry":{"type":"Point","coordinates":[-122.42829,37.72162]},"properties":{"stop_id":"13758","stop_code":"13758","stop_name":"Brazil Ave & Athens St"}},{"type":"Feature","geometry":{"type":"Point","coordinates":[-122.42857,37.72166]},"properties":{"stop_id":"13759","stop_code":"13759","stop_name":"Brazil Ave & Athens St"}},{"type":"Feature","geometry":{"type":"Point","coordinates":[-122.43151,37.72314]},"properties":{"stop_id":"13760","stop_code":"13760","stop_name":"Brazil Ave & Madrid St"}},{"type":"Feature","geometry":{"type":"Point","coordinates":[-122.43465,37.72472]},"properties":{"stop_id":"13761","stop_code":"13761","stop_name":"Brazil Ave & Mission St"}},{"type":"Feature","geometry":{"type":"Point","coordinates":[-122.42776,37.72128]},"properties":{"stop_id":"13763","stop_code":"13763","stop_name":"Brazil Ave & Moscow St"}},{"type":"Feature","geometry":{"type":"Point","coordinates":[-122.42748,37.72122]},"properties":{"stop_id":"13762","stop_code":"13762","stop_name":"Brazil Ave & Moscow St"}},{"type":"Feature","geometry":{"type":"Point","coordinates":[-122.42699,37.7209]},"properties":{"stop_id":"13764","stop_code":"13764","stop_name":"Brazil Ave & Munich St"}},{"type":"Feature","geometry":{"type":"Point","coordinates":[-122.4299,37.72238]},"properties":{"stop_id":"13765","stop_code":"13765","stop_name":"Brazil Ave & Naples St"}},{"type":"Feature","geometry":{"type":"Point","coordinates":[-122.43309,37.72396]},"properties":{"stop_id":"13766","stop_code":"13766","stop_name":"Brazil Ave & Paris St"}},{"type":"Feature","geometry":{"type":"Point","coordinates":[-122.42588,37.72052]},"properties":{"stop_id":"17248","stop_code":"17248","stop_name":"Brazil Ave & Prague St"}},{"type":"Feature","geometry":{"type":"Point","coordinates":[-122.42616,37.72052]},"properties":{"stop_id":"13767","stop_code":"13767","stop_name":"Brazil Ave & Prague St"}},{"type":"Feature","geometry":{"type":"Point","coordinates":[-122.3994,37.73184]},"properties":{"stop_id":"13721","stop_code":"13721","stop_name":"Bridge View Dr & Scotia Ave"}},{"type":"Feature","geometry":{"type":"Point","coordinates":[-122.39769,37.7332]},"properties":{"stop_id":"13722","stop_code":"13722","stop_name":"Bridge View Dr & Topeka Ave"}},{"type":"Feature","geometry":{"type":"Point","coordinates":[-122.45916,37.71315]},"properties":{"stop_id":"13716","stop_code":"13716","stop_name":"Broad St & Capitol Ave"}},{"type":"Feature","geometry":{"type":"Point","coordinates":[-122.45892,37.71319]},"properties":{"stop_id":"13715","stop_code":"13715","stop_name":"Broad St & Capitol Ave"}},{"type":"Feature","geometry":{"type":"Point","coordinates":[-122.46233,37.71318]},"properties":{"stop_id":"13717","stop_code":"13717","stop_name":"Broad St & Orizaba Ave"}},{"type":"Feature","geometry":{"type":"Point","coordinates":[-122.45593,37.71322]},"properties":{"stop_id":"13718","stop_code":"13718","stop_name":"Broad St & Plymouth Ave"}},{"type":"Feature","geometry":{"type":"Point","coordinates":[-122.45618,37.71316]},"properties":{"stop_id":"13719","stop_code":"13719","stop_name":"Broad St & Plymouth Ave"}},{"type":"Feature","geometry":{"type":"Point","coordinates":[-122.40635,37.79783]},"properties":{"stop_id":"13082","stop_code":"13082","stop_name":"Broadway & Columbus Ave"}},{"type":"Feature","geometry":{"type":"Point","coordinates":[-122.40734,37.79785]},"properties":{"stop_id":"17185","stop_code":"17185","stop_name":"Broadway & Grant Ave"}},{"type":"Feature","geometry":{"type":"Point","coordinates":[-122.40396,37.79813]},"properties":{"stop_id":"13084","stop_code":"13084","stop_name":"Broadway & Montgomery St"}},{"type":"Feature","geometry":{"type":"Point","coordinates":[-122.40234,37.79839]},"properties":{"stop_id":"17862","stop_code":"17862","stop_name":"Broadway & Sansome St"}},{"type":"Feature","geometry":{"type":"Point","coordinates":[-122.43628,37.79406]},"properties":{"stop_id":"13086","stop_code":"13086","stop_name":"Broadway & Steiner St"}},{"type":"Feature","geometry":{"type":"Point","coordinates":[-122.43644,37.79413]},"properties":{"stop_id":"13085","stop_code":"13085","stop_name":"Broadway & Steiner St"}},{"type":"Feature","geometry":{"type":"Point","coordinates":[-122.40829,37.79759]},"properties":{"stop_id":"13087","stop_code":"13087","stop_name":"Broadway & Stockton St"}},{"type":"Feature","geometry":{"type":"Point","coordinates":[-122.4448,37.80154]},"properties":{"stop_id":"13072","stop_code":"13072","stop_name":"Broderick St & Bay St"}},{"type":"Feature","geometry":{"type":"Point","coordinates":[-122.44518,37.80342]},"properties":{"stop_id":"13074","stop_code":"13074","stop_name":"Broderick St & Beach St"}},{"type":"Feature","geometry":{"type":"Point","coordinates":[-122.4446,37.80062]},"properties":{"stop_id":"13075","stop_code":"13075","stop_name":"Broderick St & Francisco St"}},{"type":"Feature","geometry":{"type":"Point","coordinates":[-122.44536,37.80434]},"properties":{"stop_id":"13076","stop_code":"13076","stop_name":"Broderick St & Jefferson St"}},{"type":"Feature","geometry":{"type":"Point","coordinates":[-122.44498,37.80248]},"properties":{"stop_id":"13077","stop_code":"13077","stop_name":"Broderick St & North Point St"}},{"type":"Feature","geometry":{"type":"Point","coordinates":[-122.42223,37.7113]},"properties":{"stop_id":"18162","stop_code":"18162","stop_name":"Brookdale Ave & Blythdale Ave"}},{"type":"Feature","geometry":{"type":"Point","coordinates":[-122.42229,37.71133]},"properties":{"stop_id":"18161","stop_code":"18161","stop_name":"Brookdale Ave & Blythdale Ave"}},{"type":"Feature","geometry":{"type":"Point","coordinates":[-122.47278,37.713]},"properties":{"stop_id":"17792","stop_code":"17792","stop_name":"Brotherhood Way & Chumasero Dr"}},{"type":"Feature","geometry":{"type":"Point","coordinates":[-122.47268,37.71296]},"properties":{"stop_id":"13978","stop_code":"13978","stop_name":"Brotherhood Way & Chumasero Dr"}},{"type":"Feature","geometry":{"type":"Point","coordinates":[-122.47557,37.71413]},"properties":{"stop_id":"17797","stop_code":"17797","stop_name":"Brotherhood Way & Church Access Rd"}},{"type":"Feature","geometry":{"type":"Point","coordinates":[-122.48022,37.71449]},"properties":{"stop_id":"17796","stop_code":"17796","stop_name":"Brotherhood Way & Grace Community Church"}},{"type":"Feature","geometry":{"type":"Point","coordinates":[-122.48019,37.7146]},"properties":{"stop_id":"17801","stop_code":"17801","stop_name":"Brotherhood Way & Grace Community Church"}},{"type":"Feature","geometry":{"type":"Point","coordinates":[-122.47457,37.71376]},"properties":{"stop_id":"17793","stop_code":"17793","stop_name":"Brotherhood Way & Summit Way"}},{"type":"Feature","geometry":{"type":"Point","coordinates":[-122.47447,37.71359]},"properties":{"stop_id":"17798","stop_code":"17798","stop_name":"Brotherhood Way & Summit Way"}},{"type":"Feature","geometry":{"type":"Point","coordinates":[-122.4104,37.76549]},"properties":{"stop_id":"13730","stop_code":"13730","stop_name":"Bryant St & 16th St"}},{"type":"Feature","geometry":{"type":"Point","coordinates":[-122.41054,37.7653]},"properties":{"stop_id":"13731","stop_code":"13731","stop_name":"Bryant St & 16th St"}},{"type":"Feature","geometry":{"type":"Point","coordinates":[-122.41041,37.76402]},"properties":{"stop_id":"13733","stop_code":"13733","stop_name":"Bryant St & 17th St"}},{"type":"Feature","geometry":{"type":"Point","coordinates":[-122.41028,37.76422]},"properties":{"stop_id":"13732","stop_code":"13732","stop_name":"Bryant St & 17th St"}},{"type":"Feature","geometry":{"type":"Point","coordinates":[-122.41004,37.76167]},"properties":{"stop_id":"13735","stop_code":"13735","stop_name":"Bryant St & 18th St"}},{"type":"Feature","geometry":{"type":"Point","coordinates":[-122.4102,37.76187]},"properties":{"stop_id":"13734","stop_code":"13734","stop_name":"Bryant St & 18th St"}},{"type":"Feature","geometry":{"type":"Point","coordinates":[-122.40991,37.76038]},"properties":{"stop_id":"13737","stop_code":"13737","stop_name":"Bryant St & 19th St"}},{"type":"Feature","geometry":{"type":"Point","coordinates":[-122.41008,37.76058]},"properties":{"stop_id":"13736","stop_code":"13736","stop_name":"Bryant St & 19th St"}},{"type":"Feature","geometry":{"type":"Point","coordinates":[-122.40966,37.75911]},"properties":{"stop_id":"13739","stop_code":"13739","stop_name":"Bryant St & 20th St"}},{"type":"Feature","geometry":{"type":"Point","coordinates":[-122.40993,37.75933]},"properties":{"stop_id":"13738","stop_code":"13738","stop_name":"Bryant St & 20th St"}},{"type":"Feature","geometry":{"type":"Point","coordinates":[-122.4095,37.75751]},"properties":{"stop_id":"13740","stop_code":"13740","stop_name":"Bryant St & 21st St"}},{"type":"Feature","geometry":{"type":"Point","coordinates":[-122.40961,37.7574]},"properties":{"stop_id":"13741","stop_code":"13741","stop_name":"Bryant St & 21st St"}},{"type":"Feature","geometry":{"type":"Point","coordinates":[-122.40942,37.75621]},"properties":{"stop_id":"13742","stop_code":"13742","stop_name":"Bryant St & 22nd St"}},{"type":"Feature","geometry":{"type":"Point","coordinates":[-122.40949,37.75572]},"properties":{"stop_id":"13743","stop_code":"13743","stop_name":"Bryant St & 22nd St"}},{"type":"Feature","geometry":{"type":"Point","coordinates":[-122.40919,37.75431]},"properties":{"stop_id":"13744","stop_code":"13744","stop_name":"Bryant St & 23rd St"}},{"type":"Feature","geometry":{"type":"Point","coordinates":[-122.40932,37.75415]},"properties":{"stop_id":"13745","stop_code":"13745","stop_name":"Bryant St & 23rd St"}},{"type":"Feature","geometry":{"type":"Point","coordinates":[-122.40909,37.75291]},"properties":{"stop_id":"13746","stop_code":"13746","stop_name":"Bryant St & 24th St"}},{"type":"Feature","geometry":{"type":"Point","coordinates":[-122.40918,37.75273]},"properties":{"stop_id":"13747","stop_code":"13747","stop_name":"Bryant St & 24th St"}},{"type":"Feature","geometry":{"type":"Point","coordinates":[-122.40889,37.75111]},"properties":{"stop_id":"13749","stop_code":"13749","stop_name":"Bryant St & 25th St"}},{"type":"Feature","geometry":{"type":"Point","coordinates":[-122.40907,37.7513]},"properties":{"stop_id":"13748","stop_code":"13748","stop_name":"Bryant St & 25th St"}},{"type":"Feature","geometry":{"type":"Point","coordinates":[-122.40891,37.74969]},"properties":{"stop_id":"13750","stop_code":"13750","stop_name":"Bryant St & 26th St"}},{"type":"Feature","geometry":{"type":"Point","coordinates":[-122.40873,37.74951]},"properties":{"stop_id":"13751","stop_code":"13751","stop_name":"Bryant St & 26th St"}},{"type":"Feature","geometry":{"type":"Point","coordinates":[-122.39867,37.779]},"properties":{"stop_id":"13723","stop_code":"13723","stop_name":"Bryant St & 4th St"}},{"type":"Feature","geometry":{"type":"Point","coordinates":[-122.39995,37.77795]},"properties":{"stop_id":"13724","stop_code":"13724","stop_name":"Bryant St & 5th St"}},{"type":"Feature","geometry":{"type":"Point","coordinates":[-122.40223,37.77616]},"properties":{"stop_id":"13725","stop_code":"13725","stop_name":"Bryant St & 6th St"}},{"type":"Feature","geometry":{"type":"Point","coordinates":[-122.41016,37.76294]},"properties":{"stop_id":"13757","stop_code":"13757","stop_name":"Bryant St & Mariposa St"}},{"type":"Feature","geometry":{"type":"Point","coordinates":[-122.41032,37.76314]},"properties":{"stop_id":"13756","stop_code":"13756","stop_name":"Bryant St & Mariposa St"}},{"type":"Feature","geometry":{"type":"Point","coordinates":[-122.43334,37.80343]},"properties":{"stop_id":"13794","stop_code":"13794","stop_name":"Buchanan St & Bay St"}},{"type":"Feature","geometry":{"type":"Point","coordinates":[-122.4791,37.72855]},"properties":{"stop_id":"17807","stop_code":"17807","stop_name":"Buckingham Way & Winston Dr"}},{"type":"Feature","geometry":{"type":"Point","coordinates":[-122.47913,37.72803]},"properties":{"stop_id":"13803","stop_code":"13803","stop_name":"Buckingham Way & Winston Dr"}},{"type":"Feature","geometry":{"type":"Point","coordinates":[-122.44021,37.76773]},"properties":{"stop_id":"13818","stop_code":"13818","stop_name":"Buena Vista Ave E & Buena Vista Ter"}},{"type":"Feature","geometry":{"type":"Point","coordinates":[-122.43833,37.76883]},"properties":{"stop_id":"13819","stop_code":"13819","stop_name":"Buena Vista Ter & Buena Vista Ave E"}},{"type":"Feature","geometry":{"type":"Point","coordinates":[-122.43808,37.76674]},"properties":{"stop_id":"13820","stop_code":"13820","stop_name":"Buena Vista Ter & Roosevelt Way"}},{"type":"Feature","geometry":{"type":"Point","coordinates":[-122.44494,37.74912]},"properties":{"stop_id":"13712","stop_code":"13712","stop_name":"Burnett Ave & Crestline Dr"}},{"type":"Feature","geometry":{"type":"Point","coordinates":[-122.44509,37.74808]},"properties":{"stop_id":"13713","stop_code":"13713","stop_name":"Burnett Ave & Dawnview Way"}},{"type":"Feature","geometry":{"type":"Point","coordinates":[-122.4449,37.74806]},"properties":{"stop_id":"17685","stop_code":"17685","stop_name":"Burnett Ave & Dawnview Way"}},{"type":"Feature","geometry":{"type":"Point","coordinates":[-122.41658,37.78915]},"properties":{"stop_id":"13812","stop_code":"13812","stop_name":"Bush St & Hyde St"}},{"type":"Feature","geometry":{"type":"Point","coordinates":[-122.41504,37.78931]},"properties":{"stop_id":"13814","stop_code":"13814","stop_name":"Bush St & Leavenworth St"}},{"type":"Feature","geometry":{"type":"Point","coordinates":[-122.40212,37.79092]},"properties":{"stop_id":"13815","stop_code":"13815","stop_name":"Bush St & Montgomery St"}},{"type":"Feature","geometry":{"type":"Point","coordinates":[-122.50799,37.77329]},"properties":{"stop_id":"13925","stop_code":"13925","stop_name":"Cabrillo St & 47th Ave"}},{"type":"Feature","geometry":{"type":"Point","coordinates":[-122.50777,37.77342]},"properties":{"stop_id":"13924","stop_code":"13924","stop_name":"Cabrillo St & 47th Ave"}},{"type":"Feature","geometry":{"type":"Point","coordinates":[-122.46483,37.77538]},"properties":{"stop_id":"17538","stop_code":"17538","stop_name":"Cabrillo St & 7th Ave"}},{"type":"Feature","geometry":{"type":"Point","coordinates":[-122.46501,37.77526]},"properties":{"stop_id":"17539","stop_code":"17539","stop_name":"Cabrillo St & 7th Ave"}},{"type":"Feature","geometry":{"type":"Point","coordinates":[-122.50988,37.77321]},"properties":{"stop_id":"17204","stop_code":"17204","stop_name":"Cabrillo St & La Playa St"}},{"type":"Feature","geometry":{"type":"Point","coordinates":[-122.50998,37.77356]},"properties":{"stop_id":"13927","stop_code":"13927","stop_name":"Cabrillo St & La Playa St"}},{"type":"Feature","geometry":{"type":"Point","coordinates":[-122.46896,37.78455]},"properties":{"stop_id":"13830","stop_code":"13830","stop_name":"California St & 10th Ave"}},{"type":"Feature","geometry":{"type":"Point","coordinates":[-122.46916,37.78466]},"properties":{"stop_id":"13828","stop_code":"13828","stop_name":"California St & 10th Ave"}},{"type":"Feature","geometry":{"type":"Point","coordinates":[-122.47085,37.78459]},"properties":{"stop_id":"13831","stop_code":"13831","stop_name":"California St & 12th Ave"}},{"type":"Feature","geometry":{"type":"Point","coordinates":[-122.4711,37.78445]},"properties":{"stop_id":"13832","stop_code":"13832","stop_name":"California St & 12th Ave"}},{"type":"Feature","geometry":{"type":"Point","coordinates":[-122.4755,37.78425]},"properties":{"stop_id":"13834","stop_code":"13834","stop_name":"California St & 16th Ave"}},{"type":"Feature","geometry":{"type":"Point","coordinates":[-122.47523,37.78439]},"properties":{"stop_id":"13833","stop_code":"13833","stop_name":"California St & 16th Ave"}},{"type":"Feature","geometry":{"type":"Point","coordinates":[-122.47845,37.78424]},"properties":{"stop_id":"13835","stop_code":"13835","stop_name":"California St & 19th Ave"}},{"type":"Feature","geometry":{"type":"Point","coordinates":[-122.47871,37.78411]},"properties":{"stop_id":"13836","stop_code":"13836","stop_name":"California St & 19th Ave"}},{"type":"Feature","geometry":{"type":"Point","coordinates":[-122.48166,37.7841]},"properties":{"stop_id":"13837","stop_code":"13837","stop_name":"California St & 22nd Ave"}},{"type":"Feature","geometry":{"type":"Point","coordinates":[-122.48189,37.78394]},"properties":{"stop_id":"13838","stop_code":"13838","stop_name":"California St & 22nd Ave"}},{"type":"Feature","geometry":{"type":"Point","coordinates":[-122.48482,37.78395]},"properties":{"stop_id":"13839","stop_code":"13839","stop_name":"California St & 25th Ave"}},{"type":"Feature","geometry":{"type":"Point","coordinates":[-122.48529,37.78381]},"properties":{"stop_id":"13840","stop_code":"13840","stop_name":"California St & 25th Ave"}},{"type":"Feature","geometry":{"type":"Point","coordinates":[-122.48807,37.7838]},"properties":{"stop_id":"13841","stop_code":"13841","stop_name":"California St & 28th Ave"}},{"type":"Feature","geometry":{"type":"Point","coordinates":[-122.48846,37.78366]},"properties":{"stop_id":"13842","stop_code":"13842","stop_name":"California St & 28th Ave"}},{"type":"Feature","geometry":{"type":"Point","coordinates":[-122.49009,37.78358]},"properties":{"stop_id":"13844","stop_code":"13844","stop_name":"California St & 30th Ave"}},{"type":"Feature","geometry":{"type":"Point","coordinates":[-122.49051,37.78367]},"properties":{"stop_id":"13843","stop_code":"13843","stop_name":"California St & 30th Ave"}},{"type":"Feature","geometry":{"type":"Point","coordinates":[-122.46229,37.78535]},"properties":{"stop_id":"13822","stop_code":"13822","stop_name":"California St & 4th Ave"}},{"type":"Feature","geometry":{"type":"Point","coordinates":[-122.46218,37.78527]},"properties":{"stop_id":"13823","stop_code":"13823","stop_name":"California St & 4th Ave"}},{"type":"Feature","geometry":{"type":"Point","coordinates":[-122.46428,37.78501]},"properties":{"stop_id":"17844","stop_code":"17844","stop_name":"California St & 6th Ave"}},{"type":"Feature","geometry":{"type":"Point","coordinates":[-122.46464,37.78507]},"properties":{"stop_id":"13824","stop_code":"13824","stop_name":"California St & 6th Ave"}},{"type":"Feature","geometry":{"type":"Point","coordinates":[-122.46471,37.7849]},"properties":{"stop_id":"13825","stop_code":"13825","stop_name":"California St & 6th Ave"}},{"type":"Feature","geometry":{"type":"Point","coordinates":[-122.46543,37.78482]},"properties":{"stop_id":"13826","stop_code":"13826","stop_name":"California St & 7th Ave"}},{"type":"Feature","geometry":{"type":"Point","coordinates":[-122.46682,37.78479]},"properties":{"stop_id":"17160","stop_code":"17160","stop_name":"California St & 8th Ave"}},{"type":"Feature","geometry":{"type":"Point","coordinates":[-122.46683,37.78463]},"properties":{"stop_id":"13827","stop_code":"13827","stop_name":"California St & 8th Ave"}},{"type":"Feature","geometry":{"type":"Point","coordinates":[-122.45904,37.78566]},"properties":{"stop_id":"13846","stop_code":"13846","stop_name":"California St & Arguello Blvd"}},{"type":"Feature","geometry":{"type":"Point","coordinates":[-122.45929,37.7857]},"properties":{"stop_id":"13845","stop_code":"13845","stop_name":"California St & Arguello Blvd"}},{"type":"Feature","geometry":{"type":"Point","coordinates":[-122.44338,37.78762]},"properties":{"stop_id":"13848","stop_code":"13848","stop_name":"California St & Baker St"}},{"type":"Feature","geometry":{"type":"Point","coordinates":[-122.44363,37.78774]},"properties":{"stop_id":"13847","stop_code":"13847","stop_name":"California St & Baker St"}},{"type":"Feature","geometry":{"type":"Point","coordinates":[-122.4001,37.79313]},"properties":{"stop_id":"17444","stop_code":"17444","stop_name":"California St & Battery St"}},{"type":"Feature","geometry":{"type":"Point","coordinates":[-122.39981,37.7933]},"properties":{"stop_id":"13849","stop_code":"13849","stop_name":"California St & Battery St"}},{"type":"Feature","geometry":{"type":"Point","coordinates":[-122.39987,37.79314]},"properties":{"stop_id":"13851","stop_code":"13851","stop_name":"California St & Battery St"}},{"type":"Feature","geometry":{"type":"Point","coordinates":[-122.45683,37.78604]},"properties":{"stop_id":"13852","stop_code":"13852","stop_name":"California St & Cherry St"}},{"type":"Feature","geometry":{"type":"Point","coordinates":[-122.45633,37.78597]},"properties":{"stop_id":"13853","stop_code":"13853","stop_name":"California St & Cherry St"}},{"type":"Feature","geometry":{"type":"Point","coordinates":[-122.39746,37.79359]},"properties":{"stop_id":"13855","stop_code":"13855","stop_name":"California St & Davis St"}},{"type":"Feature","geometry":{"type":"Point","coordinates":[-122.39775,37.79342]},"properties":{"stop_id":"13857","stop_code":"13857","stop_name":"California St & Davis St"}},{"type":"Feature","geometry":{"type":"Point","coordinates":[-122.3968,37.79353]},"properties":{"stop_id":"17294","stop_code":"17294","stop_name":"California St & Davis St"}},{"type":"Feature","geometry":{"type":"Point","coordinates":[-122.44072,37.78795]},"properties":{"stop_id":"13859","stop_code":"13859","stop_name":"California St & Divisadero St"}},{"type":"Feature","geometry":{"type":"Point","coordinates":[-122.44087,37.78809]},"properties":{"stop_id":"13858","stop_code":"13858","stop_name":"California St & Divisadero St"}},{"type":"Feature","geometry":{"type":"Point","coordinates":[-122.39637,37.79368]},"properties":{"stop_id":"13860","stop_code":"13860","stop_name":"California St & Drumm St"}},{"type":"Feature","geometry":{"type":"Point","coordinates":[-122.39864,37.79344]},"properties":{"stop_id":"13863","stop_code":"13863","stop_name":"California St & Front St"}},{"type":"Feature","geometry":{"type":"Point","coordinates":[-122.39892,37.79327]},"properties":{"stop_id":"13864","stop_code":"13864","stop_name":"California St & Front St"}},{"type":"Feature","geometry":{"type":"Point","coordinates":[-122.40593,37.79238]},"properties":{"stop_id":"13866","stop_code":"13866","stop_name":"California St & Grant Ave"}},{"type":"Feature","geometry":{"type":"Point","coordinates":[-122.40596,37.7925]},"properties":{"stop_id":"13865","stop_code":"13865","stop_name":"California St & Grant Ave"}},{"type":"Feature","geometry":{"type":"Point","coordinates":[-122.41754,37.7909]},"properties":{"stop_id":"13868","stop_code":"13868","stop_name":"California St & Hyde St"}},{"type":"Feature","geometry":{"type":"Point","coordinates":[-122.41756,37.79102]},"properties":{"stop_id":"13867","stop_code":"13867","stop_name":"California St & Hyde St"}},{"type":"Feature","geometry":{"type":"Point","coordinates":[-122.4141,37.79135]},"properties":{"stop_id":"13870","stop_code":"13870","stop_name":"California St & Jones St"}},{"type":"Feature","geometry":{"type":"Point","coordinates":[-122.41412,37.79147]},"properties":{"stop_id":"13869","stop_code":"13869","stop_name":"California St & Jones St"}},{"type":"Feature","geometry":{"type":"Point","coordinates":[-122.40425,37.79259]},"properties":{"stop_id":"13872","stop_code":"13872","stop_name":"California St & Kearny St"}},{"type":"Feature","geometry":{"type":"Point","coordinates":[-122.40427,37.79272]},"properties":{"stop_id":"13871","stop_code":"13871","stop_name":"California St & Kearny St"}},{"type":"Feature","geometry":{"type":"Point","coordinates":[-122.41889,37.79087]},"properties":{"stop_id":"13873","stop_code":"13873","stop_name":"California St & Larkin St"}},{"type":"Feature","geometry":{"type":"Point","coordinates":[-122.41916,37.7907]},"properties":{"stop_id":"13874","stop_code":"13874","stop_name":"California St & Larkin St"}},{"type":"Feature","geometry":{"type":"Point","coordinates":[-122.44996,37.78692]},"properties":{"stop_id":"13875","stop_code":"13875","stop_name":"California St & Laurel St"}},{"type":"Feature","geometry":{"type":"Point","coordinates":[-122.44998,37.7868]},"properties":{"stop_id":"13876","stop_code":"13876","stop_name":"California St & Laurel St"}},{"type":"Feature","geometry":{"type":"Point","coordinates":[-122.41561,37.79129]},"properties":{"stop_id":"13877","stop_code":"13877","stop_name":"California St & Leavenworth St"}},{"type":"Feature","geometry":{"type":"Point","coordinates":[-122.41575,37.79113]},"properties":{"stop_id":"13878","stop_code":"13878","stop_name":"California St & Leavenworth St"}},{"type":"Feature","geometry":{"type":"Point","coordinates":[-122.41096,37.79175]},"properties":{"stop_id":"13881","stop_code":"13881","stop_name":"California St & Mason St"}},{"type":"Feature","geometry":{"type":"Point","coordinates":[-122.41098,37.79187]},"properties":{"stop_id":"13880","stop_code":"13880","stop_name":"California St & Mason St"}},{"type":"Feature","geometry":{"type":"Point","coordinates":[-122.40262,37.79293]},"properties":{"stop_id":"13883","stop_code":"13883","stop_name":"California St & Montgomery St"}},{"type":"Feature","geometry":{"type":"Point","coordinates":[-122.40291,37.79276]},"properties":{"stop_id":"13882","stop_code":"13882","stop_name":"California St & Montgomery St"}},{"type":"Feature","geometry":{"type":"Point","coordinates":[-122.47276,37.78437]},"properties":{"stop_id":"13887","stop_code":"13887","stop_name":"California St & Park Presidio Blvd"}},{"type":"Feature","geometry":{"type":"Point","coordinates":[-122.47295,37.78451]},"properties":{"stop_id":"13886","stop_code":"13886","stop_name":"California St & Park Presidio Blvd"}},{"type":"Feature","geometry":{"type":"Point","coordinates":[-122.43681,37.78845]},"properties":{"stop_id":"13885","stop_code":"13885","stop_name":"California St & Pierce St"}},{"type":"Feature","geometry":{"type":"Point","coordinates":[-122.43748,37.78852]},"properties":{"stop_id":"13884","stop_code":"13884","stop_name":"California St & Pierce St"}},{"type":"Feature","geometry":{"type":"Point","coordinates":[-122.42083,37.79049]},"properties":{"stop_id":"13889","stop_code":"13889","stop_name":"California St & Polk St"}},{"type":"Feature","geometry":{"type":"Point","coordinates":[-122.42054,37.79066]},"properties":{"stop_id":"13888","stop_code":"13888","stop_name":"California St & Polk St"}},{"type":"Feature","geometry":{"type":"Point","coordinates":[-122.40942,37.79207]},"properties":{"stop_id":"13890","stop_code":"13890","stop_name":"California St & Powell St"}},{"type":"Feature","geometry":{"type":"Point","coordinates":[-122.40934,37.79195]},"properties":{"stop_id":"13891","stop_code":"13891","stop_name":"California St & Powell St"}},{"type":"Feature","geometry":{"type":"Point","coordinates":[-122.44693,37.78721]},"properties":{"stop_id":"13893","stop_code":"13893","stop_name":"California St & Presidio Ave"}},{"type":"Feature","geometry":{"type":"Point","coordinates":[-122.44697,37.78726]},"properties":{"stop_id":"13892","stop_code":"13892","stop_name":"California St & Presidio Ave"}},{"type":"Feature","geometry":{"type":"Point","coordinates":[-122.40127,37.79297]},"properties":{"stop_id":"13895","stop_code":"13895","stop_name":"California St & Sansome St"}},{"type":"Feature","geometry":{"type":"Point","coordinates":[-122.40098,37.79315]},"properties":{"stop_id":"13894","stop_code":"13894","stop_name":"California St & Sansome St"}},{"type":"Feature","geometry":{"type":"Point","coordinates":[-122.45352,37.78646]},"properties":{"stop_id":"13896","stop_code":"13896","stop_name":"California St & Spruce St"}},{"type":"Feature","geometry":{"type":"Point","coordinates":[-122.45327,37.78638]},"properties":{"stop_id":"13897","stop_code":"13897","stop_name":"California St & Spruce St"}},{"type":"Feature","geometry":{"type":"Point","coordinates":[-122.40753,37.79218]},"properties":{"stop_id":"13900","stop_code":"13900","stop_name":"California St & Stockton St"}},{"type":"Feature","geometry":{"type":"Point","coordinates":[-122.40755,37.79231]},"properties":{"stop_id":"13899","stop_code":"13899","stop_name":"California St & Stockton St"}},{"type":"Feature","geometry":{"type":"Point","coordinates":[-122.41232,37.79171]},"properties":{"stop_id":"13901","stop_code":"13901","stop_name":"California St & Taylor St"}},{"type":"Feature","geometry":{"type":"Point","coordinates":[-122.41261,37.79154]},"properties":{"stop_id":"13902","stop_code":"13902","stop_name":"California St & Taylor St"}},{"type":"Feature","geometry":{"type":"Point","coordinates":[-122.42224,37.79041]},"properties":{"stop_id":"17142","stop_code":"17142","stop_name":"California St & Van Ness Ave"}},{"type":"Feature","geometry":{"type":"Point","coordinates":[-122.38665,37.74577]},"properties":{"stop_id":"14338","stop_code":"14338","stop_name":"Cargo Way & 3rd St"}},{"type":"Feature","geometry":{"type":"Point","coordinates":[-122.38695,37.74606]},"properties":{"stop_id":"14337","stop_code":"14337","stop_name":"Cargo Way & 3rd St"}},{"type":"Feature","geometry":{"type":"Point","coordinates":[-122.4498,37.76586]},"properties":{"stop_id":"13909","stop_code":"13909","stop_name":"Carl St & Cole St"}},{"type":"Feature","geometry":{"type":"Point","coordinates":[-122.45013,37.76575]},"properties":{"stop_id":"13911","stop_code":"13911","stop_name":"Carl St & Cole St"}},{"type":"Feature","geometry":{"type":"Point","coordinates":[-122.45651,37.76493]},"properties":{"stop_id":"13913","stop_code":"13913","stop_name":"Carl St & Hillway Ave"}},{"type":"Feature","geometry":{"type":"Point","coordinates":[-122.45656,37.765]},"properties":{"stop_id":"13912","stop_code":"13912","stop_name":"Carl St & Hillway Ave"}},{"type":"Feature","geometry":{"type":"Point","coordinates":[-122.45259,37.7655]},"properties":{"stop_id":"13914","stop_code":"13914","stop_name":"Carl St & Stanyan St"}},{"type":"Feature","geometry":{"type":"Point","coordinates":[-122.45293,37.76537]},"properties":{"stop_id":"13915","stop_code":"13915","stop_name":"Carl St & Stanyan St"}},{"type":"Feature","geometry":{"type":"Point","coordinates":[-122.44763,37.76092]},"properties":{"stop_id":"14204","stop_code":"14204","stop_name":"Carmel St & Belvedere St"}},{"type":"Feature","geometry":{"type":"Point","coordinates":[-122.44663,37.76094]},"properties":{"stop_id":"14205","stop_code":"14205","stop_name":"Carmel St & Twin Peaks Blvd"}},{"type":"Feature","geometry":{"type":"Point","coordinates":[-122.38354,37.73573]},"properties":{"stop_id":"13920","stop_code":"13920","stop_name":"Cashmere St & Hudson Ave"}},{"type":"Feature","geometry":{"type":"Point","coordinates":[-122.38695,37.73585]},"properties":{"stop_id":"13921","stop_code":"13921","stop_name":"Cashmere St & La Salle Ave"}},{"type":"Feature","geometry":{"type":"Point","coordinates":[-122.38588,37.7366]},"properties":{"stop_id":"13922","stop_code":"13922","stop_name":"Cashmere St & Whitney Young Cir"}},{"type":"Feature","geometry":{"type":"Point","coordinates":[-122.43571,37.76742]},"properties":{"stop_id":"14308","stop_code":"14308","stop_name":"Castro St & 14th St"}},{"type":"Feature","geometry":{"type":"Point","coordinates":[-122.43558,37.76761]},"properties":{"stop_id":"14307","stop_code":"14307","stop_name":"Castro St & 14th St"}},{"type":"Feature","geometry":{"type":"Point","coordinates":[-122.43538,37.76561]},"properties":{"stop_id":"14310","stop_code":"14310","stop_name":"Castro St & 15th St"}},{"type":"Feature","geometry":{"type":"Point","coordinates":[-122.43557,37.76583]},"properties":{"stop_id":"14309","stop_code":"14309","stop_name":"Castro St & 15th St"}},{"type":"Feature","geometry":{"type":"Point","coordinates":[-122.43525,37.76416]},"properties":{"stop_id":"14311","stop_code":"14311","stop_name":"Castro St & 16th St"}},{"type":"Feature","geometry":{"type":"Point","coordinates":[-122.43544,37.76427]},"properties":{"stop_id":"14312","stop_code":"14312","stop_name":"Castro St & 16th St"}},{"type":"Feature","geometry":{"type":"Point","coordinates":[-122.43508,37.76237]},"properties":{"stop_id":"14313","stop_code":"14313","stop_name":"Castro St & 17th St"}},{"type":"Feature","geometry":{"type":"Point","coordinates":[-122.43493,37.76084]},"properties":{"stop_id":"14314","stop_code":"14314","stop_name":"Castro St & 18th St"}},{"type":"Feature","geometry":{"type":"Point","coordinates":[-122.43505,37.76086]},"properties":{"stop_id":"14315","stop_code":"14315","stop_name":"Castro St & 18th St"}},{"type":"Feature","geometry":{"type":"Point","coordinates":[-122.43491,37.75939]},"properties":{"stop_id":"14316","stop_code":"14316","stop_name":"Castro St & 19th St"}},{"type":"Feature","geometry":{"type":"Point","coordinates":[-122.43479,37.75916]},"properties":{"stop_id":"14317","stop_code":"14317","stop_name":"Castro St & 19th St"}},{"type":"Feature","geometry":{"type":"Point","coordinates":[-122.43464,37.75763]},"properties":{"stop_id":"14319","stop_code":"14319","stop_name":"Castro St & 20th St"}},{"type":"Feature","geometry":{"type":"Point","coordinates":[-122.43477,37.75778]},"properties":{"stop_id":"14318","stop_code":"14318","stop_name":"Castro St & 20th St"}},{"type":"Feature","geometry":{"type":"Point","coordinates":[-122.43462,37.7561]},"properties":{"stop_id":"14321","stop_code":"14321","stop_name":"Castro St & 21st St"}},{"type":"Feature","geometry":{"type":"Point","coordinates":[-122.43447,37.75596]},"properties":{"stop_id":"14320","stop_code":"14320","stop_name":"Castro St & 21st St"}},{"type":"Feature","geometry":{"type":"Point","coordinates":[-122.43448,37.75464]},"properties":{"stop_id":"14322","stop_code":"14322","stop_name":"Castro St & 22nd St"}},{"type":"Feature","geometry":{"type":"Point","coordinates":[-122.43431,37.75441]},"properties":{"stop_id":"14323","stop_code":"14323","stop_name":"Castro St & 22nd St"}},{"type":"Feature","geometry":{"type":"Point","coordinates":[-122.43432,37.7529]},"properties":{"stop_id":"14325","stop_code":"14325","stop_name":"Castro St & 23rd St"}},{"type":"Feature","geometry":{"type":"Point","coordinates":[-122.43416,37.75278]},"properties":{"stop_id":"14324","stop_code":"14324","stop_name":"Castro St & 23rd St"}},{"type":"Feature","geometry":{"type":"Point","coordinates":[-122.43411,37.75131]},"properties":{"stop_id":"14327","stop_code":"14327","stop_name":"Castro St & 24th St"}},{"type":"Feature","geometry":{"type":"Point","coordinates":[-122.43401,37.7512]},"properties":{"stop_id":"14326","stop_code":"14326","stop_name":"Castro St & 24th St"}},{"type":"Feature","geometry":{"type":"Point","coordinates":[-122.43404,37.74981]},"properties":{"stop_id":"14328","stop_code":"14328","stop_name":"Castro St & 25th St"}},{"type":"Feature","geometry":{"type":"Point","coordinates":[-122.43383,37.7496]},"properties":{"stop_id":"14329","stop_code":"14329","stop_name":"Castro St & 25th St"}},{"type":"Feature","geometry":{"type":"Point","coordinates":[-122.43389,37.7482]},"properties":{"stop_id":"17290","stop_code":"17290","stop_name":"Castro St & 26th St"}},{"type":"Feature","geometry":{"type":"Point","coordinates":[-122.43596,37.76918]},"properties":{"stop_id":"14330","stop_code":"14330","stop_name":"Castro St & Duboce Ave"}},{"type":"Feature","geometry":{"type":"Point","coordinates":[-122.43571,37.76895]},"properties":{"stop_id":"14331","stop_code":"14331","stop_name":"Castro St & Duboce Ave"}},{"type":"Feature","geometry":{"type":"Point","coordinates":[-122.43405,37.75189]},"properties":{"stop_id":"14332","stop_code":"14332","stop_name":"Castro St & Elizabeth St"}},{"type":"Feature","geometry":{"type":"Point","coordinates":[-122.43425,37.75208]},"properties":{"stop_id":"14333","stop_code":"14333","stop_name":"Castro St & Elizabeth St"}},{"type":"Feature","geometry":{"type":"Point","coordinates":[-122.43527,37.7624]},"properties":{"stop_id":"14334","stop_code":"14334","stop_name":"Castro St & Market St"}},{"type":"Feature","geometry":{"type":"Point","coordinates":[-122.43996,37.72208]},"properties":{"stop_id":"17067","stop_code":"17067","stop_name":"Cayuga Ave & Onondaga Ave"}},{"type":"Feature","geometry":{"type":"Point","coordinates":[-122.40956,37.74837]},"properties":{"stop_id":"17750","stop_code":"17750","stop_name":"C. Chavez St&Florida St"}},{"type":"Feature","geometry":{"type":"Point","coordinates":[-122.41138,37.74834]},"properties":{"stop_id":"17751","stop_code":"17751","stop_name":"C. Chavez St&Harrison St"}},{"type":"Feature","geometry":{"type":"Point","coordinates":[-122.40976,37.74823]},"properties":{"stop_id":"13930","stop_code":"13930","stop_name":"Cesar Chavez St & Florida St"}},{"type":"Feature","geometry":{"type":"Point","coordinates":[-122.41382,37.74815]},"properties":{"stop_id":"13932","stop_code":"13932","stop_name":"Cesar Chavez St & Folsom St"}},{"type":"Feature","geometry":{"type":"Point","coordinates":[-122.41398,37.74834]},"properties":{"stop_id":"13931","stop_code":"13931","stop_name":"Cesar Chavez St & Folsom St"}},{"type":"Feature","geometry":{"type":"Point","coordinates":[-122.41163,37.7482]},"properties":{"stop_id":"13934","stop_code":"13934","stop_name":"Cesar Chavez St & Harrison St"}},{"type":"Feature","geometry":{"type":"Point","coordinates":[-122.41808,37.7481]},"properties":{"stop_id":"17551","stop_code":"17551","stop_name":"Cesar Chavez St & Mission St"}},{"type":"Feature","geometry":{"type":"Point","coordinates":[-122.41837,37.74823]},"properties":{"stop_id":"13935","stop_code":"13935","stop_name":"Cesar Chavez St & Mission St"}},{"type":"Feature","geometry":{"type":"Point","coordinates":[-122.41576,37.74831]},"properties":{"stop_id":"13936","stop_code":"13936","stop_name":"Cesar Chavez St & South Van Ness Ave"}},{"type":"Feature","geometry":{"type":"Point","coordinates":[-122.42006,37.74806]},"properties":{"stop_id":"17592","stop_code":"17592","stop_name":"Cesar Chavez St & Valencia St"}},{"type":"Feature","geometry":{"type":"Point","coordinates":[-122.42575,37.74202]},"properties":{"stop_id":"13965","stop_code":"13965","stop_name":"Chenery St & 30th St"}},{"type":"Feature","geometry":{"type":"Point","coordinates":[-122.42582,37.74191]},"properties":{"stop_id":"13966","stop_code":"13966","stop_name":"Chenery St & 30th St"}},{"type":"Feature","geometry":{"type":"Point","coordinates":[-122.43233,37.7346]},"properties":{"stop_id":"13967","stop_code":"13967","stop_name":"Chenery St & Castro St"}},{"type":"Feature","geometry":{"type":"Point","coordinates":[-122.42579,37.7389]},"properties":{"stop_id":"13968","stop_code":"13968","stop_name":"Chenery St & Fairmount St"}},{"type":"Feature","geometry":{"type":"Point","coordinates":[-122.42894,37.73646]},"properties":{"stop_id":"13969","stop_code":"13969","stop_name":"Chenery St & Mateo St"}},{"type":"Feature","geometry":{"type":"Point","coordinates":[-122.429,37.73633]},"properties":{"stop_id":"13970","stop_code":"13970","stop_name":"Chenery St & Mateo St"}},{"type":"Feature","geometry":{"type":"Point","coordinates":[-122.42792,37.73711]},"properties":{"stop_id":"13972","stop_code":"13972","stop_name":"Chenery St & Miguel St"}},{"type":"Feature","geometry":{"type":"Point","coordinates":[-122.42775,37.73714]},"properties":{"stop_id":"13971","stop_code":"13971","stop_name":"Chenery St & Miguel St"}},{"type":"Feature","geometry":{"type":"Point","coordinates":[-122.43191,37.73458]},"properties":{"stop_id":"13973","stop_code":"13973","stop_name":"Chenery St & Natick St"}},{"type":"Feature","geometry":{"type":"Point","coordinates":[-122.42569,37.73993]},"properties":{"stop_id":"13974","stop_code":"13974","stop_name":"Chenery St & Randall St"}},{"type":"Feature","geometry":{"type":"Point","coordinates":[-122.4255,37.73962]},"properties":{"stop_id":"13975","stop_code":"13975","stop_name":"Chenery St & Randall St"}},{"type":"Feature","geometry":{"type":"Point","coordinates":[-122.43028,37.73548]},"properties":{"stop_id":"13977","stop_code":"13977","stop_name":"Chenery St & Roanoke St"}},{"type":"Feature","geometry":{"type":"Point","coordinates":[-122.4302,37.73563]},"properties":{"stop_id":"13976","stop_code":"13976","stop_name":"Chenery St & Roanoke St"}},{"type":"Feature","geometry":{"type":"Point","coordinates":[-122.44275,37.80005]},"properties":{"stop_id":"13940","stop_code":"13940","stop_name":"Chestnut St & Divisadero St"}},{"type":"Feature","geometry":{"type":"Point","coordinates":[-122.43637,37.80074]},"properties":{"stop_id":"13942","stop_code":"13942","stop_name":"Chestnut St & Fillmore St"}},{"type":"Feature","geometry":{"type":"Point","coordinates":[-122.43624,37.80085]},"properties":{"stop_id":"13941","stop_code":"13941","stop_name":"Chestnut St & Fillmore St"}},{"type":"Feature","geometry":{"type":"Point","coordinates":[-122.4281,37.80183]},"properties":{"stop_id":"17856","stop_code":"17856","stop_name":"Chestnut St & Gough St"}},{"type":"Feature","geometry":{"type":"Point","coordinates":[-122.42795,37.80191]},"properties":{"stop_id":"17857","stop_code":"17857","stop_name":"Chestnut St & Gough St"}},{"type":"Feature","geometry":{"type":"Point","coordinates":[-122.43148,37.80149]},"properties":{"stop_id":"13947","stop_code":"13947","stop_name":"Chestnut St & Laguna St"}},{"type":"Feature","geometry":{"type":"Point","coordinates":[-122.43141,37.80137]},"properties":{"stop_id":"13948","stop_code":"13948","stop_name":"Chestnut St & Laguna St"}},{"type":"Feature","geometry":{"type":"Point","coordinates":[-122.43962,37.80031]},"properties":{"stop_id":"13953","stop_code":"13953","stop_name":"Chestnut St & Pierce St"}},{"type":"Feature","geometry":{"type":"Point","coordinates":[-122.43935,37.80051]},"properties":{"stop_id":"13952","stop_code":"13952","stop_name":"Chestnut St & Pierce St"}},{"type":"Feature","geometry":{"type":"Point","coordinates":[-122.42489,37.8022]},"properties":{"stop_id":"13957","stop_code":"13957","stop_name":"Chestnut St & Van Ness Ave"}},{"type":"Feature","geometry":{"type":"Point","coordinates":[-122.4347,37.80095]},"properties":{"stop_id":"13959","stop_code":"13959","stop_name":"Chestnut St & Webster St"}},{"type":"Feature","geometry":{"type":"Point","coordinates":[-122.4345,37.8011]},"properties":{"stop_id":"13958","stop_code":"13958","stop_name":"Chestnut St & Webster St"}},{"type":"Feature","geometry":{"type":"Point","coordinates":[-122.43434,37.70897]},"properties":{"stop_id":"13961","stop_code":"13961","stop_name":"Chicago Way & Cordova Ave"}},{"type":"Feature","geometry":{"type":"Point","coordinates":[-122.43422,37.70887]},"properties":{"stop_id":"13960","stop_code":"13960","stop_name":"Chicago Way & Cordova Ave"}},{"type":"Feature","geometry":{"type":"Point","coordinates":[-122.4325,37.70963]},"properties":{"stop_id":"13963","stop_code":"13963","stop_name":"Chicago Way & Naylor St"}},{"type":"Feature","geometry":{"type":"Point","coordinates":[-122.43243,37.70983]},"properties":{"stop_id":"13962","stop_code":"13962","stop_name":"Chicago Way & Naylor St"}},{"type":"Feature","geometry":{"type":"Point","coordinates":[-122.43138,37.71057]},"properties":{"stop_id":"13964","stop_code":"13964","stop_name":"Chicago Way & South Hill Blvd"}},{"type":"Feature","geometry":{"type":"Point","coordinates":[-122.40808,37.79481]},"properties":{"stop_id":"17876","stop_code":"17876","stop_name":"Chinatown - Rose Pak Station"}},{"type":"Feature","geometry":{"type":"Point","coordinates":[-122.47278,37.7131]},"properties":{"stop_id":"13979","stop_code":"13979","stop_name":"Chumasero Dr & Brotherhood Way"}},{"type":"Feature","geometry":{"type":"Point","coordinates":[-122.47313,37.71495]},"properties":{"stop_id":"13981","stop_code":"13981","stop_name":"Chumasero Dr & Font Blvd"}},{"type":"Feature","geometry":{"type":"Point","coordinates":[-122.47316,37.71415]},"properties":{"stop_id":"17805","stop_code":"17805","stop_name":"Chumasero Dr & Galindo Ave"}},{"type":"Feature","geometry":{"type":"Point","coordinates":[-122.42872,37.76462]},"properties":{"stop_id":"13984","stop_code":"13984","stop_name":"Church St & 16th St"}},{"type":"Feature","geometry":{"type":"Point","coordinates":[-122.42861,37.76438]},"properties":{"stop_id":"13985","stop_code":"13985","stop_name":"Church St & 16th St"}},{"type":"Feature","geometry":{"type":"Point","coordinates":[-122.42842,37.76147]},"properties":{"stop_id":"13987","stop_code":"13987","stop_name":"Church St & 18th St"}},{"type":"Feature","geometry":{"type":"Point","coordinates":[-122.42764,37.75474]},"properties":{"stop_id":"13994","stop_code":"13994","stop_name":"Church St & 22nd St"}},{"type":"Feature","geometry":{"type":"Point","coordinates":[-122.42775,37.75461]},"properties":{"stop_id":"16218","stop_code":"16218","stop_name":"Church St & 22nd St"}},{"type":"Feature","geometry":{"type":"Point","coordinates":[-122.42735,37.75159]},"properties":{"stop_id":"13996","stop_code":"13996","stop_name":"Church St & 24th St"}},{"type":"Feature","geometry":{"type":"Point","coordinates":[-122.4275,37.7518]},"properties":{"stop_id":"13995","stop_code":"13995","stop_name":"Church St & 24th St"}},{"type":"Feature","geometry":{"type":"Point","coordinates":[-122.42726,37.7486]},"properties":{"stop_id":"18156","stop_code":"18156","stop_name":"Church St & 26th St"}},{"type":"Feature","geometry":{"type":"Point","coordinates":[-122.42706,37.74842]},"properties":{"stop_id":"18155","stop_code":"18155","stop_name":"Church St & 26th St"}},{"type":"Feature","geometry":{"type":"Point","coordinates":[-122.42696,37.7454]},"properties":{"stop_id":"18158","stop_code":"18158","stop_name":"Church St & 28th St"}},{"type":"Feature","geometry":{"type":"Point","coordinates":[-122.42674,37.74522]},"properties":{"stop_id":"18157","stop_code":"18157","stop_name":"Church St & 28th St"}},{"type":"Feature","geometry":{"type":"Point","coordinates":[-122.42659,37.74359]},"properties":{"stop_id":"13999","stop_code":"13999","stop_name":"Church St & 29th St"}},{"type":"Feature","geometry":{"type":"Point","coordinates":[-122.42646,37.74222]},"properties":{"stop_id":"14000","stop_code":"14000","stop_name":"Church St & 30th St"}},{"type":"Feature","geometry":{"type":"Point","coordinates":[-122.42665,37.74281]},"properties":{"stop_id":"14004","stop_code":"14004","stop_name":"Church St & Day St"}},{"type":"Feature","geometry":{"type":"Point","coordinates":[-122.42917,37.7695]},"properties":{"stop_id":"14005","stop_code":"14005","stop_name":"Church St & Duboce Ave"}},{"type":"Feature","geometry":{"type":"Point","coordinates":[-122.42909,37.7693]},"properties":{"stop_id":"14006","stop_code":"14006","stop_name":"Church St & Duboce Ave"}},{"type":"Feature","geometry":{"type":"Point","coordinates":[-122.42903,37.76932]},"properties":{"stop_id":"17074","stop_code":"17074","stop_name":"Church St & Duboce Ave"}},{"type":"Feature","geometry":{"type":"Point","coordinates":[-122.42893,37.76751]},"properties":{"stop_id":"17073","stop_code":"17073","stop_name":"Church St & Market St"}},{"type":"Feature","geometry":{"type":"Point","coordinates":[-122.42905,37.76729]},"properties":{"stop_id":"18059","stop_code":"18059","stop_name":"Church St & Market St"}},{"type":"Feature","geometry":{"type":"Point","coordinates":[-122.45226,37.7241]},"properties":{"stop_id":"15922","stop_code":"15922","stop_name":"City College Bookstore"}},{"type":"Feature","geometry":{"type":"Point","coordinates":[-122.45243,37.72385]},"properties":{"stop_id":"15923","stop_code":"15923","stop_name":"City College Bookstore"}},{"type":"Feature","geometry":{"type":"Point","coordinates":[-122.45259,37.72372]},"properties":{"stop_id":"15926","stop_code":"15926","stop_name":"City College Terminal"}},{"type":"Feature","geometry":{"type":"Point","coordinates":[-122.45138,37.7489]},"properties":{"stop_id":"14335","stop_code":"14335","stop_name":"City View Way & Knollview Way"}},{"type":"Feature","geometry":{"type":"Point","coordinates":[-122.45839,37.75171]},"properties":{"stop_id":"14032","stop_code":"14032","stop_name":"Clarendon Ave & Clarendon Woods S"}},{"type":"Feature","geometry":{"type":"Point","coordinates":[-122.45586,37.75307]},"properties":{"stop_id":"14033","stop_code":"14033","stop_name":"Clarendon Ave & Galewood Circle"}},{"type":"Feature","geometry":{"type":"Point","coordinates":[-122.45618,37.75163]},"properties":{"stop_id":"14035","stop_code":"14035","stop_name":"Clarendon Ave & Olympia Way"}},{"type":"Feature","geometry":{"type":"Point","coordinates":[-122.45551,37.75368]},"properties":{"stop_id":"14037","stop_code":"14037","stop_name":"Clarendon Ave & Panorama Dr"}},{"type":"Feature","geometry":{"type":"Point","coordinates":[-122.39785,37.79528]},"properties":{"stop_id":"18154","stop_code":"18154","stop_name":"Clay St & Davis St"}},{"type":"Feature","geometry":{"type":"Point","coordinates":[-122.39747,37.79532]},"properties":{"stop_id":"14015","stop_code":"14015","stop_name":"Clay St & Drumm St"}},{"type":"Feature","geometry":{"type":"Point","coordinates":[-122.42446,37.79191]},"properties":{"stop_id":"14016","stop_code":"14016","stop_name":"Clay St & Franklin St"}},{"type":"Feature","geometry":{"type":"Point","coordinates":[-122.3991,37.79512]},"properties":{"stop_id":"14017","stop_code":"14017","stop_name":"Clay St & Front St"}},{"type":"Feature","geometry":{"type":"Point","coordinates":[-122.40597,37.79426]},"properties":{"stop_id":"14018","stop_code":"14018","stop_name":"Clay St & Grant Ave"}},{"type":"Feature","geometry":{"type":"Point","coordinates":[-122.4179,37.79276]},"properties":{"stop_id":"14019","stop_code":"14019","stop_name":"Clay St & Hyde St"}},{"type":"Feature","geometry":{"type":"Point","coordinates":[-122.41462,37.79317]},"properties":{"stop_id":"14020","stop_code":"14020","stop_name":"Clay St & Jones St"}},{"type":"Feature","geometry":{"type":"Point","coordinates":[-122.40441,37.79448]},"properties":{"stop_id":"14021","stop_code":"14021","stop_name":"Clay St & Kearny St"}},{"type":"Feature","geometry":{"type":"Point","coordinates":[-122.41959,37.79253]},"properties":{"stop_id":"14022","stop_code":"14022","stop_name":"Clay St & Larkin St"}},{"type":"Feature","geometry":{"type":"Point","coordinates":[-122.4163,37.79296]},"properties":{"stop_id":"14023","stop_code":"14023","stop_name":"Clay St & Leavenworth St"}},{"type":"Feature","geometry":{"type":"Point","coordinates":[-122.41082,37.79365]},"properties":{"stop_id":"14024","stop_code":"14024","stop_name":"Clay St & Mason St"}},{"type":"Feature","geometry":{"type":"Point","coordinates":[-122.40277,37.79468]},"properties":{"stop_id":"14025","stop_code":"14025","stop_name":"Clay St & Montgomery St"}},{"type":"Feature","geometry":{"type":"Point","coordinates":[-122.42101,37.79236]},"properties":{"stop_id":"14026","stop_code":"14026","stop_name":"Clay St & Polk St"}},{"type":"Feature","geometry":{"type":"Point","coordinates":[-122.40959,37.79383]},"properties":{"stop_id":"14027","stop_code":"14027","stop_name":"Clay St & Powell St"}},{"type":"Feature","geometry":{"type":"Point","coordinates":[-122.40132,37.79478]},"properties":{"stop_id":"14028","stop_code":"14028","stop_name":"Clay St & Sansome St"}},{"type":"Feature","geometry":{"type":"Point","coordinates":[-122.40756,37.79408]},"properties":{"stop_id":"14029","stop_code":"14029","stop_name":"Clay St & Stockton St"}},{"type":"Feature","geometry":{"type":"Point","coordinates":[-122.41274,37.79336]},"properties":{"stop_id":"14030","stop_code":"14030","stop_name":"Clay St & Taylor St"}},{"type":"Feature","geometry":{"type":"Point","coordinates":[-122.42291,37.79211]},"properties":{"stop_id":"14031","stop_code":"14031","stop_name":"Clay St & Van Ness Ave"}},{"type":"Feature","geometry":{"type":"Point","coordinates":[-122.44794,37.76615]},"properties":{"stop_id":"14074","stop_code":"14074","stop_name":"Clayton St & Carl St"}},{"type":"Feature","geometry":{"type":"Point","coordinates":[-122.44778,37.76629]},"properties":{"stop_id":"14073","stop_code":"14073","stop_name":"Clayton St & Carl St"}},{"type":"Feature","geometry":{"type":"Point","coordinates":[-122.44587,37.75867]},"properties":{"stop_id":"14076","stop_code":"14076","stop_name":"Clayton St & Corbett Ave"}},{"type":"Feature","geometry":{"type":"Point","coordinates":[-122.44594,37.75879]},"properties":{"stop_id":"14075","stop_code":"14075","stop_name":"Clayton St & Corbett Ave"}},{"type":"Feature","geometry":{"type":"Point","coordinates":[-122.4463,37.7603]},"properties":{"stop_id":"18164","stop_code":"18164","stop_name":"Clayton St & Deming St"}},{"type":"Feature","geometry":{"type":"Point","coordinates":[-122.44792,37.76694]},"properties":{"stop_id":"14078","stop_code":"14078","stop_name":"Clayton St & Frederick St"}},{"type":"Feature","geometry":{"type":"Point","coordinates":[-122.44432,37.75822]},"properties":{"stop_id":"14080","stop_code":"14080","stop_name":"Clayton St & Market St"}},{"type":"Feature","geometry":{"type":"Point","coordinates":[-122.44448,37.75838]},"properties":{"stop_id":"14079","stop_code":"14079","stop_name":"Clayton St & Market St"}},{"type":"Feature","geometry":{"type":"Point","coordinates":[-122.44776,37.76523]},"properties":{"stop_id":"14082","stop_code":"14082","stop_name":"Clayton St & Parnassus Ave"}},{"type":"Feature","geometry":{"type":"Point","coordinates":[-122.44761,37.76541]},"properties":{"stop_id":"14081","stop_code":"14081","stop_name":"Clayton St & Parnassus Ave"}},{"type":"Feature","geometry":{"type":"Point","coordinates":[-122.44648,37.76086]},"properties":{"stop_id":"14070","stop_code":"14070","stop_name":"Clayton St & Twin Peaks Blvd"}},{"type":"Feature","geometry":{"type":"Point","coordinates":[-122.4944,37.78164]},"properties":{"stop_id":"14069","stop_code":"14069","stop_name":"Clement St & Legion Of Honor Dr"}},{"type":"Feature","geometry":{"type":"Point","coordinates":[-122.37098,37.81606]},"properties":{"stop_id":"18000","stop_code":"18000","stop_name":"Clipper Cove Way & Treasure Island Rd"}},{"type":"Feature","geometry":{"type":"Point","coordinates":[-122.44396,37.74689]},"properties":{"stop_id":"14071","stop_code":"14071","stop_name":"Clipper St & Diamond Heights Blvd"}},{"type":"Feature","geometry":{"type":"Point","coordinates":[-122.43593,37.74883]},"properties":{"stop_id":"17921","stop_code":"17921","stop_name":"Clipper St & Diamond St"}},{"type":"Feature","geometry":{"type":"Point","coordinates":[-122.43837,37.74862]},"properties":{"stop_id":"18035","stop_code":"18035","stop_name":"Clipper St & Douglass St"}},{"type":"Feature","geometry":{"type":"Point","coordinates":[-122.43843,37.74873]},"properties":{"stop_id":"18034","stop_code":"18034","stop_name":"Clipper St & Douglass St"}},{"type":"Feature","geometry":{"type":"Point","coordinates":[-122.44245,37.74829]},"properties":{"stop_id":"18067","stop_code":"18067","stop_name":"Clipper St & Grand View Ave"}},{"type":"Feature","geometry":{"type":"Point","coordinates":[-122.445,37.7467]},"properties":{"stop_id":"14072","stop_code":"14072","stop_name":"Clipper St & Portola Dr"}},{"type":"Feature","geometry":{"type":"Point","coordinates":[-122.40579,37.80266]},"properties":{"stop_id":"14087","stop_code":"14087","stop_name":"Coit Tower"}},{"type":"Feature","geometry":{"type":"Point","coordinates":[-122.44921,37.76171]},"properties":{"stop_id":"14088","stop_code":"14088","stop_name":"Cole St & 17th St"}},{"type":"Feature","geometry":{"type":"Point","coordinates":[-122.44938,37.76313]},"properties":{"stop_id":"14090","stop_code":"14090","stop_name":"Cole St & Alma St"}},{"type":"Feature","geometry":{"type":"Point","coordinates":[-122.44953,37.76326]},"properties":{"stop_id":"14089","stop_code":"14089","stop_name":"Cole St & Alma St"}},{"type":"Feature","geometry":{"type":"Point","coordinates":[-122.44991,37.76594]},"properties":{"stop_id":"14091","stop_code":"14091","stop_name":"Cole St & Carl St"}},{"type":"Feature","geometry":{"type":"Point","coordinates":[-122.44996,37.76556]},"properties":{"stop_id":"14092","stop_code":"14092","stop_name":"Cole St & Carl St"}},{"type":"Feature","geometry":{"type":"Point","coordinates":[-122.45007,37.76591]},"properties":{"stop_id":"17282","stop_code":"17282","stop_name":"Cole St & Carl St"}},{"type":"Feature","geometry":{"type":"Point","coordinates":[-122.44905,37.76093]},"properties":{"stop_id":"14093","stop_code":"14093","stop_name":"Cole St & Carmel St"}},{"type":"Feature","geometry":{"type":"Point","coordinates":[-122.4502,37.76683]},"properties":{"stop_id":"14094","stop_code":"14094","stop_name":"Cole St & Frederick St"}},{"type":"Feature","geometry":{"type":"Point","coordinates":[-122.45061,37.76946]},"properties":{"stop_id":"14095","stop_code":"14095","stop_name":"Cole St & Haight St"}},{"type":"Feature","geometry":{"type":"Point","coordinates":[-122.45077,37.76945]},"properties":{"stop_id":"14096","stop_code":"14096","stop_name":"Cole St & Haight St"}},{"type":"Feature","geometry":{"type":"Point","coordinates":[-122.44971,37.76477]},"properties":{"stop_id":"14097","stop_code":"14097","stop_name":"Cole St & Parnassus Ave"}},{"type":"Feature","geometry":{"type":"Point","coordinates":[-122.44978,37.76462]},"properties":{"stop_id":"14098","stop_code":"14098","stop_name":"Cole St & Parnassus Ave"}},{"type":"Feature","geometry":{"type":"Point","coordinates":[-122.45043,37.76853]},"properties":{"stop_id":"14099","stop_code":"14099","stop_name":"Cole St & Waller St"}},{"type":"Feature","geometry":{"type":"Point","coordinates":[-122.41784,37.80551]},"properties":{"stop_id":"14100","stop_code":"14100","stop_name":"Columbus Ave & Bay St"}},{"type":"Feature","geometry":{"type":"Point","coordinates":[-122.4069,37.79812]},"properties":{"stop_id":"14101","stop_code":"14101","stop_name":"Columbus Ave & Broadway"}},{"type":"Feature","geometry":{"type":"Point","coordinates":[-122.41398,37.80283]},"properties":{"stop_id":"17181","stop_code":"17181","stop_name":"Columbus Ave & Chestnut St"}},{"type":"Feature","geometry":{"type":"Point","coordinates":[-122.41459,37.80341]},"properties":{"stop_id":"14104","stop_code":"14104","stop_name":"Columbus Ave & Chestnut St"}},{"type":"Feature","geometry":{"type":"Point","coordinates":[-122.41514,37.80379]},"properties":{"stop_id":"14103","stop_code":"14103","stop_name":"Columbus Ave & Chestnut St"}},{"type":"Feature","geometry":{"type":"Point","coordinates":[-122.4116,37.80119]},"properties":{"stop_id":"14105","stop_code":"14105","stop_name":"Columbus Ave & Filbert St"}},{"type":"Feature","geometry":{"type":"Point","coordinates":[-122.41617,37.80452]},"properties":{"stop_id":"14106","stop_code":"14106","stop_name":"Columbus Ave & Francisco St"}},{"type":"Feature","geometry":{"type":"Point","coordinates":[-122.41597,37.80421]},"properties":{"stop_id":"14107","stop_code":"14107","stop_name":"Columbus Ave & Francisco St"}},{"type":"Feature","geometry":{"type":"Point","coordinates":[-122.40872,37.79939]},"properties":{"stop_id":"14108","stop_code":"14108","stop_name":"Columbus Ave & Green St"}},{"type":"Feature","geometry":{"type":"Point","coordinates":[-122.40574,37.79732]},"properties":{"stop_id":"14111","stop_code":"14111","stop_name":"Columbus Ave & Kearny St"}},{"type":"Feature","geometry":{"type":"Point","coordinates":[-122.41353,37.80269]},"properties":{"stop_id":"14113","stop_code":"14113","stop_name":"Columbus Ave & Lombard St"}},{"type":"Feature","geometry":{"type":"Point","coordinates":[-122.41365,37.8026]},"properties":{"stop_id":"14114","stop_code":"14114","stop_name":"Columbus Ave & Lombard St"}},{"type":"Feature","geometry":{"type":"Point","coordinates":[-122.41266,37.80209]},"properties":{"stop_id":"14115","stop_code":"14115","stop_name":"Columbus Ave & Mason St"}},{"type":"Feature","geometry":{"type":"Point","coordinates":[-122.41759,37.80549]},"properties":{"stop_id":"14116","stop_code":"14116","stop_name":"Columbus Ave & North Point St"}},{"type":"Feature","geometry":{"type":"Point","coordinates":[-122.41464,37.80329]},"properties":{"stop_id":"14118","stop_code":"14118","stop_name":"Columbus Ave & Taylor St"}},{"type":"Feature","geometry":{"type":"Point","coordinates":[-122.41036,37.8005]},"properties":{"stop_id":"14119","stop_code":"14119","stop_name":"Columbus Ave & Union St"}},{"type":"Feature","geometry":{"type":"Point","coordinates":[-122.41051,37.80038]},"properties":{"stop_id":"14120","stop_code":"14120","stop_name":"Columbus Ave & Union St"}},{"type":"Feature","geometry":{"type":"Point","coordinates":[-122.46615,37.77044]},"properties":{"stop_id":"14771","stop_code":"14771","stop_name":"Concourse Dr At Acad Of Sciences"}},{"type":"Feature","geometry":{"type":"Point","coordinates":[-122.39766,37.76498]},"properties":{"stop_id":"14123","stop_code":"14123","stop_name":"Connecticut St & 17th St"}},{"type":"Feature","geometry":{"type":"Point","coordinates":[-122.39778,37.76475]},"properties":{"stop_id":"14124","stop_code":"14124","stop_name":"Connecticut St & 17th St"}},{"type":"Feature","geometry":{"type":"Point","coordinates":[-122.39741,37.76243]},"properties":{"stop_id":"14126","stop_code":"14126","stop_name":"Connecticut St & 18th St"}},{"type":"Feature","geometry":{"type":"Point","coordinates":[-122.39757,37.76261]},"properties":{"stop_id":"14125","stop_code":"14125","stop_name":"Connecticut St & 18th St"}},{"type":"Feature","geometry":{"type":"Point","coordinates":[-122.39733,37.76115]},"properties":{"stop_id":"14127","stop_code":"14127","stop_name":"Connecticut St & 19th St"}},{"type":"Feature","geometry":{"type":"Point","coordinates":[-122.39747,37.76133]},"properties":{"stop_id":"17544","stop_code":"17544","stop_name":"Connecticut St & 19th St"}},{"type":"Feature","geometry":{"type":"Point","coordinates":[-122.39648,37.75229]},"properties":{"stop_id":"14128","stop_code":"14128","stop_name":"Connecticut St & 25th St"}},{"type":"Feature","geometry":{"type":"Point","coordinates":[-122.39649,37.75103]},"properties":{"stop_id":"14130","stop_code":"14130","stop_name":"Connecticut St & 26th St"}},{"type":"Feature","geometry":{"type":"Point","coordinates":[-122.39638,37.75133]},"properties":{"stop_id":"14129","stop_code":"14129","stop_name":"Connecticut St & 26th St"}},{"type":"Feature","geometry":{"type":"Point","coordinates":[-122.39638,37.74987]},"properties":{"stop_id":"14132","stop_code":"14132","stop_name":"Connecticut St & Cesar Chavez St"}},{"type":"Feature","geometry":{"type":"Point","coordinates":[-122.39622,37.75]},"properties":{"stop_id":"14131","stop_code":"14131","stop_name":"Connecticut St & Cesar Chavez St"}},{"type":"Feature","geometry":{"type":"Point","coordinates":[-122.44614,37.75894]},"properties":{"stop_id":"14171","stop_code":"14171","stop_name":"Corbett Ave & Clayton St"}},{"type":"Feature","geometry":{"type":"Point","coordinates":[-122.4459,37.75866]},"properties":{"stop_id":"14172","stop_code":"14172","stop_name":"Corbett Ave & Clayton St"}},{"type":"Feature","geometry":{"type":"Point","coordinates":[-122.44396,37.75085]},"properties":{"stop_id":"14173","stop_code":"14173","stop_name":"Corbett Ave & Cuesta Ct"}},{"type":"Feature","geometry":{"type":"Point","coordinates":[-122.44404,37.7612]},"properties":{"stop_id":"14174","stop_code":"14174","stop_name":"Corbett Ave & Danvers St"}},{"type":"Feature","geometry":{"type":"Point","coordinates":[-122.44408,37.76133]},"properties":{"stop_id":"14175","stop_code":"14175","stop_name":"Corbett Ave & Danvers St"}},{"type":"Feature","geometry":{"type":"Point","coordinates":[-122.43962,37.76208]},"properties":{"stop_id":"14176","stop_code":"14176","stop_name":"Corbett Ave & Douglass St"}},{"type":"Feature","geometry":{"type":"Point","coordinates":[-122.44328,37.75641]},"properties":{"stop_id":"14177","stop_code":"14177","stop_name":"Corbett Ave & Graystone Ter"}},{"type":"Feature","geometry":{"type":"Point","coordinates":[-122.44343,37.75645]},"properties":{"stop_id":"14178","stop_code":"14178","stop_name":"Corbett Ave & Graystone Ter"}},{"type":"Feature","geometry":{"type":"Point","coordinates":[-122.44112,37.76171]},"properties":{"stop_id":"14179","stop_code":"14179","stop_name":"Corbett Ave & Hattie St"}},{"type":"Feature","geometry":{"type":"Point","coordinates":[-122.44112,37.76161]},"properties":{"stop_id":"14180","stop_code":"14180","stop_name":"Corbett Ave & Hattie St"}},{"type":"Feature","geometry":{"type":"Point","coordinates":[-122.44382,37.75287]},"properties":{"stop_id":"14181","stop_code":"14181","stop_name":"Corbett Ave & Hopkins Ave"}},{"type":"Feature","geometry":{"type":"Point","coordinates":[-122.44474,37.75783]},"properties":{"stop_id":"14182","stop_code":"14182","stop_name":"Corbett Ave & Iron Aly"}},{"type":"Feature","geometry":{"type":"Point","coordinates":[-122.44448,37.76048]},"properties":{"stop_id":"14184","stop_code":"14184","stop_name":"Corbett Ave & Mars St"}},{"type":"Feature","geometry":{"type":"Point","coordinates":[-122.44439,37.76047]},"properties":{"stop_id":"14183","stop_code":"14183","stop_name":"Corbett Ave & Mars St"}},{"type":"Feature","geometry":{"type":"Point","coordinates":[-122.44022,37.7619]},"properties":{"stop_id":"14185","stop_code":"14185","stop_name":"Corbett Ave & Ord St"}},{"type":"Feature","geometry":{"type":"Point","coordinates":[-122.44283,37.75535]},"properties":{"stop_id":"14187","stop_code":"14187","stop_name":"Corbett Ave & Romain St"}},{"type":"Feature","geometry":{"type":"Point","coordinates":[-122.4428,37.75548]},"properties":{"stop_id":"14186","stop_code":"14186","stop_name":"Corbett Ave & Romain St"}},{"type":"Feature","geometry":{"type":"Point","coordinates":[-122.43487,37.71018]},"properties":{"stop_id":"14137","stop_code":"14137","stop_name":"Cordova Ave & Prague St"}},{"type":"Feature","geometry":{"type":"Point","coordinates":[-122.43459,37.7095]},"properties":{"stop_id":"14139","stop_code":"14139","stop_name":"Cordova Ave & Winding Way"}},{"type":"Feature","geometry":{"type":"Point","coordinates":[-122.43483,37.70964]},"properties":{"stop_id":"14138","stop_code":"14138","stop_name":"Cordova Ave & Winding Way"}},{"type":"Feature","geometry":{"type":"Point","coordinates":[-122.41658,37.73904]},"properties":{"stop_id":"14143","stop_code":"14143","stop_name":"Cortland Ave & Andover St"}},{"type":"Feature","geometry":{"type":"Point","coordinates":[-122.41639,37.73909]},"properties":{"stop_id":"14142","stop_code":"14142","stop_name":"Cortland Ave & Andover St"}},{"type":"Feature","geometry":{"type":"Point","coordinates":[-122.40703,37.73957]},"properties":{"stop_id":"14148","stop_code":"14148","stop_name":"Cortland Ave & Bayshore Blvd"}},{"type":"Feature","geometry":{"type":"Point","coordinates":[-122.40777,37.73968]},"properties":{"stop_id":"18081","stop_code":"18081","stop_name":"Cortland Ave & Bayshore Blvd"}},{"type":"Feature","geometry":{"type":"Point","coordinates":[-122.41872,37.73931]},"properties":{"stop_id":"14146","stop_code":"14146","stop_name":"Cortland Ave & Bocana St"}},{"type":"Feature","geometry":{"type":"Point","coordinates":[-122.41846,37.7393]},"properties":{"stop_id":"14145","stop_code":"14145","stop_name":"Cortland Ave & Bocana St"}},{"type":"Feature","geometry":{"type":"Point","coordinates":[-122.40975,37.73979]},"properties":{"stop_id":"14147","stop_code":"14147","stop_name":"Cortland Ave & Bradford St"}},{"type":"Feature","geometry":{"type":"Point","coordinates":[-122.41017,37.73971]},"properties":{"stop_id":"17213","stop_code":"17213","stop_name":"Cortland Ave & Bronte St"}},{"type":"Feature","geometry":{"type":"Point","coordinates":[-122.41461,37.73883]},"properties":{"stop_id":"14152","stop_code":"14152","stop_name":"Cortland Ave & Ellsworth St"}},{"type":"Feature","geometry":{"type":"Point","coordinates":[-122.41455,37.73892]},"properties":{"stop_id":"14151","stop_code":"14151","stop_name":"Cortland Ave & Ellsworth St"}},{"type":"Feature","geometry":{"type":"Point","coordinates":[-122.41997,37.73992]},"properties":{"stop_id":"14149","stop_code":"14149","stop_name":"Cortland Ave & Elsie St"}},{"type":"Feature","geometry":{"type":"Point","coordinates":[-122.41969,37.7397]},"properties":{"stop_id":"14150","stop_code":"14150","stop_name":"Cortland Ave & Elsie St"}},{"type":"Feature","geometry":{"type":"Point","coordinates":[-122.41366,37.739]},"properties":{"stop_id":"14153","stop_code":"14153","stop_name":"Cortland Ave & Folsom St"}},{"type":"Feature","geometry":{"type":"Point","coordinates":[-122.41343,37.73892]},"properties":{"stop_id":"14154","stop_code":"14154","stop_name":"Cortland Ave & Folsom St"}},{"type":"Feature","geometry":{"type":"Point","coordinates":[-122.40781,37.73969]},"properties":{"stop_id":"14155","stop_code":"14155","stop_name":"Cortland Ave & Hilton St"}},{"type":"Feature","geometry":{"type":"Point","coordinates":[-122.42267,37.74101]},"properties":{"stop_id":"14156","stop_code":"14156","stop_name":"Cortland Ave & Mission St"}},{"type":"Feature","geometry":{"type":"Point","coordinates":[-122.42251,37.74085]},"properties":{"stop_id":"14157","stop_code":"14157","stop_name":"Cortland Ave & Mission St"}},{"type":"Feature","geometry":{"type":"Point","coordinates":[-122.41211,37.73957]},"properties":{"stop_id":"14159","stop_code":"14159","stop_name":"Cortland Ave & Prentiss St"}},{"type":"Feature","geometry":{"type":"Point","coordinates":[-122.41199,37.73978]},"properties":{"stop_id":"14158","stop_code":"14158","stop_name":"Cortland Ave & Prentiss St"}},{"type":"Feature","geometry":{"type":"Point","coordinates":[-122.4209,37.74029]},"properties":{"stop_id":"14160","stop_code":"14160","stop_name":"Cortland Ave & Prospect Ave"}},{"type":"Feature","geometry":{"type":"Point","coordinates":[-122.42093,37.7402]},"properties":{"stop_id":"14161","stop_code":"14161","stop_name":"Cortland Ave & Prospect Ave"}},{"type":"Feature","geometry":{"type":"Point","coordinates":[-122.42182,37.73507]},"properties":{"stop_id":"14188","stop_code":"14188","stop_name":"Crescent Ave & Agnon Ave"}},{"type":"Feature","geometry":{"type":"Point","coordinates":[-122.41568,37.73489]},"properties":{"stop_id":"17689","stop_code":"17689","stop_name":"Crescent Ave & Anderson St"}},{"type":"Feature","geometry":{"type":"Point","coordinates":[-122.41694,37.73483]},"properties":{"stop_id":"14190","stop_code":"14190","stop_name":"Crescent Ave & Andover St"}},{"type":"Feature","geometry":{"type":"Point","coordinates":[-122.41672,37.73497]},"properties":{"stop_id":"14189","stop_code":"14189","stop_name":"Crescent Ave & Andover St"}},{"type":"Feature","geometry":{"type":"Point","coordinates":[-122.41973,37.73497]},"properties":{"stop_id":"14191","stop_code":"14191","stop_name":"Crescent Ave & Arnold Ave"}},{"type":"Feature","geometry":{"type":"Point","coordinates":[-122.42406,37.73525]},"properties":{"stop_id":"14192","stop_code":"14192","stop_name":"Crescent Ave & College Ave"}},{"type":"Feature","geometry":{"type":"Point","coordinates":[-122.41505,37.73473]},"properties":{"stop_id":"17209","stop_code":"17209","stop_name":"Crescent Ave & Ellsworth St"}},{"type":"Feature","geometry":{"type":"Point","coordinates":[-122.41359,37.7348]},"properties":{"stop_id":"14195","stop_code":"14195","stop_name":"Crescent Ave & Folsom St"}},{"type":"Feature","geometry":{"type":"Point","coordinates":[-122.4138,37.73467]},"properties":{"stop_id":"14196","stop_code":"14196","stop_name":"Crescent Ave & Folsom St"}},{"type":"Feature","geometry":{"type":"Point","coordinates":[-122.42257,37.73524]},"properties":{"stop_id":"14197","stop_code":"14197","stop_name":"Crescent Ave & Leese St"}},{"type":"Feature","geometry":{"type":"Point","coordinates":[-122.42446,37.73542]},"properties":{"stop_id":"14198","stop_code":"14198","stop_name":"Crescent Ave & Mission St"}},{"type":"Feature","geometry":{"type":"Point","coordinates":[-122.42013,37.73514]},"properties":{"stop_id":"14199","stop_code":"14199","stop_name":"Crescent Ave & Murray St"}},{"type":"Feature","geometry":{"type":"Point","coordinates":[-122.41821,37.7349]},"properties":{"stop_id":"14200","stop_code":"14200","stop_name":"Crescent Ave & Porter St"}},{"type":"Feature","geometry":{"type":"Point","coordinates":[-122.41128,37.73491]},"properties":{"stop_id":"14202","stop_code":"14202","stop_name":"Crescent Ave & Putnam St"}},{"type":"Feature","geometry":{"type":"Point","coordinates":[-122.41117,37.73501]},"properties":{"stop_id":"14201","stop_code":"14201","stop_name":"Crescent Ave & Putnam St"}},{"type":"Feature","geometry":{"type":"Point","coordinates":[-122.41863,37.73506]},"properties":{"stop_id":"14203","stop_code":"14203","stop_name":"Crescent Ave & Roscoe St"}},{"type":"Feature","geometry":{"type":"Point","coordinates":[-122.47594,37.7201]},"properties":{"stop_id":"14207","stop_code":"14207","stop_name":"Crespi Dr & Varela Ave"}},{"type":"Feature","geometry":{"type":"Point","coordinates":[-122.44508,37.7493]},"properties":{"stop_id":"17020","stop_code":"17020","stop_name":"Crestline Dr & Burnett Ave"}},{"type":"Feature","geometry":{"type":"Point","coordinates":[-122.4617,37.80275]},"properties":{"stop_id":"18150","stop_code":"18150","stop_name":"Crissy Field Terminal"}},{"type":"Feature","geometry":{"type":"Point","coordinates":[-122.46155,37.80278]},"properties":{"stop_id":"18153","stop_code":"18153","stop_name":"Crissy Field Terminal"}},{"type":"Feature","geometry":{"type":"Point","coordinates":[-122.48408,37.77235]},"properties":{"stop_id":"16984","stop_code":"16984","stop_name":"Cross Over Dr & Fulton St"}},{"type":"Feature","geometry":{"type":"Point","coordinates":[-122.47724,37.76554]},"properties":{"stop_id":"17758","stop_code":"17758","stop_name":"Crossover Dr & Lincoln St"}},{"type":"Feature","geometry":{"type":"Point","coordinates":[-122.43747,37.71004]},"properties":{"stop_id":"14336","stop_code":"14336","stop_name":"Curtis St & Prague St"}},{"type":"Feature","geometry":{"type":"Point","coordinates":[-122.40821,37.78401]},"properties":{"stop_id":"13612","stop_code":"13612","stop_name":"Cyril Magnin St & Market St"}},{"type":"Feature","geometry":{"type":"Point","coordinates":[-122.39753,37.79261]},"properties":{"stop_id":"14347","stop_code":"14347","stop_name":"Davis St & Pine St"}},{"type":"Feature","geometry":{"type":"Point","coordinates":[-122.40163,37.76606]},"properties":{"stop_id":"14350","stop_code":"14350","stop_name":"De Haro St & 16th St"}},{"type":"Feature","geometry":{"type":"Point","coordinates":[-122.40152,37.76476]},"properties":{"stop_id":"14351","stop_code":"14351","stop_name":"De Haro St & 17th St"}},{"type":"Feature","geometry":{"type":"Point","coordinates":[-122.40124,37.76221]},"properties":{"stop_id":"14352","stop_code":"14352","stop_name":"De Haro St & 18th St"}},{"type":"Feature","geometry":{"type":"Point","coordinates":[-122.40112,37.76093]},"properties":{"stop_id":"14353","stop_code":"14353","stop_name":"De Haro St & 19th St"}},{"type":"Feature","geometry":{"type":"Point","coordinates":[-122.40103,37.75967]},"properties":{"stop_id":"14354","stop_code":"14354","stop_name":"De Haro St & 20th St"}},{"type":"Feature","geometry":{"type":"Point","coordinates":[-122.40082,37.75744]},"properties":{"stop_id":"14355","stop_code":"14355","stop_name":"De Haro St & 22nd St"}},{"type":"Feature","geometry":{"type":"Point","coordinates":[-122.40057,37.75489]},"properties":{"stop_id":"14356","stop_code":"14356","stop_name":"De Haro St & 23rd St"}},{"type":"Feature","geometry":{"type":"Point","coordinates":[-122.40137,37.7635]},"properties":{"stop_id":"14357","stop_code":"14357","stop_name":"De Haro St & Mariposa St"}},{"type":"Feature","geometry":{"type":"Point","coordinates":[-122.40087,37.75802]},"properties":{"stop_id":"14358","stop_code":"14358","stop_name":"De Haro St & Southern Heights Ave"}},{"type":"Feature","geometry":{"type":"Point","coordinates":[-122.40773,37.71729]},"properties":{"stop_id":"14439","stop_code":"14439","stop_name":"Delta St & Tioga Ave"}},{"type":"Feature","geometry":{"type":"Point","coordinates":[-122.43576,37.7402]},"properties":{"stop_id":"14360","stop_code":"14360","stop_name":"Diamond Heights Blvd & Addison St"}},{"type":"Feature","geometry":{"type":"Point","coordinates":[-122.43668,37.73867]},"properties":{"stop_id":"14361","stop_code":"14361","stop_name":"Diamond Heights Blvd & Berkeley"}},{"type":"Feature","geometry":{"type":"Point","coordinates":[-122.4369,37.7386]},"properties":{"stop_id":"14362","stop_code":"14362","stop_name":"Diamond Heights Blvd & Berkeley Way"}},{"type":"Feature","geometry":{"type":"Point","coordinates":[-122.43566,37.74185]},"properties":{"stop_id":"14363","stop_code":"14363","stop_name":"Diamond Heights Blvd & Diamond St"}},{"type":"Feature","geometry":{"type":"Point","coordinates":[-122.43577,37.7417]},"properties":{"stop_id":"14364","stop_code":"14364","stop_name":"Diamond Heights Blvd & Diamond St"}},{"type":"Feature","geometry":{"type":"Point","coordinates":[-122.44321,37.74668]},"properties":{"stop_id":"17229","stop_code":"17229","stop_name":"Diamond Heights Blvd & Duncan St"}},{"type":"Feature","geometry":{"type":"Point","coordinates":[-122.43985,37.74524]},"properties":{"stop_id":"14366","stop_code":"14366","stop_name":"Diamond Heights Blvd & Duncan St"}},{"type":"Feature","geometry":{"type":"Point","coordinates":[-122.43588,37.74029]},"properties":{"stop_id":"14368","stop_code":"14368","stop_name":"Diamond Heights Blvd & Gold Mine Dr"}},{"type":"Feature","geometry":{"type":"Point","coordinates":[-122.43751,37.74363]},"properties":{"stop_id":"14367","stop_code":"14367","stop_name":"Diamond Heights Blvd & Gold Mine Dr"}},{"type":"Feature","geometry":{"type":"Point","coordinates":[-122.43786,37.74359]},"properties":{"stop_id":"14369","stop_code":"14369","stop_name":"Diamond Heights Blvd & Gold Mine Dr"}},{"type":"Feature","geometry":{"type":"Point","coordinates":[-122.43622,37.75108]},"properties":{"stop_id":"14371","stop_code":"14371","stop_name":"Diamond St & 24th St"}},{"type":"Feature","geometry":{"type":"Point","coordinates":[-122.43621,37.74965]},"properties":{"stop_id":"14372","stop_code":"14372","stop_name":"Diamond St & 25th St"}},{"type":"Feature","geometry":{"type":"Point","coordinates":[-122.43606,37.74949]},"properties":{"stop_id":"14373","stop_code":"14373","stop_name":"Diamond St & 25th St"}},{"type":"Feature","geometry":{"type":"Point","coordinates":[-122.43591,37.74789]},"properties":{"stop_id":"14374","stop_code":"14374","stop_name":"Diamond St & 26th St"}},{"type":"Feature","geometry":{"type":"Point","coordinates":[-122.43607,37.74785]},"properties":{"stop_id":"14375","stop_code":"14375","stop_name":"Diamond St & 26th St"}},{"type":"Feature","geometry":{"type":"Point","coordinates":[-122.43592,37.74626]},"properties":{"stop_id":"14377","stop_code":"14377","stop_name":"Diamond St & 27th St"}},{"type":"Feature","geometry":{"type":"Point","coordinates":[-122.43576,37.74629]},"properties":{"stop_id":"14376","stop_code":"14376","stop_name":"Diamond St & 27th St"}},{"type":"Feature","geometry":{"type":"Point","coordinates":[-122.43576,37.74465]},"properties":{"stop_id":"14379","stop_code":"14379","stop_name":"Diamond St & 28th St"}},{"type":"Feature","geometry":{"type":"Point","coordinates":[-122.4356,37.74469]},"properties":{"stop_id":"14378","stop_code":"14378","stop_name":"Diamond St & 28th St"}},{"type":"Feature","geometry":{"type":"Point","coordinates":[-122.43549,37.74308]},"properties":{"stop_id":"14381","stop_code":"14381","stop_name":"Diamond St & 29th St"}},{"type":"Feature","geometry":{"type":"Point","coordinates":[-122.43566,37.74325]},"properties":{"stop_id":"14380","stop_code":"14380","stop_name":"Diamond St & 29th St"}},{"type":"Feature","geometry":{"type":"Point","coordinates":[-122.43467,37.73826]},"properties":{"stop_id":"14383","stop_code":"14383","stop_name":"Diamond St & Arbor St"}},{"type":"Feature","geometry":{"type":"Point","coordinates":[-122.43447,37.73868]},"properties":{"stop_id":"14382","stop_code":"14382","stop_name":"Diamond St & Arbor St"}},{"type":"Feature","geometry":{"type":"Point","coordinates":[-122.43415,37.73351]},"properties":{"stop_id":"14386","stop_code":"14386","stop_name":"Diamond St & Bosworth St"}},{"type":"Feature","geometry":{"type":"Point","coordinates":[-122.43422,37.73345]},"properties":{"stop_id":"14387","stop_code":"14387","stop_name":"Diamond St & Bosworth St"}},{"type":"Feature","geometry":{"type":"Point","coordinates":[-122.43584,37.7471]},"properties":{"stop_id":"14384","stop_code":"14384","stop_name":"Diamond St & Cesar Chavez St"}},{"type":"Feature","geometry":{"type":"Point","coordinates":[-122.43599,37.74707]},"properties":{"stop_id":"14385","stop_code":"14385","stop_name":"Diamond St & Cesar Chavez St"}},{"type":"Feature","geometry":{"type":"Point","coordinates":[-122.43395,37.73447]},"properties":{"stop_id":"14389","stop_code":"14389","stop_name":"Diamond St & Chenery St"}},{"type":"Feature","geometry":{"type":"Point","coordinates":[-122.43384,37.73446]},"properties":{"stop_id":"14388","stop_code":"14388","stop_name":"Diamond St & Chenery St"}},{"type":"Feature","geometry":{"type":"Point","coordinates":[-122.43616,37.74885]},"properties":{"stop_id":"14390","stop_code":"14390","stop_name":"Diamond St & Clipper St"}},{"type":"Feature","geometry":{"type":"Point","coordinates":[-122.43599,37.74868]},"properties":{"stop_id":"14391","stop_code":"14391","stop_name":"Diamond St & Clipper St"}},{"type":"Feature","geometry":{"type":"Point","coordinates":[-122.43593,37.73841]},"properties":{"stop_id":"14393","stop_code":"14393","stop_name":"Diamond St & Conrad St"}},{"type":"Feature","geometry":{"type":"Point","coordinates":[-122.4363,37.7383]},"properties":{"stop_id":"14392","stop_code":"14392","stop_name":"Diamond St & Conrad St"}},{"type":"Feature","geometry":{"type":"Point","coordinates":[-122.43535,37.7416]},"properties":{"stop_id":"14394","stop_code":"14394","stop_name":"Diamond St & Diamond Heights Blvd"}},{"type":"Feature","geometry":{"type":"Point","coordinates":[-122.43726,37.73822]},"properties":{"stop_id":"14395","stop_code":"14395","stop_name":"Diamond St & Diamond Heights Blvd"}},{"type":"Feature","geometry":{"type":"Point","coordinates":[-122.43548,37.74192]},"properties":{"stop_id":"14397","stop_code":"14397","stop_name":"Diamond St & Diamond Heights Blvd"}},{"type":"Feature","geometry":{"type":"Point","coordinates":[-122.43569,37.74547]},"properties":{"stop_id":"14399","stop_code":"14399","stop_name":"Diamond St & Duncan St"}},{"type":"Feature","geometry":{"type":"Point","coordinates":[-122.43586,37.74564]},"properties":{"stop_id":"14398","stop_code":"14398","stop_name":"Diamond St & Duncan St"}},{"type":"Feature","geometry":{"type":"Point","coordinates":[-122.4346,37.73889]},"properties":{"stop_id":"14401","stop_code":"14401","stop_name":"Diamond St & Moffitt St"}},{"type":"Feature","geometry":{"type":"Point","coordinates":[-122.43463,37.7388]},"properties":{"stop_id":"14400","stop_code":"14400","stop_name":"Diamond St & Moffitt St"}},{"type":"Feature","geometry":{"type":"Point","coordinates":[-122.43742,37.7382]},"properties":{"stop_id":"17251","stop_code":"17251","stop_name":"Diamond St (South)/Diamond Hts"}},{"type":"Feature","geometry":{"type":"Point","coordinates":[-122.43433,37.73608]},"properties":{"stop_id":"14403","stop_code":"14403","stop_name":"Diamond St & Surrey St"}},{"type":"Feature","geometry":{"type":"Point","coordinates":[-122.43444,37.73623]},"properties":{"stop_id":"14402","stop_code":"14402","stop_name":"Diamond St & Surrey St"}},{"type":"Feature","geometry":{"type":"Point","coordinates":[-122.43465,37.73726]},"properties":{"stop_id":"14404","stop_code":"14404","stop_name":"Diamond St & Sussex St"}},{"type":"Feature","geometry":{"type":"Point","coordinates":[-122.43475,37.73731]},"properties":{"stop_id":"14405","stop_code":"14405","stop_name":"Diamond St & Sussex St"}},{"type":"Feature","geometry":{"type":"Point","coordinates":[-122.44333,37.80191]},"properties":{"stop_id":"17568","stop_code":"17568","stop_name":"Divisadero St & Bay St"}},{"type":"Feature","geometry":{"type":"Point","coordinates":[-122.4437,37.80377]},"properties":{"stop_id":"14407","stop_code":"14407","stop_name":"Divisadero St & Beach St"}},{"type":"Feature","geometry":{"type":"Point","coordinates":[-122.44,37.78628]},"properties":{"stop_id":"14408","stop_code":"14408","stop_name":"Divisadero St & Bush St"}},{"type":"Feature","geometry":{"type":"Point","coordinates":[-122.44039,37.78818]},"properties":{"stop_id":"14409","stop_code":"14409","stop_name":"Divisadero St & California St"}},{"type":"Feature","geometry":{"type":"Point","coordinates":[-122.4405,37.78799]},"properties":{"stop_id":"14410","stop_code":"14410","stop_name":"Divisadero St & California St"}},{"type":"Feature","geometry":{"type":"Point","coordinates":[-122.44296,37.80009]},"properties":{"stop_id":"14411","stop_code":"14411","stop_name":"Divisadero St & Chestnut St"}},{"type":"Feature","geometry":{"type":"Point","coordinates":[-122.44074,37.78998]},"properties":{"stop_id":"14412","stop_code":"14412","stop_name":"Divisadero St & Clay St"}},{"type":"Feature","geometry":{"type":"Point","coordinates":[-122.44089,37.78997]},"properties":{"stop_id":"14413","stop_code":"14413","stop_name":"Divisadero St & Clay St"}},{"type":"Feature","geometry":{"type":"Point","coordinates":[-122.43894,37.78059]},"properties":{"stop_id":"14414","stop_code":"14414","stop_name":"Divisadero St & Eddy St"}},{"type":"Feature","geometry":{"type":"Point","coordinates":[-122.43894,37.78059]},"properties":{"stop_id":"14415","stop_code":"14415","stop_name":"Divisadero St & Eddy St"}},{"type":"Feature","geometry":{"type":"Point","coordinates":[-122.44314,37.80097]},"properties":{"stop_id":"14418","stop_code":"14418","stop_name":"Divisadero St & Francisco St"}},{"type":"Feature","geometry":{"type":"Point","coordinates":[-122.43941,37.78337]},"properties":{"stop_id":"14421","stop_code":"14421","stop_name":"Divisadero St & Geary Blvd"}},{"type":"Feature","geometry":{"type":"Point","coordinates":[-122.43953,37.78316]},"properties":{"stop_id":"14422","stop_code":"14422","stop_name":"Divisadero St & Geary Blvd"}},{"type":"Feature","geometry":{"type":"Point","coordinates":[-122.43698,37.77133]},"properties":{"stop_id":"14423","stop_code":"14423","stop_name":"Divisadero St & Haight St"}},{"type":"Feature","geometry":{"type":"Point","coordinates":[-122.4371,37.77105]},"properties":{"stop_id":"14424","stop_code":"14424","stop_name":"Divisadero St & Haight St"}},{"type":"Feature","geometry":{"type":"Point","coordinates":[-122.43787,37.77489]},"properties":{"stop_id":"14426","stop_code":"14426","stop_name":"Divisadero St & Hayes St"}},{"type":"Feature","geometry":{"type":"Point","coordinates":[-122.43774,37.77506]},"properties":{"stop_id":"14425","stop_code":"14425","stop_name":"Divisadero St & Hayes St"}},{"type":"Feature","geometry":{"type":"Point","coordinates":[-122.44108,37.79154]},"properties":{"stop_id":"14427","stop_code":"14427","stop_name":"Divisadero St & Jackson St"}},{"type":"Feature","geometry":{"type":"Point","coordinates":[-122.43842,37.77768]},"properties":{"stop_id":"14429","stop_code":"14429","stop_name":"Divisadero St & Mcallister St"}},{"type":"Feature","geometry":{"type":"Point","coordinates":[-122.4383,37.77786]},"properties":{"stop_id":"14428","stop_code":"14428","stop_name":"Divisadero St & Mcallister St"}},{"type":"Feature","geometry":{"type":"Point","coordinates":[-122.44351,37.80284]},"properties":{"stop_id":"14430","stop_code":"14430","stop_name":"Divisadero St & North Point St"}},{"type":"Feature","geometry":{"type":"Point","coordinates":[-122.43749,37.77305]},"properties":{"stop_id":"14432","stop_code":"14432","stop_name":"Divisadero St & Oak St"}},{"type":"Feature","geometry":{"type":"Point","coordinates":[-122.43735,37.77318]},"properties":{"stop_id":"14431","stop_code":"14431","stop_name":"Divisadero St & Oak St"}},{"type":"Feature","geometry":{"type":"Point","coordinates":[-122.44032,37.787]},"properties":{"stop_id":"14433","stop_code":"14433","stop_name":"Divisadero St & Pine St"}},{"type":"Feature","geometry":{"type":"Point","coordinates":[-122.43994,37.78515]},"properties":{"stop_id":"14435","stop_code":"14435","stop_name":"Divisadero St & Sutter St"}},{"type":"Feature","geometry":{"type":"Point","coordinates":[-122.43981,37.78534]},"properties":{"stop_id":"14434","stop_code":"14434","stop_name":"Divisadero St & Sutter St"}},{"type":"Feature","geometry":{"type":"Point","coordinates":[-122.41074,37.76934]},"properties":{"stop_id":"14436","stop_code":"14436","stop_name":"Division St & Bryant St"}},{"type":"Feature","geometry":{"type":"Point","coordinates":[-122.40315,37.76976]},"properties":{"stop_id":"14437","stop_code":"14437","stop_name":"Division St & Rhode Island St"}},{"type":"Feature","geometry":{"type":"Point","coordinates":[-122.4033,37.76989]},"properties":{"stop_id":"14438","stop_code":"14438","stop_name":"Division St & Townsend St"}},{"type":"Feature","geometry":{"type":"Point","coordinates":[-122.36991,37.729]},"properties":{"stop_id":"14440","stop_code":"14440","stop_name":"Donahue St & Innes Ave"}},{"type":"Feature","geometry":{"type":"Point","coordinates":[-122.37015,37.7289]},"properties":{"stop_id":"17860","stop_code":"17860","stop_name":"Donahue St & Innes Ave"}},{"type":"Feature","geometry":{"type":"Point","coordinates":[-122.39356,37.79398]},"properties":{"stop_id":"14726","stop_code":"14726","stop_name":"Don Chee Way/Steuart St"}},{"type":"Feature","geometry":{"type":"Point","coordinates":[-122.39344,37.79392]},"properties":{"stop_id":"14727","stop_code":"14727","stop_name":"Don Chee Way/Steuart St"}},{"type":"Feature","geometry":{"type":"Point","coordinates":[-122.43854,37.75112]},"properties":{"stop_id":"14443","stop_code":"14443","stop_name":"Douglass St & 24th St"}},{"type":"Feature","geometry":{"type":"Point","coordinates":[-122.43875,37.75352]},"properties":{"stop_id":"14444","stop_code":"14444","stop_name":"Douglass St & Alvarado St"}},{"type":"Feature","geometry":{"type":"Point","coordinates":[-122.39635,37.79398]},"properties":{"stop_id":"14445","stop_code":"14445","stop_name":"Drumm St & California St"}},{"type":"Feature","geometry":{"type":"Point","coordinates":[-122.4258,37.71919]},"properties":{"stop_id":"10913","stop_code":"10913","stop_name":"Dublin St & La Grande Ave"}},{"type":"Feature","geometry":{"type":"Point","coordinates":[-122.42941,37.76947]},"properties":{"stop_id":"14447","stop_code":"14447","stop_name":"Duboce Ave & Church St"}},{"type":"Feature","geometry":{"type":"Point","coordinates":[-122.42935,37.76937]},"properties":{"stop_id":"18061","stop_code":"18061","stop_name":"Duboce Ave & Church St"}},{"type":"Feature","geometry":{"type":"Point","coordinates":[-122.4294,37.76941]},"properties":{"stop_id":"14448","stop_code":"14448","stop_name":"Duboce Ave & Church St"}},{"type":"Feature","geometry":{"type":"Point","coordinates":[-122.4337,37.76911]},"properties":{"stop_id":"14451","stop_code":"14451","stop_name":"Duboce Ave & Noe St"}},{"type":"Feature","geometry":{"type":"Point","coordinates":[-122.43365,37.76922]},"properties":{"stop_id":"17075","stop_code":"17075","stop_name":"Duboce Ave & Noe St"}},{"type":"Feature","geometry":{"type":"Point","coordinates":[-122.43356,37.76936]},"properties":{"stop_id":"17252","stop_code":"17252","stop_name":"Duboce St/Noe St/Duboce Park"}},{"type":"Feature","geometry":{"type":"Point","coordinates":[-122.44348,37.74602]},"properties":{"stop_id":"17228","stop_code":"17228","stop_name":"Duncan St & Amber Dr"}},{"type":"Feature","geometry":{"type":"Point","coordinates":[-122.44141,37.7452]},"properties":{"stop_id":"14453","stop_code":"14453","stop_name":"Duncan St & Amber Dr"}},{"type":"Feature","geometry":{"type":"Point","coordinates":[-122.44304,37.74519]},"properties":{"stop_id":"14454","stop_code":"14454","stop_name":"Duncan St & Cameo Way"}},{"type":"Feature","geometry":{"type":"Point","coordinates":[-122.44029,37.74526]},"properties":{"stop_id":"14455","stop_code":"14455","stop_name":"Duncan St & Diamond Heights Blvd"}},{"type":"Feature","geometry":{"type":"Point","coordinates":[-122.37313,37.72878]},"properties":{"stop_id":"14456","stop_code":"14456","stop_name":"Earl St & Kirkwood Ave"}},{"type":"Feature","geometry":{"type":"Point","coordinates":[-122.42914,37.78177]},"properties":{"stop_id":"14473","stop_code":"14473","stop_name":"Eddy St & Buchanan St"}},{"type":"Feature","geometry":{"type":"Point","coordinates":[-122.42895,37.78192]},"properties":{"stop_id":"14472","stop_code":"14472","stop_name":"Eddy St & Buchanan St"}},{"type":"Feature","geometry":{"type":"Point","coordinates":[-122.43876,37.78055]},"properties":{"stop_id":"14474","stop_code":"14474","stop_name":"Eddy St & Divisadero St"}},{"type":"Feature","geometry":{"type":"Point","coordinates":[-122.43243,37.78135]},"properties":{"stop_id":"14476","stop_code":"14476","stop_name":"Eddy St & Fillmore St"}},{"type":"Feature","geometry":{"type":"Point","coordinates":[-122.43224,37.7815]},"properties":{"stop_id":"14475","stop_code":"14475","stop_name":"Eddy St & Fillmore St"}},{"type":"Feature","geometry":{"type":"Point","coordinates":[-122.42427,37.78252]},"properties":{"stop_id":"14477","stop_code":"14477","stop_name":"Eddy St & Gough St"}},{"type":"Feature","geometry":{"type":"Point","coordinates":[-122.4242,37.7824]},"properties":{"stop_id":"14478","stop_code":"14478","stop_name":"Eddy St & Gough St"}},{"type":"Feature","geometry":{"type":"Point","coordinates":[-122.41572,37.78348]},"properties":{"stop_id":"14479","stop_code":"14479","stop_name":"Eddy St & Hyde St"}},{"type":"Feature","geometry":{"type":"Point","coordinates":[-122.41243,37.78388]},"properties":{"stop_id":"14480","stop_code":"14480","stop_name":"Eddy St & Jones St"}},{"type":"Feature","geometry":{"type":"Point","coordinates":[-122.42723,37.78202]},"properties":{"stop_id":"14485","stop_code":"14485","stop_name":"Eddy St & Laguna St"}},{"type":"Feature","geometry":{"type":"Point","coordinates":[-122.4273,37.78213]},"properties":{"stop_id":"14484","stop_code":"14484","stop_name":"Eddy St & Laguna St"}},{"type":"Feature","geometry":{"type":"Point","coordinates":[-122.41769,37.78335]},"properties":{"stop_id":"14481","stop_code":"14481","stop_name":"Eddy St & Larkin St"}},{"type":"Feature","geometry":{"type":"Point","coordinates":[-122.41736,37.78327]},"properties":{"stop_id":"14482","stop_code":"14482","stop_name":"Eddy St & Larkin St"}},{"type":"Feature","geometry":{"type":"Point","coordinates":[-122.41396,37.78368]},"properties":{"stop_id":"14483","stop_code":"14483","stop_name":"Eddy St & Leavenworth St"}},{"type":"Feature","geometry":{"type":"Point","coordinates":[-122.43571,37.78093]},"properties":{"stop_id":"14488","stop_code":"14488","stop_name":"Eddy St & Pierce St"}},{"type":"Feature","geometry":{"type":"Point","coordinates":[-122.43551,37.78108]},"properties":{"stop_id":"14487","stop_code":"14487","stop_name":"Eddy St & Pierce St"}},{"type":"Feature","geometry":{"type":"Point","coordinates":[-122.41904,37.78318]},"properties":{"stop_id":"14489","stop_code":"14489","stop_name":"Eddy St & Polk St"}},{"type":"Feature","geometry":{"type":"Point","coordinates":[-122.41902,37.78306]},"properties":{"stop_id":"14490","stop_code":"14490","stop_name":"Eddy St & Polk St"}},{"type":"Feature","geometry":{"type":"Point","coordinates":[-122.43716,37.78088]},"properties":{"stop_id":"14491","stop_code":"14491","stop_name":"Eddy St & Scott St"}},{"type":"Feature","geometry":{"type":"Point","coordinates":[-122.43736,37.78072]},"properties":{"stop_id":"14492","stop_code":"14492","stop_name":"Eddy St & Scott St"}},{"type":"Feature","geometry":{"type":"Point","coordinates":[-122.41013,37.78417]},"properties":{"stop_id":"14493","stop_code":"14493","stop_name":"Eddy St & Taylor St"}},{"type":"Feature","geometry":{"type":"Point","coordinates":[-122.42061,37.78299]},"properties":{"stop_id":"14494","stop_code":"14494","stop_name":"Eddy St & Van Ness Ave"}},{"type":"Feature","geometry":{"type":"Point","coordinates":[-122.42059,37.78286]},"properties":{"stop_id":"14495","stop_code":"14495","stop_name":"Eddy St & Van Ness Ave"}},{"type":"Feature","geometry":{"type":"Point","coordinates":[-122.41491,37.73471]},"properties":{"stop_id":"14568","stop_code":"14568","stop_name":"Ellsworth St & Crescent Ave"}},{"type":"Feature","geometry":{"type":"Point","coordinates":[-122.40323,37.80515]},"properties":{"stop_id":"17281","stop_code":"17281","stop_name":"Embarcadero & Sansome St"}},{"type":"Feature","geometry":{"type":"Point","coordinates":[-122.39556,37.78623]},"properties":{"stop_id":"17993","stop_code":"17993","stop_name":"Essex St & Folsom St"}},{"type":"Feature","geometry":{"type":"Point","coordinates":[-122.47474,37.73116]},"properties":{"stop_id":"14544","stop_code":"14544","stop_name":"Eucalyptus Dr & 19th Ave"}},{"type":"Feature","geometry":{"type":"Point","coordinates":[-122.47454,37.73104]},"properties":{"stop_id":"14545","stop_code":"14545","stop_name":"Eucalyptus Dr & 19th Ave"}},{"type":"Feature","geometry":{"type":"Point","coordinates":[-122.47244,37.73099]},"properties":{"stop_id":"14546","stop_code":"14546","stop_name":"Eucalyptus Dr & Junipero Serra Blvd"}},{"type":"Feature","geometry":{"type":"Point","coordinates":[-122.43819,37.76063]},"properties":{"stop_id":"14535","stop_code":"14535","stop_name":"Eureka St & 18th St"}},{"type":"Feature","geometry":{"type":"Point","coordinates":[-122.43804,37.75903]},"properties":{"stop_id":"14536","stop_code":"14536","stop_name":"Eureka St & 19th St"}},{"type":"Feature","geometry":{"type":"Point","coordinates":[-122.43788,37.75741]},"properties":{"stop_id":"14537","stop_code":"14537","stop_name":"Eureka St & 20th St"}},{"type":"Feature","geometry":{"type":"Point","coordinates":[-122.43773,37.75581]},"properties":{"stop_id":"14539","stop_code":"14539","stop_name":"Eureka St & 21st St"}},{"type":"Feature","geometry":{"type":"Point","coordinates":[-122.4379,37.75597]},"properties":{"stop_id":"14538","stop_code":"14538","stop_name":"Eureka St & 21st St"}},{"type":"Feature","geometry":{"type":"Point","coordinates":[-122.43774,37.75437]},"properties":{"stop_id":"14540","stop_code":"14540","stop_name":"Eureka St & 22nd St"}},{"type":"Feature","geometry":{"type":"Point","coordinates":[-122.43828,37.76159]},"properties":{"stop_id":"14543","stop_code":"14543","stop_name":"Eureka St & Market St"}},{"type":"Feature","geometry":{"type":"Point","coordinates":[-122.38786,37.74263]},"properties":{"stop_id":"14547","stop_code":"14547","stop_name":"Evans Ave & 3rd St"}},{"type":"Feature","geometry":{"type":"Point","coordinates":[-122.39671,37.74829]},"properties":{"stop_id":"14549","stop_code":"14549","stop_name":"Evans Ave & Cesar Chavez St"}},{"type":"Feature","geometry":{"type":"Point","coordinates":[-122.3808,37.73877]},"properties":{"stop_id":"14550","stop_code":"14550","stop_name":"Evans Ave & Keith St"}},{"type":"Feature","geometry":{"type":"Point","coordinates":[-122.38108,37.73876]},"properties":{"stop_id":"14551","stop_code":"14551","stop_name":"Evans Ave & Keith St"}},{"type":"Feature","geometry":{"type":"Point","coordinates":[-122.39654,37.74826]},"properties":{"stop_id":"14548","stop_code":"14548","stop_name":"Evans Ave & Marin St"}},{"type":"Feature","geometry":{"type":"Point","coordinates":[-122.38456,37.7409]},"properties":{"stop_id":"17077","stop_code":"17077","stop_name":"Evans Ave & Mendell St"}},{"type":"Feature","geometry":{"type":"Point","coordinates":[-122.38451,37.7407]},"properties":{"stop_id":"14553","stop_code":"14553","stop_name":"Evans Ave & Mendell St"}},{"type":"Feature","geometry":{"type":"Point","coordinates":[-122.37925,37.73767]},"properties":{"stop_id":"14552","stop_code":"14552","stop_name":"Evans Ave & Middle Point Rd"}},{"type":"Feature","geometry":{"type":"Point","coordinates":[-122.38641,37.74195]},"properties":{"stop_id":"14555","stop_code":"14555","stop_name":"Evans Ave & Newhall St"}},{"type":"Feature","geometry":{"type":"Point","coordinates":[-122.38281,37.73972]},"properties":{"stop_id":"14564","stop_code":"14564","stop_name":"Evans Ave Opposite Us Post Office"}},{"type":"Feature","geometry":{"type":"Point","coordinates":[-122.38831,37.74299]},"properties":{"stop_id":"14559","stop_code":"14559","stop_name":"Evans Ave & Phelps St"}},{"type":"Feature","geometry":{"type":"Point","coordinates":[-122.38859,37.74298]},"properties":{"stop_id":"14560","stop_code":"14560","stop_name":"Evans Ave & Phelps St"}},{"type":"Feature","geometry":{"type":"Point","coordinates":[-122.39053,37.74424]},"properties":{"stop_id":"14561","stop_code":"14561","stop_name":"Evans Ave & Quint St"}},{"type":"Feature","geometry":{"type":"Point","coordinates":[-122.39047,37.74404]},"properties":{"stop_id":"17285","stop_code":"17285","stop_name":"Evans Ave & Quint St"}},{"type":"Feature","geometry":{"type":"Point","coordinates":[-122.39396,37.74603]},"properties":{"stop_id":"14562","stop_code":"14562","stop_name":"Evans Ave & Selby St"}},{"type":"Feature","geometry":{"type":"Point","coordinates":[-122.39392,37.74616]},"properties":{"stop_id":"17286","stop_code":"17286","stop_name":"Evans Ave & Selby St"}},{"type":"Feature","geometry":{"type":"Point","coordinates":[-122.38297,37.74]},"properties":{"stop_id":"14558","stop_code":"14558","stop_name":"Evans Ave & Uspo"}},{"type":"Feature","geometry":{"type":"Point","coordinates":[-122.43059,37.72475]},"properties":{"stop_id":"14571","stop_code":"14571","stop_name":"Excelsior Ave & Madrid St"}},{"type":"Feature","geometry":{"type":"Point","coordinates":[-122.43358,37.72616]},"properties":{"stop_id":"14572","stop_code":"14572","stop_name":"Excelsior Ave & Mission St"}},{"type":"Feature","geometry":{"type":"Point","coordinates":[-122.42899,37.72399]},"properties":{"stop_id":"14573","stop_code":"14573","stop_name":"Excelsior Ave & Naples St"}},{"type":"Feature","geometry":{"type":"Point","coordinates":[-122.43219,37.72552]},"properties":{"stop_id":"14574","stop_code":"14574","stop_name":"Excelsior Ave & Paris St"}},{"type":"Feature","geometry":{"type":"Point","coordinates":[-122.39476,37.71088]},"properties":{"stop_id":"14576","stop_code":"14576","stop_name":"Executive Park Blvd & Blanken Ave"}},{"type":"Feature","geometry":{"type":"Point","coordinates":[-122.39358,37.71124]},"properties":{"stop_id":"17747","stop_code":"17747","stop_name":"Executive Park Blvd & Thomas Mellon Dr"}},{"type":"Feature","geometry":{"type":"Point","coordinates":[-122.43407,37.73833]},"properties":{"stop_id":"14579","stop_code":"14579","stop_name":"Farnum St & Moffitt St"}},{"type":"Feature","geometry":{"type":"Point","coordinates":[-122.41634,37.72702]},"properties":{"stop_id":"14581","stop_code":"14581","stop_name":"Felton St & Amherst St"}},{"type":"Feature","geometry":{"type":"Point","coordinates":[-122.41653,37.72688]},"properties":{"stop_id":"14582","stop_code":"14582","stop_name":"Felton St & Amherst St"}},{"type":"Feature","geometry":{"type":"Point","coordinates":[-122.41874,37.7264]},"properties":{"stop_id":"14583","stop_code":"14583","stop_name":"Felton St & Cambridge St"}},{"type":"Feature","geometry":{"type":"Point","coordinates":[-122.41851,37.72637]},"properties":{"stop_id":"14584","stop_code":"14584","stop_name":"Felton St & Cambridge St"}},{"type":"Feature","geometry":{"type":"Point","coordinates":[-122.42028,37.72597]},"properties":{"stop_id":"14587","stop_code":"14587","stop_name":"Felton St & Harvard St"}},{"type":"Feature","geometry":{"type":"Point","coordinates":[-122.42046,37.72586]},"properties":{"stop_id":"14588","stop_code":"14588","stop_name":"Felton St & Harvard St"}},{"type":"Feature","geometry":{"type":"Point","coordinates":[-122.42211,37.72543]},"properties":{"stop_id":"14590","stop_code":"14590","stop_name":"Felton St & Madison St"}},{"type":"Feature","geometry":{"type":"Point","coordinates":[-122.42204,37.7256]},"properties":{"stop_id":"14589","stop_code":"14589","stop_name":"Felton St & Madison St"}},{"type":"Feature","geometry":{"type":"Point","coordinates":[-122.42324,37.7252]},"properties":{"stop_id":"14593","stop_code":"14593","stop_name":"Felton St & Peru Ave"}},{"type":"Feature","geometry":{"type":"Point","coordinates":[-122.41457,37.7274]},"properties":{"stop_id":"14596","stop_code":"14596","stop_name":"Felton St & University St"}},{"type":"Feature","geometry":{"type":"Point","coordinates":[-122.43668,37.80259]},"properties":{"stop_id":"14603","stop_code":"14603","stop_name":"Fillmore St & Bay St"}},{"type":"Feature","geometry":{"type":"Point","coordinates":[-122.43713,37.80442]},"properties":{"stop_id":"14606","stop_code":"14606","stop_name":"Fillmore St & Beach St"}},{"type":"Feature","geometry":{"type":"Point","coordinates":[-122.43488,37.7938]},"properties":{"stop_id":"14605","stop_code":"14605","stop_name":"Fillmore St & Broadway"}},{"type":"Feature","geometry":{"type":"Point","coordinates":[-122.43484,37.79416]},"properties":{"stop_id":"14604","stop_code":"14604","stop_name":"Fillmore St & Broadway"}},{"type":"Feature","geometry":{"type":"Point","coordinates":[-122.43681,37.80282]},"properties":{"stop_id":"14610","stop_code":"14610","stop_name":"Fillmore St & Cervantes Blvd"}},{"type":"Feature","geometry":{"type":"Point","coordinates":[-122.43647,37.80089]},"properties":{"stop_id":"14609","stop_code":"14609","stop_name":"Fillmore St & Chestnut St"}},{"type":"Feature","geometry":{"type":"Point","coordinates":[-122.43623,37.80109]},"properties":{"stop_id":"14608","stop_code":"14608","stop_name":"Fillmore St & Chestnut St"}},{"type":"Feature","geometry":{"type":"Point","coordinates":[-122.43233,37.78173]},"properties":{"stop_id":"14611","stop_code":"14611","stop_name":"Fillmore St & Eddy St"}},{"type":"Feature","geometry":{"type":"Point","coordinates":[-122.4324,37.78152]},"properties":{"stop_id":"14612","stop_code":"14612","stop_name":"Fillmore St & Eddy St"}},{"type":"Feature","geometry":{"type":"Point","coordinates":[-122.43306,37.78436]},"properties":{"stop_id":"14615","stop_code":"14615","stop_name":"Fillmore St & Geary Blvd"}},{"type":"Feature","geometry":{"type":"Point","coordinates":[-122.43281,37.7844]},"properties":{"stop_id":"14614","stop_code":"14614","stop_name":"Fillmore St & Geary Blvd"}},{"type":"Feature","geometry":{"type":"Point","coordinates":[-122.43196,37.77986]},"properties":{"stop_id":"14613","stop_code":"14613","stop_name":"Fillmore St & Golden Gate Ave"}},{"type":"Feature","geometry":{"type":"Point","coordinates":[-122.43137,37.777]},"properties":{"stop_id":"14616","stop_code":"14616","stop_name":"Fillmore St & Grove St"}},{"type":"Feature","geometry":{"type":"Point","coordinates":[-122.43147,37.77686]},"properties":{"stop_id":"14617","stop_code":"14617","stop_name":"Fillmore St & Grove St"}},{"type":"Feature","geometry":{"type":"Point","coordinates":[-122.43035,37.77203]},"properties":{"stop_id":"14620","stop_code":"14620","stop_name":"Fillmore St & Haight St"}},{"type":"Feature","geometry":{"type":"Point","coordinates":[-122.43054,37.7722]},"properties":{"stop_id":"14618","stop_code":"14618","stop_name":"Fillmore St & Haight St"}},{"type":"Feature","geometry":{"type":"Point","coordinates":[-122.43121,37.7756]},"properties":{"stop_id":"14622","stop_code":"14622","stop_name":"Fillmore St & Hayes St"}},{"type":"Feature","geometry":{"type":"Point","coordinates":[-122.4312,37.77611]},"properties":{"stop_id":"14621","stop_code":"14621","stop_name":"Fillmore St & Hayes St"}},{"type":"Feature","geometry":{"type":"Point","coordinates":[-122.43456,37.79276]},"properties":{"stop_id":"14623","stop_code":"14623","stop_name":"Fillmore St & Jackson St"}},{"type":"Feature","geometry":{"type":"Point","coordinates":[-122.43461,37.79239]},"properties":{"stop_id":"14624","stop_code":"14624","stop_name":"Fillmore St & Jackson St"}},{"type":"Feature","geometry":{"type":"Point","coordinates":[-122.43721,37.80561]},"properties":{"stop_id":"14625","stop_code":"14625","stop_name":"Fillmore St & Jefferson St"}},{"type":"Feature","geometry":{"type":"Point","coordinates":[-122.43595,37.79971]},"properties":{"stop_id":"14626","stop_code":"14626","stop_name":"Fillmore St & Lombard St"}},{"type":"Feature","geometry":{"type":"Point","coordinates":[-122.43605,37.79959]},"properties":{"stop_id":"14627","stop_code":"14627","stop_name":"Fillmore St & Lombard St"}},{"type":"Feature","geometry":{"type":"Point","coordinates":[-122.43169,37.77854]},"properties":{"stop_id":"14628","stop_code":"14628","stop_name":"Fillmore St & Mcallister St"}},{"type":"Feature","geometry":{"type":"Point","coordinates":[-122.43176,37.77834]},"properties":{"stop_id":"14629","stop_code":"14629","stop_name":"Fillmore St & Mcallister St"}},{"type":"Feature","geometry":{"type":"Point","coordinates":[-122.43679,37.80355]},"properties":{"stop_id":"14630","stop_code":"14630","stop_name":"Fillmore St & North Point St"}},{"type":"Feature","geometry":{"type":"Point","coordinates":[-122.43082,37.77427]},"properties":{"stop_id":"14631","stop_code":"14631","stop_name":"Fillmore St & Oak St"}},{"type":"Feature","geometry":{"type":"Point","coordinates":[-122.43087,37.77376]},"properties":{"stop_id":"14632","stop_code":"14632","stop_name":"Fillmore St & Oak St"}},{"type":"Feature","geometry":{"type":"Point","coordinates":[-122.4327,37.78302]},"properties":{"stop_id":"14634","stop_code":"14634","stop_name":"Fillmore St & O'Farrell St"}},{"type":"Feature","geometry":{"type":"Point","coordinates":[-122.43263,37.78319]},"properties":{"stop_id":"14633","stop_code":"14633","stop_name":"Fillmore St & O'Farrell St"}},{"type":"Feature","geometry":{"type":"Point","coordinates":[-122.43366,37.78772]},"properties":{"stop_id":"14636","stop_code":"14636","stop_name":"Fillmore St & Pine St"}},{"type":"Feature","geometry":{"type":"Point","coordinates":[-122.43357,37.78805]},"properties":{"stop_id":"14635","stop_code":"14635","stop_name":"Fillmore St & Pine St"}},{"type":"Feature","geometry":{"type":"Point","coordinates":[-122.4341,37.78992]},"properties":{"stop_id":"14637","stop_code":"14637","stop_name":"Fillmore St & Sacramento St"}},{"type":"Feature","geometry":{"type":"Point","coordinates":[-122.43324,37.78605]},"properties":{"stop_id":"14640","stop_code":"14640","stop_name":"Fillmore St & Sutter St"}},{"type":"Feature","geometry":{"type":"Point","coordinates":[-122.43327,37.78581]},"properties":{"stop_id":"14641","stop_code":"14641","stop_name":"Fillmore St & Sutter St"}},{"type":"Feature","geometry":{"type":"Point","coordinates":[-122.43214,37.7802]},"properties":{"stop_id":"14642","stop_code":"14642","stop_name":"Fillmore St & Turk St"}},{"type":"Feature","geometry":{"type":"Point","coordinates":[-122.43549,37.79739]},"properties":{"stop_id":"14643","stop_code":"14643","stop_name":"Fillmore St & Union St"}},{"type":"Feature","geometry":{"type":"Point","coordinates":[-122.38959,37.71992]},"properties":{"stop_id":"14645","stop_code":"14645","stop_name":"Fitzgerald Ave & Hawes St"}},{"type":"Feature","geometry":{"type":"Point","coordinates":[-122.39145,37.72097]},"properties":{"stop_id":"14646","stop_code":"14646","stop_name":"Fitzgerald Ave & Ingalls St"}},{"type":"Feature","geometry":{"type":"Point","coordinates":[-122.39332,37.72203]},"properties":{"stop_id":"14647","stop_code":"14647","stop_name":"Fitzgerald Ave & Jennings St"}},{"type":"Feature","geometry":{"type":"Point","coordinates":[-122.39484,37.7229]},"properties":{"stop_id":"14648","stop_code":"14648","stop_name":"Fitzgerald Ave & Keith St"}},{"type":"Feature","geometry":{"type":"Point","coordinates":[-122.44876,37.7298]},"properties":{"stop_id":"14649","stop_code":"14649","stop_name":"Foerster St & Flood Ave"}},{"type":"Feature","geometry":{"type":"Point","coordinates":[-122.44875,37.72849]},"properties":{"stop_id":"14650","stop_code":"14650","stop_name":"Foerster St & Judson Ave"}},{"type":"Feature","geometry":{"type":"Point","coordinates":[-122.44895,37.73315]},"properties":{"stop_id":"14651","stop_code":"14651","stop_name":"Foerster St & Mangels Ave"}},{"type":"Feature","geometry":{"type":"Point","coordinates":[-122.44879,37.73299]},"properties":{"stop_id":"14652","stop_code":"14652","stop_name":"Foerster St & Mangels Ave"}},{"type":"Feature","geometry":{"type":"Point","coordinates":[-122.44875,37.7317]},"properties":{"stop_id":"17528","stop_code":"17528","stop_name":"Foerster Street & Monterey Blvd"}},{"type":"Feature","geometry":{"type":"Point","coordinates":[-122.4488,37.73419]},"properties":{"stop_id":"14654","stop_code":"14654","stop_name":"Foerster St & Teresita Blvd"}},{"type":"Feature","geometry":{"type":"Point","coordinates":[-122.41396,37.7719]},"properties":{"stop_id":"14664","stop_code":"14664","stop_name":"Folsom St & 11th St"}},{"type":"Feature","geometry":{"type":"Point","coordinates":[-122.41413,37.77183]},"properties":{"stop_id":"14665","stop_code":"14665","stop_name":"Folsom St & 11th St"}},{"type":"Feature","geometry":{"type":"Point","coordinates":[-122.41553,37.76846]},"properties":{"stop_id":"14667","stop_code":"14667","stop_name":"Folsom St & 14th St"}},{"type":"Feature","geometry":{"type":"Point","coordinates":[-122.41567,37.76846]},"properties":{"stop_id":"14666","stop_code":"14666","stop_name":"Folsom St & 14th St"}},{"type":"Feature","geometry":{"type":"Point","coordinates":[-122.41542,37.76523]},"properties":{"stop_id":"14669","stop_code":"14669","stop_name":"Folsom St & 16th St"}},{"type":"Feature","geometry":{"type":"Point","coordinates":[-122.41524,37.76557]},"properties":{"stop_id":"14668","stop_code":"14668","stop_name":"Folsom St & 16th St"}},{"type":"Feature","geometry":{"type":"Point","coordinates":[-122.41509,37.76186]},"properties":{"stop_id":"14672","stop_code":"14672","stop_name":"Folsom St & 18th St"}},{"type":"Feature","geometry":{"type":"Point","coordinates":[-122.41491,37.76221]},"properties":{"stop_id":"14671","stop_code":"14671","stop_name":"Folsom St & 18th St"}},{"type":"Feature","geometry":{"type":"Point","coordinates":[-122.39433,37.78732]},"properties":{"stop_id":"14655","stop_code":"14655","stop_name":"Folsom St & 1st St"}},{"type":"Feature","geometry":{"type":"Point","coordinates":[-122.41479,37.75876]},"properties":{"stop_id":"17732","stop_code":"17732","stop_name":"Folsom St & 20st"}},{"type":"Feature","geometry":{"type":"Point","coordinates":[-122.41462,37.75899]},"properties":{"stop_id":"17733","stop_code":"17733","stop_name":"Folsom St & 20th St"}},{"type":"Feature","geometry":{"type":"Point","coordinates":[-122.41433,37.75595]},"properties":{"stop_id":"14675","stop_code":"14675","stop_name":"Folsom St & 22nd St"}},{"type":"Feature","geometry":{"type":"Point","coordinates":[-122.41448,37.75546]},"properties":{"stop_id":"14676","stop_code":"14676","stop_name":"Folsom St & 22nd St"}},{"type":"Feature","geometry":{"type":"Point","coordinates":[-122.41402,37.75276]},"properties":{"stop_id":"14677","stop_code":"14677","stop_name":"Folsom St & 24th St"}},{"type":"Feature","geometry":{"type":"Point","coordinates":[-122.41413,37.75244]},"properties":{"stop_id":"17312","stop_code":"17312","stop_name":"Folsom St & 24th St"}},{"type":"Feature","geometry":{"type":"Point","coordinates":[-122.41405,37.751]},"properties":{"stop_id":"14680","stop_code":"14680","stop_name":"Folsom St & 25th St"}},{"type":"Feature","geometry":{"type":"Point","coordinates":[-122.41384,37.75083]},"properties":{"stop_id":"14681","stop_code":"14681","stop_name":"Folsom St & 25th St"}},{"type":"Feature","geometry":{"type":"Point","coordinates":[-122.39678,37.78546]},"properties":{"stop_id":"17024","stop_code":"17024","stop_name":"Folsom St & 2nd St"}},{"type":"Feature","geometry":{"type":"Point","coordinates":[-122.39868,37.78387]},"properties":{"stop_id":"14657","stop_code":"14657","stop_name":"Folsom St & 3rd St"}},{"type":"Feature","geometry":{"type":"Point","coordinates":[-122.4011,37.78204]},"properties":{"stop_id":"14658","stop_code":"14658","stop_name":"Folsom St & 4th St"}},{"type":"Feature","geometry":{"type":"Point","coordinates":[-122.4031,37.78039]},"properties":{"stop_id":"14659","stop_code":"14659","stop_name":"Folsom St & 5th St"}},{"type":"Feature","geometry":{"type":"Point","coordinates":[-122.40532,37.77863]},"properties":{"stop_id":"14660","stop_code":"14660","stop_name":"Folsom St & 6th St"}},{"type":"Feature","geometry":{"type":"Point","coordinates":[-122.40785,37.77664]},"properties":{"stop_id":"14661","stop_code":"14661","stop_name":"Folsom St & 7th St"}},{"type":"Feature","geometry":{"type":"Point","coordinates":[-122.40977,37.77511]},"properties":{"stop_id":"14662","stop_code":"14662","stop_name":"Folsom St & 8th St"}},{"type":"Feature","geometry":{"type":"Point","coordinates":[-122.41132,37.77389]},"properties":{"stop_id":"14663","stop_code":"14663","stop_name":"Folsom St & 9th St"}},{"type":"Feature","geometry":{"type":"Point","coordinates":[-122.39326,37.7884]},"properties":{"stop_id":"18002","stop_code":"18002","stop_name":"Folsom St & Beale St"}},{"type":"Feature","geometry":{"type":"Point","coordinates":[-122.41362,37.74687]},"properties":{"stop_id":"14686","stop_code":"14686","stop_name":"Folsom St & Bessie St"}},{"type":"Feature","geometry":{"type":"Point","coordinates":[-122.41376,37.74832]},"properties":{"stop_id":"17746","stop_code":"17746","stop_name":"Folsom St & Cesar Chavez St"}},{"type":"Feature","geometry":{"type":"Point","coordinates":[-122.41364,37.74848]},"properties":{"stop_id":"17552","stop_code":"17552","stop_name":"Folsom St & Cesar Chavez St"}},{"type":"Feature","geometry":{"type":"Point","coordinates":[-122.41337,37.7388]},"properties":{"stop_id":"14688","stop_code":"14688","stop_name":"Folsom St & Cortland Ave"}},{"type":"Feature","geometry":{"type":"Point","coordinates":[-122.4133,37.73888]},"properties":{"stop_id":"14687","stop_code":"14687","stop_name":"Folsom St & Cortland Ave"}},{"type":"Feature","geometry":{"type":"Point","coordinates":[-122.41372,37.73483]},"properties":{"stop_id":"14690","stop_code":"14690","stop_name":"Folsom St & Crescent Ave"}},{"type":"Feature","geometry":{"type":"Point","coordinates":[-122.41365,37.73494]},"properties":{"stop_id":"14689","stop_code":"14689","stop_name":"Folsom St & Crescent Ave"}},{"type":"Feature","geometry":{"type":"Point","coordinates":[-122.41364,37.73579]},"properties":{"stop_id":"14696","stop_code":"14696","stop_name":"Folsom St & Ogden St"}},{"type":"Feature","geometry":{"type":"Point","coordinates":[-122.41352,37.73605]},"properties":{"stop_id":"14695","stop_code":"14695","stop_name":"Folsom St & Ogden St"}},{"type":"Feature","geometry":{"type":"Point","coordinates":[-122.41349,37.7471]},"properties":{"stop_id":"14697","stop_code":"14697","stop_name":"Folsom St & Precita Ave"}},{"type":"Feature","geometry":{"type":"Point","coordinates":[-122.41339,37.74426]},"properties":{"stop_id":"17923","stop_code":"17923","stop_name":"Folsom St & Ripley St"}},{"type":"Feature","geometry":{"type":"Point","coordinates":[-122.41345,37.74521]},"properties":{"stop_id":"14699","stop_code":"14699","stop_name":"Folsom St & Stoneman St"}},{"type":"Feature","geometry":{"type":"Point","coordinates":[-122.41336,37.74532]},"properties":{"stop_id":"14698","stop_code":"14698","stop_name":"Folsom St & Stoneman St"}},{"type":"Feature","geometry":{"type":"Point","coordinates":[-122.41344,37.73718]},"properties":{"stop_id":"14700","stop_code":"14700","stop_name":"Folsom St & Tompkins St"}},{"type":"Feature","geometry":{"type":"Point","coordinates":[-122.41352,37.73716]},"properties":{"stop_id":"14701","stop_code":"14701","stop_name":"Folsom St & Tompkins St"}},{"type":"Feature","geometry":{"type":"Point","coordinates":[-122.48215,37.72176]},"properties":{"stop_id":"14702","stop_code":"14702","stop_name":"Font Blvd & Arballo Dr"}},{"type":"Feature","geometry":{"type":"Point","coordinates":[-122.48254,37.72184]},"properties":{"stop_id":"14703","stop_code":"14703","stop_name":"Font Blvd & Arballo Dr"}},{"type":"Feature","geometry":{"type":"Point","coordinates":[-122.47429,37.7159]},"properties":{"stop_id":"14705","stop_code":"14705","stop_name":"Font Blvd & Cambon Dr"}},{"type":"Feature","geometry":{"type":"Point","coordinates":[-122.47458,37.7159]},"properties":{"stop_id":"14706","stop_code":"14706","stop_name":"Font Blvd & Cambon Dr"}},{"type":"Feature","geometry":{"type":"Point","coordinates":[-122.47317,37.71521]},"properties":{"stop_id":"14704","stop_code":"14704","stop_name":"Font Blvd & Chumasero Dr"}},{"type":"Feature","geometry":{"type":"Point","coordinates":[-122.47603,37.71671]},"properties":{"stop_id":"17236","stop_code":"17236","stop_name":"Font Blvd & Gonzalez Dr"}},{"type":"Feature","geometry":{"type":"Point","coordinates":[-122.47576,37.71678]},"properties":{"stop_id":"14707","stop_code":"14707","stop_name":"Font Blvd & Gonzalez Dr"}},{"type":"Feature","geometry":{"type":"Point","coordinates":[-122.47869,37.71848]},"properties":{"stop_id":"17790","stop_code":"17790","stop_name":"Font Blvd & Juan Bautisa Cir"}},{"type":"Feature","geometry":{"type":"Point","coordinates":[-122.47708,37.7177]},"properties":{"stop_id":"14709","stop_code":"14709","stop_name":"Font Blvd & Juan Bautista Cir"}},{"type":"Feature","geometry":{"type":"Point","coordinates":[-122.48306,37.72249]},"properties":{"stop_id":"17806","stop_code":"17806","stop_name":"Font Blvd & Mary Ward Hall"}},{"type":"Feature","geometry":{"type":"Point","coordinates":[-122.48363,37.72276]},"properties":{"stop_id":"17808","stop_code":"17808","stop_name":"Font Blvd & Mary Ward Hall"}},{"type":"Feature","geometry":{"type":"Point","coordinates":[-122.47961,37.7196]},"properties":{"stop_id":"14710","stop_code":"14710","stop_name":"Font Blvd & Serrano Dr"}},{"type":"Feature","geometry":{"type":"Point","coordinates":[-122.47991,37.71959]},"properties":{"stop_id":"17789","stop_code":"17789","stop_name":"Font Blvd & Serrano Dr"}},{"type":"Feature","geometry":{"type":"Point","coordinates":[-122.48123,37.72073]},"properties":{"stop_id":"17788","stop_code":"17788","stop_name":"Font Blvd & Tapia Dr"}},{"type":"Feature","geometry":{"type":"Point","coordinates":[-122.4809,37.72068]},"properties":{"stop_id":"14712","stop_code":"14712","stop_name":"Font Blvd & Tapia Dr"}},{"type":"Feature","geometry":{"type":"Point","coordinates":[-122.45919,37.74817]},"properties":{"stop_id":"16993","stop_code":"16993","stop_name":"Forest Hill Station Outbound"}},{"type":"Feature","geometry":{"type":"Point","coordinates":[-122.39659,37.7784]},"properties":{"stop_id":"17879","stop_code":"17879","stop_name":"Fourth Street & Brannan Northbound"}},{"type":"Feature","geometry":{"type":"Point","coordinates":[-122.45323,37.74436]},"properties":{"stop_id":"14238","stop_code":"14238","stop_name":"Fowler Ave & Portola Dr"}},{"type":"Feature","geometry":{"type":"Point","coordinates":[-122.42337,37.80348]},"properties":{"stop_id":"17529","stop_code":"17529","stop_name":"Francisco Street & Polk Street"}},{"type":"Feature","geometry":{"type":"Point","coordinates":[-122.4576,37.76606]},"properties":{"stop_id":"14714","stop_code":"14714","stop_name":"Frederick St & Arguello Blvd"}},{"type":"Feature","geometry":{"type":"Point","coordinates":[-122.44646,37.76714]},"properties":{"stop_id":"14716","stop_code":"14716","stop_name":"Frederick St & Ashbury St"}},{"type":"Feature","geometry":{"type":"Point","coordinates":[-122.44669,37.76726]},"properties":{"stop_id":"14715","stop_code":"14715","stop_name":"Frederick St & Ashbury St"}},{"type":"Feature","geometry":{"type":"Point","coordinates":[-122.44792,37.7671]},"properties":{"stop_id":"14717","stop_code":"14717","stop_name":"Frederick St & Clayton St"}},{"type":"Feature","geometry":{"type":"Point","coordinates":[-122.44482,37.76735]},"properties":{"stop_id":"17025","stop_code":"17025","stop_name":"Frederick St & Masonic St"}},{"type":"Feature","geometry":{"type":"Point","coordinates":[-122.45326,37.76641]},"properties":{"stop_id":"14718","stop_code":"14718","stop_name":"Frederick St & Stanyan St"}},{"type":"Feature","geometry":{"type":"Point","coordinates":[-122.45491,37.76621]},"properties":{"stop_id":"14719","stop_code":"14719","stop_name":"Frederick St & Willard St"}},{"type":"Feature","geometry":{"type":"Point","coordinates":[-122.4547,37.76609]},"properties":{"stop_id":"14720","stop_code":"14720","stop_name":"Frederick St & Willard St"}},{"type":"Feature","geometry":{"type":"Point","coordinates":[-122.39815,37.79165]},"properties":{"stop_id":"14725","stop_code":"14725","stop_name":"Fremont St & Market St"}},{"type":"Feature","geometry":{"type":"Point","coordinates":[-122.39645,37.79038]},"properties":{"stop_id":"14723","stop_code":"14723","stop_name":"Fremont St & Mission St"}},{"type":"Feature","geometry":{"type":"Point","coordinates":[-122.45244,37.72685]},"properties":{"stop_id":"15925","stop_code":"15925","stop_name":"Frida Khalo Way & Judson Ave"}},{"type":"Feature","geometry":{"type":"Point","coordinates":[-122.45227,37.72692]},"properties":{"stop_id":"15924","stop_code":"15924","stop_name":"Frida Khalo Way & Judson Ave"}},{"type":"Feature","geometry":{"type":"Point","coordinates":[-122.46839,37.77335]},"properties":{"stop_id":"14736","stop_code":"14736","stop_name":"Fulton St & 10th Ave"}},{"type":"Feature","geometry":{"type":"Point","coordinates":[-122.46761,37.77325]},"properties":{"stop_id":"14737","stop_code":"14737","stop_name":"Fulton St & 10th Ave"}},{"type":"Feature","geometry":{"type":"Point","coordinates":[-122.47652,37.77283]},"properties":{"stop_id":"17721","stop_code":"17721","stop_name":"Fulton St & 18th Ave"}},{"type":"Feature","geometry":{"type":"Point","coordinates":[-122.47678,37.77296]},"properties":{"stop_id":"14742","stop_code":"14742","stop_name":"Fulton St & 18th Ave"}},{"type":"Feature","geometry":{"type":"Point","coordinates":[-122.48134,37.77276]},"properties":{"stop_id":"14746","stop_code":"14746","stop_name":"Fulton St & 22nd Ave"}},{"type":"Feature","geometry":{"type":"Point","coordinates":[-122.48061,37.77266]},"properties":{"stop_id":"14747","stop_code":"14747","stop_name":"Fulton St & 22nd Ave"}},{"type":"Feature","geometry":{"type":"Point","coordinates":[-122.48431,37.77259]},"properties":{"stop_id":"14748","stop_code":"14748","stop_name":"Fulton St & 25th Ave"}},{"type":"Feature","geometry":{"type":"Point","coordinates":[-122.4841,37.77255]},"properties":{"stop_id":"14749","stop_code":"14749","stop_name":"Fulton St & 25th Ave"}},{"type":"Feature","geometry":{"type":"Point","coordinates":[-122.48717,37.77235]},"properties":{"stop_id":"14751","stop_code":"14751","stop_name":"Fulton St & 28th Ave"}},{"type":"Feature","geometry":{"type":"Point","coordinates":[-122.4875,37.77247]},"properties":{"stop_id":"17727","stop_code":"17727","stop_name":"Fulton S T& 28th Ave"}},{"type":"Feature","geometry":{"type":"Point","coordinates":[-122.48919,37.77224]},"properties":{"stop_id":"14753","stop_code":"14753","stop_name":"Fulton St & 30th Ave"}},{"type":"Feature","geometry":{"type":"Point","coordinates":[-122.48962,37.77237]},"properties":{"stop_id":"17728","stop_code":"17728","stop_name":"Fulton S T& 30th Ave"}},{"type":"Feature","geometry":{"type":"Point","coordinates":[-122.49288,37.7721]},"properties":{"stop_id":"14212","stop_code":"14212","stop_name":"Fulton St & 33rd Ave"}},{"type":"Feature","geometry":{"type":"Point","coordinates":[-122.49318,37.77223]},"properties":{"stop_id":"14211","stop_code":"14211","stop_name":"Fulton St & 33rd Ave"}},{"type":"Feature","geometry":{"type":"Point","coordinates":[-122.49634,37.77208]},"properties":{"stop_id":"14213","stop_code":"14213","stop_name":"Fulton St & 36th Ave"}},{"type":"Feature","geometry":{"type":"Point","coordinates":[-122.49679,37.77192]},"properties":{"stop_id":"14215","stop_code":"14215","stop_name":"Fulton St & 37th Ave"}},{"type":"Feature","geometry":{"type":"Point","coordinates":[-122.50034,37.77188]},"properties":{"stop_id":"17729","stop_code":"17729","stop_name":"Fulton St & 40th Ave"}},{"type":"Feature","geometry":{"type":"Point","coordinates":[-122.49991,37.77179]},"properties":{"stop_id":"14218","stop_code":"14218","stop_name":"Fulton St & 40th Ave"}},{"type":"Feature","geometry":{"type":"Point","coordinates":[-122.50354,37.77174]},"properties":{"stop_id":"17730","stop_code":"17730","stop_name":"Fulton St & 43rd Ave"}},{"type":"Feature","geometry":{"type":"Point","coordinates":[-122.5033,37.77161]},"properties":{"stop_id":"17720","stop_code":"17720","stop_name":"Fulton St & 43rd Ave"}},{"type":"Feature","geometry":{"type":"Point","coordinates":[-122.50631,37.77148]},"properties":{"stop_id":"14222","stop_code":"14222","stop_name":"Fulton St & 46th Ave"}},{"type":"Feature","geometry":{"type":"Point","coordinates":[-122.50704,37.77159]},"properties":{"stop_id":"14221","stop_code":"14221","stop_name":"Fulton St & 46th Ave"}},{"type":"Feature","geometry":{"type":"Point","coordinates":[-122.46125,37.77384]},"properties":{"stop_id":"14731","stop_code":"14731","stop_name":"Fulton St & 4th Ave"}},{"type":"Feature","geometry":{"type":"Point","coordinates":[-122.46166,37.77395]},"properties":{"stop_id":"14730","stop_code":"14730","stop_name":"Fulton St & 4th Ave"}},{"type":"Feature","geometry":{"type":"Point","coordinates":[-122.46385,37.77364]},"properties":{"stop_id":"14732","stop_code":"14732","stop_name":"Fulton St & 6th Ave"}},{"type":"Feature","geometry":{"type":"Point","coordinates":[-122.46384,37.77353]},"properties":{"stop_id":"14733","stop_code":"14733","stop_name":"Fulton St & 6th Ave"}},{"type":"Feature","geometry":{"type":"Point","coordinates":[-122.46605,37.77347]},"properties":{"stop_id":"14734","stop_code":"14734","stop_name":"Fulton St & 8th Ave"}},{"type":"Feature","geometry":{"type":"Point","coordinates":[-122.46574,37.77332]},"properties":{"stop_id":"14735","stop_code":"14735","stop_name":"Fulton St & 8th Ave"}},{"type":"Feature","geometry":{"type":"Point","coordinates":[-122.458,37.77428]},"properties":{"stop_id":"14224","stop_code":"14224","stop_name":"Fulton St & Arguello Blvd"}},{"type":"Feature","geometry":{"type":"Point","coordinates":[-122.45842,37.77435]},"properties":{"stop_id":"14223","stop_code":"14223","stop_name":"Fulton St & Arguello Blvd"}},{"type":"Feature","geometry":{"type":"Point","coordinates":[-122.44977,37.77541]},"properties":{"stop_id":"14225","stop_code":"14225","stop_name":"Fulton St & Clayton St"}},{"type":"Feature","geometry":{"type":"Point","coordinates":[-122.44929,37.77537]},"properties":{"stop_id":"14226","stop_code":"14226","stop_name":"Fulton St & Clayton St"}},{"type":"Feature","geometry":{"type":"Point","coordinates":[-122.51079,37.77142]},"properties":{"stop_id":"14227","stop_code":"14227","stop_name":"Fulton St & Great Hwy"}},{"type":"Feature","geometry":{"type":"Point","coordinates":[-122.50939,37.77134]},"properties":{"stop_id":"14228","stop_code":"14228","stop_name":"Fulton St & La Playa St"}},{"type":"Feature","geometry":{"type":"Point","coordinates":[-122.4464,37.77584]},"properties":{"stop_id":"14229","stop_code":"14229","stop_name":"Fulton St & Masonic Ave"}},{"type":"Feature","geometry":{"type":"Point","coordinates":[-122.44629,37.77577]},"properties":{"stop_id":"14230","stop_code":"14230","stop_name":"Fulton St & Masonic Ave"}},{"type":"Feature","geometry":{"type":"Point","coordinates":[-122.45287,37.77501]},"properties":{"stop_id":"14233","stop_code":"14233","stop_name":"Fulton St & Parker Ave"}},{"type":"Feature","geometry":{"type":"Point","coordinates":[-122.4717,37.77307]},"properties":{"stop_id":"14232","stop_code":"14232","stop_name":"Fulton St & Park Presidio Blvd"}},{"type":"Feature","geometry":{"type":"Point","coordinates":[-122.47218,37.77319]},"properties":{"stop_id":"14231","stop_code":"14231","stop_name":"Fulton St & Park Presidio Blvd"}},{"type":"Feature","geometry":{"type":"Point","coordinates":[-122.45238,37.77499]},"properties":{"stop_id":"14234","stop_code":"14234","stop_name":"Fulton St & Shrader St"}},{"type":"Feature","geometry":{"type":"Point","coordinates":[-122.45452,37.77476]},"properties":{"stop_id":"14235","stop_code":"14235","stop_name":"Fulton St & Stanyan St"}},{"type":"Feature","geometry":{"type":"Point","coordinates":[-122.45474,37.77477]},"properties":{"stop_id":"14236","stop_code":"14236","stop_name":"Fulton St & Stanyan Stw"}},{"type":"Feature","geometry":{"type":"Point","coordinates":[-122.36703,37.72879]},"properties":{"stop_id":"15633","stop_code":"15633","stop_name":"Galvez Ave & Hill Ave"}},{"type":"Feature","geometry":{"type":"Point","coordinates":[-122.47153,37.71972]},"properties":{"stop_id":"14245","stop_code":"14245","stop_name":"Garfield St & Beverly St"}},{"type":"Feature","geometry":{"type":"Point","coordinates":[-122.46364,37.71979]},"properties":{"stop_id":"14247","stop_code":"14247","stop_name":"Garfield St & Bright St"}},{"type":"Feature","geometry":{"type":"Point","coordinates":[-122.46346,37.71999]},"properties":{"stop_id":"14246","stop_code":"14246","stop_name":"Garfield St & Bright St"}},{"type":"Feature","geometry":{"type":"Point","coordinates":[-122.46974,37.71974]},"properties":{"stop_id":"14248","stop_code":"14248","stop_name":"Garfield St & Byxbee St"}},{"type":"Feature","geometry":{"type":"Point","coordinates":[-122.46995,37.71959]},"properties":{"stop_id":"17325","stop_code":"17325","stop_name":"Garfield St & Byxbee St"}},{"type":"Feature","geometry":{"type":"Point","coordinates":[-122.46794,37.71975]},"properties":{"stop_id":"14253","stop_code":"14253","stop_name":"Garfield St & Vernon St"}},{"type":"Feature","geometry":{"type":"Point","coordinates":[-122.46815,37.71959]},"properties":{"stop_id":"17326","stop_code":"17326","stop_name":"Garfield St & Vernon St"}},{"type":"Feature","geometry":{"type":"Point","coordinates":[-122.46523,37.71976]},"properties":{"stop_id":"17196","stop_code":"17196","stop_name":"Garfield St & Victoria St"}},{"type":"Feature","geometry":{"type":"Point","coordinates":[-122.46545,37.71961]},"properties":{"stop_id":"14254","stop_code":"14254","stop_name":"Garfield St & Victoria St"}},{"type":"Feature","geometry":{"type":"Point","coordinates":[-122.37525,37.82985]},"properties":{"stop_id":"14934","stop_code":"14934","stop_name":"Gateview Ave & Bayside Dr"}},{"type":"Feature","geometry":{"type":"Point","coordinates":[-122.37722,37.82818]},"properties":{"stop_id":"14935","stop_code":"14935","stop_name":"Gateview Ave & Mason Ct"}},{"type":"Feature","geometry":{"type":"Point","coordinates":[-122.37348,37.82982]},"properties":{"stop_id":"14936","stop_code":"14936","stop_name":"Gateview Ave & Northpoint Dr"}},{"type":"Feature","geometry":{"type":"Point","coordinates":[-122.47604,37.7806]},"properties":{"stop_id":"14263","stop_code":"14263","stop_name":"Geary Blvd & 17th Ave"}},{"type":"Feature","geometry":{"type":"Point","coordinates":[-122.47598,37.78046]},"properties":{"stop_id":"14264","stop_code":"14264","stop_name":"Geary Blvd & 17th Ave"}},{"type":"Feature","geometry":{"type":"Point","coordinates":[-122.4796,37.78036]},"properties":{"stop_id":"14265","stop_code":"14265","stop_name":"Geary Blvd & 20th Ave"}},{"type":"Feature","geometry":{"type":"Point","coordinates":[-122.47923,37.78032]},"properties":{"stop_id":"14266","stop_code":"14266","stop_name":"Geary Blvd & 20th Ave"}},{"type":"Feature","geometry":{"type":"Point","coordinates":[-122.48175,37.78025]},"properties":{"stop_id":"14267","stop_code":"14267","stop_name":"Geary Blvd & 22nd Ave"}},{"type":"Feature","geometry":{"type":"Point","coordinates":[-122.48243,37.78017]},"properties":{"stop_id":"14268","stop_code":"14268","stop_name":"Geary Blvd & 23rd Ave"}},{"type":"Feature","geometry":{"type":"Point","coordinates":[-122.48456,37.78008]},"properties":{"stop_id":"14270","stop_code":"14270","stop_name":"Geary Blvd & 25th Ave"}},{"type":"Feature","geometry":{"type":"Point","coordinates":[-122.48461,37.78022]},"properties":{"stop_id":"14269","stop_code":"14269","stop_name":"Geary Blvd & 25th Ave"}},{"type":"Feature","geometry":{"type":"Point","coordinates":[-122.48781,37.78001]},"properties":{"stop_id":"14271","stop_code":"14271","stop_name":"Geary Blvd & 28th Ave"}},{"type":"Feature","geometry":{"type":"Point","coordinates":[-122.48805,37.77986]},"properties":{"stop_id":"14272","stop_code":"14272","stop_name":"Geary Blvd & 28th Ave"}},{"type":"Feature","geometry":{"type":"Point","coordinates":[-122.48997,37.77996]},"properties":{"stop_id":"14273","stop_code":"14273","stop_name":"Geary Blvd & 30th Ave"}},{"type":"Feature","geometry":{"type":"Point","coordinates":[-122.49019,37.77973]},"properties":{"stop_id":"14274","stop_code":"14274","stop_name":"Geary Blvd & 30th Ave"}},{"type":"Feature","geometry":{"type":"Point","coordinates":[-122.49171,37.77963]},"properties":{"stop_id":"14275","stop_code":"14275","stop_name":"Geary Blvd & 32nd Ave"}},{"type":"Feature","geometry":{"type":"Point","coordinates":[-122.49344,37.7798]},"properties":{"stop_id":"14278","stop_code":"14278","stop_name":"Geary Blvd & 33rd Ave"}},{"type":"Feature","geometry":{"type":"Point","coordinates":[-122.4934,37.77957]},"properties":{"stop_id":"14279","stop_code":"14279","stop_name":"Geary Blvd & 33rd Ave"}},{"type":"Feature","geometry":{"type":"Point","coordinates":[-122.49311,37.77974]},"properties":{"stop_id":"14277","stop_code":"14277","stop_name":"Geary Blvd & 33rd Ave"}},{"type":"Feature","geometry":{"type":"Point","coordinates":[-122.49662,37.77944]},"properties":{"stop_id":"14281","stop_code":"14281","stop_name":"Geary Blvd & 36th Ave"}},{"type":"Feature","geometry":{"type":"Point","coordinates":[-122.4964,37.77967]},"properties":{"stop_id":"14280","stop_code":"14280","stop_name":"Geary Blvd & 36th Ave"}},{"type":"Feature","geometry":{"type":"Point","coordinates":[-122.49983,37.77929]},"properties":{"stop_id":"14283","stop_code":"14283","stop_name":"Geary Blvd & 39th Ave"}},{"type":"Feature","geometry":{"type":"Point","coordinates":[-122.50068,37.77947]},"properties":{"stop_id":"14282","stop_code":"14282","stop_name":"Geary Blvd & 39th Ave"}},{"type":"Feature","geometry":{"type":"Point","coordinates":[-122.4613,37.78118]},"properties":{"stop_id":"14255","stop_code":"14255","stop_name":"Geary Blvd & 3rd Ave"}},{"type":"Feature","geometry":{"type":"Point","coordinates":[-122.46116,37.78104]},"properties":{"stop_id":"14256","stop_code":"14256","stop_name":"Geary Blvd & 3rd Ave"}},{"type":"Feature","geometry":{"type":"Point","coordinates":[-122.50277,37.77915]},"properties":{"stop_id":"14285","stop_code":"14285","stop_name":"Geary Blvd & 42nd Ave"}},{"type":"Feature","geometry":{"type":"Point","coordinates":[-122.50626,37.77904]},"properties":{"stop_id":"14286","stop_code":"14286","stop_name":"Geary Blvd & 45th Ave"}},{"type":"Feature","geometry":{"type":"Point","coordinates":[-122.46412,37.781]},"properties":{"stop_id":"14258","stop_code":"14258","stop_name":"Geary Blvd & 6th Ave"}},{"type":"Feature","geometry":{"type":"Point","coordinates":[-122.46449,37.78109]},"properties":{"stop_id":"14257","stop_code":"14257","stop_name":"Geary Blvd & 6th Ave"}},{"type":"Feature","geometry":{"type":"Point","coordinates":[-122.46764,37.78098]},"properties":{"stop_id":"14259","stop_code":"14259","stop_name":"Geary Blvd & 9th Ave"}},{"type":"Feature","geometry":{"type":"Point","coordinates":[-122.46732,37.78078]},"properties":{"stop_id":"14260","stop_code":"14260","stop_name":"Geary Blvd & 9th Ave"}},{"type":"Feature","geometry":{"type":"Point","coordinates":[-122.45869,37.78115]},"properties":{"stop_id":"14288","stop_code":"14288","stop_name":"Geary Blvd & Arguello Blvd"}},{"type":"Feature","geometry":{"type":"Point","coordinates":[-122.45896,37.78131]},"properties":{"stop_id":"17854","stop_code":"17854","stop_name":"Geary Blvd & Arguello Blvd"}},{"type":"Feature","geometry":{"type":"Point","coordinates":[-122.44297,37.78297]},"properties":{"stop_id":"14289","stop_code":"14289","stop_name":"Geary Blvd & Baker St"}},{"type":"Feature","geometry":{"type":"Point","coordinates":[-122.44991,37.78203]},"properties":{"stop_id":"14291","stop_code":"14291","stop_name":"Geary Blvd & Collins St"}},{"type":"Feature","geometry":{"type":"Point","coordinates":[-122.44999,37.78224]},"properties":{"stop_id":"14290","stop_code":"14290","stop_name":"Geary Blvd & Collins St"}},{"type":"Feature","geometry":{"type":"Point","coordinates":[-122.45568,37.78153]},"properties":{"stop_id":"14292","stop_code":"14292","stop_name":"Geary Blvd & Commonwealth St"}},{"type":"Feature","geometry":{"type":"Point","coordinates":[-122.43937,37.78343]},"properties":{"stop_id":"14293","stop_code":"14293","stop_name":"Geary Blvd & Divisadero St"}},{"type":"Feature","geometry":{"type":"Point","coordinates":[-122.43957,37.78318]},"properties":{"stop_id":"14294","stop_code":"14294","stop_name":"Geary Blvd & Divisadero St"}},{"type":"Feature","geometry":{"type":"Point","coordinates":[-122.43205,37.78438]},"properties":{"stop_id":"17954","stop_code":"17954","stop_name":"Geary Blvd & Fillmore St"}},{"type":"Feature","geometry":{"type":"Point","coordinates":[-122.43305,37.78439]},"properties":{"stop_id":"14295","stop_code":"14295","stop_name":"Geary Blvd & Fillmore St"}},{"type":"Feature","geometry":{"type":"Point","coordinates":[-122.42508,37.78543]},"properties":{"stop_id":"14298","stop_code":"14298","stop_name":"Geary Blvd & Gough St"}},{"type":"Feature","geometry":{"type":"Point","coordinates":[-122.42816,37.78485]},"properties":{"stop_id":"14305","stop_code":"14305","stop_name":"Geary Blvd & Laguna St"}},{"type":"Feature","geometry":{"type":"Point","coordinates":[-122.42781,37.78503]},"properties":{"stop_id":"14304","stop_code":"14304","stop_name":"Geary Blvd & Laguna St"}},{"type":"Feature","geometry":{"type":"Point","coordinates":[-122.44703,37.7822]},"properties":{"stop_id":"17953","stop_code":"17953","stop_name":"Geary Blvd & Masonic St"}},{"type":"Feature","geometry":{"type":"Point","coordinates":[-122.4728,37.78067]},"properties":{"stop_id":"14755","stop_code":"14755","stop_name":"Geary Blvd & Park Presidio Blvd"}},{"type":"Feature","geometry":{"type":"Point","coordinates":[-122.47183,37.78064]},"properties":{"stop_id":"14756","stop_code":"14756","stop_name":"Geary Blvd & Park Presidio Blvd"}},{"type":"Feature","geometry":{"type":"Point","coordinates":[-122.44669,37.78254]},"properties":{"stop_id":"14758","stop_code":"14758","stop_name":"Geary Blvd & Presidio Ave"}},{"type":"Feature","geometry":{"type":"Point","coordinates":[-122.43776,37.78385]},"properties":{"stop_id":"14760","stop_code":"14760","stop_name":"Geary Blvd & Scott St"}},{"type":"Feature","geometry":{"type":"Point","coordinates":[-122.43767,37.78362]},"properties":{"stop_id":"14761","stop_code":"14761","stop_name":"Geary Blvd & Scott St"}},{"type":"Feature","geometry":{"type":"Point","coordinates":[-122.45307,37.78185]},"properties":{"stop_id":"14762","stop_code":"14762","stop_name":"Geary Blvd & Spruce St"}},{"type":"Feature","geometry":{"type":"Point","coordinates":[-122.45326,37.7816]},"properties":{"stop_id":"14763","stop_code":"14763","stop_name":"Geary Blvd & Spruce St"}},{"type":"Feature","geometry":{"type":"Point","coordinates":[-122.45643,37.78126]},"properties":{"stop_id":"14764","stop_code":"14764","stop_name":"Geary Blvd & Stanyan St"}},{"type":"Feature","geometry":{"type":"Point","coordinates":[-122.44254,37.7828]},"properties":{"stop_id":"14765","stop_code":"14765","stop_name":"Geary Blvd & St Joseph'S Ave"}},{"type":"Feature","geometry":{"type":"Point","coordinates":[-122.42158,37.78574]},"properties":{"stop_id":"14768","stop_code":"14768","stop_name":"Geary Blvd & Van Ness Ave"}},{"type":"Feature","geometry":{"type":"Point","coordinates":[-122.43102,37.78464]},"properties":{"stop_id":"14769","stop_code":"14769","stop_name":"Geary Blvd & Webster St"}},{"type":"Feature","geometry":{"type":"Point","coordinates":[-122.41333,37.78677]},"properties":{"stop_id":"14300","stop_code":"14300","stop_name":"Geary St & Jones St"}},{"type":"Feature","geometry":{"type":"Point","coordinates":[-122.40366,37.788]},"properties":{"stop_id":"14301","stop_code":"14301","stop_name":"Geary St & Kearny St"}},{"type":"Feature","geometry":{"type":"Point","coordinates":[-122.41825,37.78614]},"properties":{"stop_id":"14302","stop_code":"14302","stop_name":"Geary St & Larkin St"}},{"type":"Feature","geometry":{"type":"Point","coordinates":[-122.41497,37.78656]},"properties":{"stop_id":"14303","stop_code":"14303","stop_name":"Geary St & Leavenworth St"}},{"type":"Feature","geometry":{"type":"Point","coordinates":[-122.40839,37.7874]},"properties":{"stop_id":"14757","stop_code":"14757","stop_name":"Geary St & Powell St"}},{"type":"Feature","geometry":{"type":"Point","coordinates":[-122.40657,37.78763]},"properties":{"stop_id":"14766","stop_code":"14766","stop_name":"Geary St & Stockton St"}},{"type":"Feature","geometry":{"type":"Point","coordinates":[-122.41168,37.78698]},"properties":{"stop_id":"14767","stop_code":"14767","stop_name":"Geary St & Taylor St"}},{"type":"Feature","geometry":{"type":"Point","coordinates":[-122.39734,37.7539]},"properties":{"stop_id":"14122","stop_code":"14122","stop_name":"General Managers Office"}},{"type":"Feature","geometry":{"type":"Point","coordinates":[-122.44674,37.7208]},"properties":{"stop_id":"14803","stop_code":"14803","stop_name":"Geneva Ave/Balboa Park BART"}},{"type":"Feature","geometry":{"type":"Point","coordinates":[-122.44738,37.72095]},"properties":{"stop_id":"14805","stop_code":"14805","stop_name":"Geneva Ave/Balboa Park BART"}},{"type":"Feature","geometry":{"type":"Point","coordinates":[-122.42322,37.70931]},"properties":{"stop_id":"17300","stop_code":"17300","stop_name":"Geneva Ave & Carter St"}},{"type":"Feature","geometry":{"type":"Point","coordinates":[-122.4231,37.70908]},"properties":{"stop_id":"17304","stop_code":"17304","stop_name":"Geneva Ave&Carter St"}},{"type":"Feature","geometry":{"type":"Point","coordinates":[-122.41841,37.7077]},"properties":{"stop_id":"14809","stop_code":"14809","stop_name":"Geneva Ave & Castillo St"}},{"type":"Feature","geometry":{"type":"Point","coordinates":[-122.41827,37.70794]},"properties":{"stop_id":"14808","stop_code":"14808","stop_name":"Geneva Ave & Castillo St"}},{"type":"Feature","geometry":{"type":"Point","coordinates":[-122.44355,37.71893]},"properties":{"stop_id":"14810","stop_code":"14810","stop_name":"Geneva Ave & Cayuga Ave"}},{"type":"Feature","geometry":{"type":"Point","coordinates":[-122.44355,37.71872]},"properties":{"stop_id":"14811","stop_code":"14811","stop_name":"Geneva Ave & Cayuga Ave"}},{"type":"Feature","geometry":{"type":"Point","coordinates":[-122.45007,37.72198]},"properties":{"stop_id":"14882","stop_code":"14882","stop_name":"Geneva Ave & Howth St"}},{"type":"Feature","geometry":{"type":"Point","coordinates":[-122.44998,37.72212]},"properties":{"stop_id":"14881","stop_code":"14881","stop_name":"Geneva Ave & Howth St"}},{"type":"Feature","geometry":{"type":"Point","coordinates":[-122.43803,37.71514]},"properties":{"stop_id":"14884","stop_code":"14884","stop_name":"Geneva Ave & Madrid St"}},{"type":"Feature","geometry":{"type":"Point","coordinates":[-122.43759,37.71477]},"properties":{"stop_id":"14883","stop_code":"14883","stop_name":"Geneva Ave & Madrid St"}},{"type":"Feature","geometry":{"type":"Point","coordinates":[-122.44101,37.71642]},"properties":{"stop_id":"17671","stop_code":"17671","stop_name":"Geneva Ave & Mission St"}},{"type":"Feature","geometry":{"type":"Point","coordinates":[-122.44087,37.71647]},"properties":{"stop_id":"14886","stop_code":"14886","stop_name":"Geneva Ave & Mission St"}},{"type":"Feature","geometry":{"type":"Point","coordinates":[-122.43396,37.71333]},"properties":{"stop_id":"14889","stop_code":"14889","stop_name":"Geneva Ave & Moscow St"}},{"type":"Feature","geometry":{"type":"Point","coordinates":[-122.43303,37.71295]},"properties":{"stop_id":"14888","stop_code":"14888","stop_name":"Geneva Ave & Munich St"}},{"type":"Feature","geometry":{"type":"Point","coordinates":[-122.43634,37.71436]},"properties":{"stop_id":"14890","stop_code":"14890","stop_name":"Geneva Ave & Naples St"}},{"type":"Feature","geometry":{"type":"Point","coordinates":[-122.43596,37.71403]},"properties":{"stop_id":"14891","stop_code":"14891","stop_name":"Geneva Ave & Naples St"}},{"type":"Feature","geometry":{"type":"Point","coordinates":[-122.43207,37.71288]},"properties":{"stop_id":"14894","stop_code":"14894","stop_name":"Geneva Ave & Prague St"}},{"type":"Feature","geometry":{"type":"Point","coordinates":[-122.41571,37.70714]},"properties":{"stop_id":"17127","stop_code":"17127","stop_name":"Geneva Ave & Rio Verde St"}},{"type":"Feature","geometry":{"type":"Point","coordinates":[-122.41553,37.70694]},"properties":{"stop_id":"14895","stop_code":"14895","stop_name":"Geneva Ave & Rio Verde St"}},{"type":"Feature","geometry":{"type":"Point","coordinates":[-122.42002,37.70821]},"properties":{"stop_id":"14901","stop_code":"14901","stop_name":"Geneva Ave & Santos St"}},{"type":"Feature","geometry":{"type":"Point","coordinates":[-122.42035,37.70848]},"properties":{"stop_id":"14900","stop_code":"14900","stop_name":"Geneva Ave & Santos St"}},{"type":"Feature","geometry":{"type":"Point","coordinates":[-122.41989,37.70837]},"properties":{"stop_id":"14899","stop_code":"14899","stop_name":"Geneva Ave & Santos St"}},{"type":"Feature","geometry":{"type":"Point","coordinates":[-122.41308,37.7063]},"properties":{"stop_id":"17522","stop_code":"17522","stop_name":"Geneva Street & Schwerin Street"}},{"type":"Feature","geometry":{"type":"Point","coordinates":[-122.45121,37.72995]},"properties":{"stop_id":"14792","stop_code":"14792","stop_name":"Gennessee St & Flood Ave"}},{"type":"Feature","geometry":{"type":"Point","coordinates":[-122.39541,37.72246]},"properties":{"stop_id":"14783","stop_code":"14783","stop_name":"Gilman Ave & 3rd St"}},{"type":"Feature","geometry":{"type":"Point","coordinates":[-122.38699,37.7175]},"properties":{"stop_id":"15955","stop_code":"15955","stop_name":"Gilman Ave & Bill Walsh Way"}},{"type":"Feature","geometry":{"type":"Point","coordinates":[-122.38827,37.71823]},"properties":{"stop_id":"14784","stop_code":"14784","stop_name":"Gilman Ave & Griffith St"}},{"type":"Feature","geometry":{"type":"Point","coordinates":[-122.39173,37.72035]},"properties":{"stop_id":"14785","stop_code":"14785","stop_name":"Gilman Ave & Ingalls St"}},{"type":"Feature","geometry":{"type":"Point","coordinates":[-122.3936,37.72141]},"properties":{"stop_id":"14786","stop_code":"14786","stop_name":"Gilman Ave & Jennings St"}},{"type":"Feature","geometry":{"type":"Point","coordinates":[-122.40494,37.72799]},"properties":{"stop_id":"17838","stop_code":"17838","stop_name":"Girard St & Burrows St"}},{"type":"Feature","geometry":{"type":"Point","coordinates":[-122.47502,37.80756]},"properties":{"stop_id":"14773","stop_code":"14773","stop_name":"Golden Gate Bridge/Parking Lot"}},{"type":"Feature","geometry":{"type":"Point","coordinates":[-122.47587,37.80667]},"properties":{"stop_id":"14776","stop_code":"14776","stop_name":"Golden Gate Br Tunnel/Merchant Rd"}},{"type":"Feature","geometry":{"type":"Point","coordinates":[-122.42577,37.79104]},"properties":{"stop_id":"14905","stop_code":"14905","stop_name":"Gough St & Sacramento St"}},{"type":"Feature","geometry":{"type":"Point","coordinates":[-122.45592,37.72014]},"properties":{"stop_id":"17249","stop_code":"17249","stop_name":"Grafton Ave At Plymouth Ave"}},{"type":"Feature","geometry":{"type":"Point","coordinates":[-122.45907,37.7201]},"properties":{"stop_id":"17194","stop_code":"17194","stop_name":"Grafton Ave & Capitol Ave"}},{"type":"Feature","geometry":{"type":"Point","coordinates":[-122.45929,37.71995]},"properties":{"stop_id":"14908","stop_code":"14908","stop_name":"Grafton Ave & Capitol Ave"}},{"type":"Feature","geometry":{"type":"Point","coordinates":[-122.45725,37.71996]},"properties":{"stop_id":"14910","stop_code":"14910","stop_name":"Grafton Ave & Granada Ave"}},{"type":"Feature","geometry":{"type":"Point","coordinates":[-122.453,37.72008]},"properties":{"stop_id":"14911","stop_code":"14911","stop_name":"Grafton Ave & Harold Ave"}},{"type":"Feature","geometry":{"type":"Point","coordinates":[-122.46111,37.7201]},"properties":{"stop_id":"17195","stop_code":"17195","stop_name":"Grafton Ave & Jules Ave"}},{"type":"Feature","geometry":{"type":"Point","coordinates":[-122.46133,37.71995]},"properties":{"stop_id":"14912","stop_code":"14912","stop_name":"Grafton Ave & Jules Ave"}},{"type":"Feature","geometry":{"type":"Point","coordinates":[-122.45421,37.71999]},"properties":{"stop_id":"14913","stop_code":"14913","stop_name":"Grafton Ave & Lee St"}},{"type":"Feature","geometry":{"type":"Point","coordinates":[-122.45703,37.7201]},"properties":{"stop_id":"17193","stop_code":"17193","stop_name":"Grafton Ave & Plymouth Ave"}},{"type":"Feature","geometry":{"type":"Point","coordinates":[-122.45623,37.71996]},"properties":{"stop_id":"14915","stop_code":"14915","stop_name":"Grafton Ave & Plymouth Ave"}},{"type":"Feature","geometry":{"type":"Point","coordinates":[-122.44043,37.75504]},"properties":{"stop_id":"14924","stop_code":"14924","stop_name":"Grand View Ave & 21st St"}},{"type":"Feature","geometry":{"type":"Point","coordinates":[-122.51028,37.76788]},"properties":{"stop_id":"14779","stop_code":"14779","stop_name":"Great Hwy Near Beach Chalet"}},{"type":"Feature","geometry":{"type":"Point","coordinates":[-122.51046,37.76737]},"properties":{"stop_id":"14780","stop_code":"14780","stop_name":"Great Hwy Near Beach Chalet"}},{"type":"Feature","geometry":{"type":"Point","coordinates":[-122.42331,37.77775]},"properties":{"stop_id":"14920","stop_code":"14920","stop_name":"Grove St & Gough St"}},{"type":"Feature","geometry":{"type":"Point","coordinates":[-122.42632,37.77738]},"properties":{"stop_id":"14921","stop_code":"14921","stop_name":"Grove St & Laguna St"}},{"type":"Feature","geometry":{"type":"Point","coordinates":[-122.41974,37.77819]},"properties":{"stop_id":"14923","stop_code":"14923","stop_name":"Grove St & Van Ness Ave"}},{"type":"Feature","geometry":{"type":"Point","coordinates":[-122.41605,37.71202]},"properties":{"stop_id":"14938","stop_code":"14938","stop_name":"Hahn St & Sunnydale Ave"}},{"type":"Feature","geometry":{"type":"Point","coordinates":[-122.4159,37.71201]},"properties":{"stop_id":"14937","stop_code":"14937","stop_name":"Hahn St & Sunnydale Ave"}},{"type":"Feature","geometry":{"type":"Point","coordinates":[-122.41549,37.7133]},"properties":{"stop_id":"17026","stop_code":"17026","stop_name":"Hahn St & Visitacion Ave"}},{"type":"Feature","geometry":{"type":"Point","coordinates":[-122.44069,37.77089]},"properties":{"stop_id":"14940","stop_code":"14940","stop_name":"Haight St & Baker St"}},{"type":"Feature","geometry":{"type":"Point","coordinates":[-122.42736,37.77256]},"properties":{"stop_id":"14941","stop_code":"14941","stop_name":"Haight St & Buchanan St"}},{"type":"Feature","geometry":{"type":"Point","coordinates":[-122.42732,37.77243]},"properties":{"stop_id":"14942","stop_code":"14942","stop_name":"Haight St & Buchanan St"}},{"type":"Feature","geometry":{"type":"Point","coordinates":[-122.44055,37.77075]},"properties":{"stop_id":"14943","stop_code":"14943","stop_name":"Haight St & Buena Vista East Ave"}},{"type":"Feature","geometry":{"type":"Point","coordinates":[-122.44843,37.76978]},"properties":{"stop_id":"14947","stop_code":"14947","stop_name":"Haight St & Clayton St"}},{"type":"Feature","geometry":{"type":"Point","coordinates":[-122.44873,37.76984]},"properties":{"stop_id":"14946","stop_code":"14946","stop_name":"Haight St & Clayton St"}},{"type":"Feature","geometry":{"type":"Point","coordinates":[-122.43737,37.77129]},"properties":{"stop_id":"14950","stop_code":"14950","stop_name":"Haight St & Divisadero St"}},{"type":"Feature","geometry":{"type":"Point","coordinates":[-122.43674,37.77123]},"properties":{"stop_id":"14951","stop_code":"14951","stop_name":"Haight St & Divisadero St"}},{"type":"Feature","geometry":{"type":"Point","coordinates":[-122.43059,37.77205]},"properties":{"stop_id":"17636","stop_code":"17636","stop_name":"Haight St & Fillmore St"}},{"type":"Feature","geometry":{"type":"Point","coordinates":[-122.43035,37.7721]},"properties":{"stop_id":"14953","stop_code":"14953","stop_name":"Haight St & Fillmore St"}},{"type":"Feature","geometry":{"type":"Point","coordinates":[-122.43076,37.77214]},"properties":{"stop_id":"14952","stop_code":"14952","stop_name":"Haight St & Fillmore St"}},{"type":"Feature","geometry":{"type":"Point","coordinates":[-122.42255,37.77318]},"properties":{"stop_id":"14954","stop_code":"14954","stop_name":"Haight St & Gough St"}},{"type":"Feature","geometry":{"type":"Point","coordinates":[-122.4223,37.77308]},"properties":{"stop_id":"17757","stop_code":"17757","stop_name":"Haight St & Gough St"}},{"type":"Feature","geometry":{"type":"Point","coordinates":[-122.42584,37.77276]},"properties":{"stop_id":"14955","stop_code":"14955","stop_name":"Haight St & Laguna St"}},{"type":"Feature","geometry":{"type":"Point","coordinates":[-122.44548,37.77023]},"properties":{"stop_id":"14957","stop_code":"14957","stop_name":"Haight St & Masonic Ave"}},{"type":"Feature","geometry":{"type":"Point","coordinates":[-122.44529,37.7702]},"properties":{"stop_id":"14958","stop_code":"14958","stop_name":"Haight St & Masonic Ave"}},{"type":"Feature","geometry":{"type":"Point","coordinates":[-122.43354,37.77163]},"properties":{"stop_id":"14961","stop_code":"14961","stop_name":"Haight St & Pierce St"}},{"type":"Feature","geometry":{"type":"Point","coordinates":[-122.43404,37.77172]},"properties":{"stop_id":"14960","stop_code":"14960","stop_name":"Haight St & Pierce St"}},{"type":"Feature","geometry":{"type":"Point","coordinates":[-122.45307,37.76917]},"properties":{"stop_id":"14963","stop_code":"14963","stop_name":"Haight St & Stanyan St"}},{"type":"Feature","geometry":{"type":"Point","coordinates":[-122.45284,37.76933]},"properties":{"stop_id":"14962","stop_code":"14962","stop_name":"Haight St & Stanyan St"}},{"type":"Feature","geometry":{"type":"Point","coordinates":[-122.4545,37.80201]},"properties":{"stop_id":"15020","stop_code":"15020","stop_name":"Halleck St/Army Headquarters"}},{"type":"Feature","geometry":{"type":"Point","coordinates":[-122.40722,37.75283]},"properties":{"stop_id":"14964","stop_code":"14964","stop_name":"Hampshire St & 24th St"}},{"type":"Feature","geometry":{"type":"Point","coordinates":[-122.39545,37.78419]},"properties":{"stop_id":"14966","stop_code":"14966","stop_name":"Harrison St & 2nd St"}},{"type":"Feature","geometry":{"type":"Point","coordinates":[-122.39768,37.78244]},"properties":{"stop_id":"14967","stop_code":"14967","stop_name":"Harrison St & 3rd St"}},{"type":"Feature","geometry":{"type":"Point","coordinates":[-122.39991,37.78067]},"properties":{"stop_id":"14968","stop_code":"14968","stop_name":"Harrison St & 4th St"}},{"type":"Feature","geometry":{"type":"Point","coordinates":[-122.40214,37.77891]},"properties":{"stop_id":"14969","stop_code":"14969","stop_name":"Harrison St & 5th St"}},{"type":"Feature","geometry":{"type":"Point","coordinates":[-122.40436,37.77715]},"properties":{"stop_id":"14970","stop_code":"14970","stop_name":"Harrison St & 6th St"}},{"type":"Feature","geometry":{"type":"Point","coordinates":[-122.40644,37.7755]},"properties":{"stop_id":"14971","stop_code":"14971","stop_name":"Harrison St & 7th St"}},{"type":"Feature","geometry":{"type":"Point","coordinates":[-122.40851,37.77387]},"properties":{"stop_id":"14972","stop_code":"14972","stop_name":"Harrison St & 8th St"}},{"type":"Feature","geometry":{"type":"Point","coordinates":[-122.41037,37.7724]},"properties":{"stop_id":"14973","stop_code":"14973","stop_name":"Harrison St & 9th St"}},{"type":"Feature","geometry":{"type":"Point","coordinates":[-122.39001,37.7192]},"properties":{"stop_id":"14976","stop_code":"14976","stop_name":"Hawes St & Gilman Ave"}},{"type":"Feature","geometry":{"type":"Point","coordinates":[-122.4415,37.77457]},"properties":{"stop_id":"14979","stop_code":"14979","stop_name":"Hayes St & Baker St"}},{"type":"Feature","geometry":{"type":"Point","coordinates":[-122.44126,37.77451]},"properties":{"stop_id":"14980","stop_code":"14980","stop_name":"Hayes St & Baker St"}},{"type":"Feature","geometry":{"type":"Point","coordinates":[-122.42827,37.77626]},"properties":{"stop_id":"14983","stop_code":"14983","stop_name":"Hayes St & Buchanan St"}},{"type":"Feature","geometry":{"type":"Point","coordinates":[-122.42755,37.77624]},"properties":{"stop_id":"14984","stop_code":"14984","stop_name":"Hayes St & Buchanan St"}},{"type":"Feature","geometry":{"type":"Point","coordinates":[-122.4443,37.77419]},"properties":{"stop_id":"14985","stop_code":"14985","stop_name":"Hayes St & Central Ave"}},{"type":"Feature","geometry":{"type":"Point","coordinates":[-122.43791,37.7749]},"properties":{"stop_id":"14992","stop_code":"14992","stop_name":"Hayes St & Divisadero St"}},{"type":"Feature","geometry":{"type":"Point","coordinates":[-122.43794,37.77501]},"properties":{"stop_id":"14991","stop_code":"14991","stop_name":"Hayes St & Divisadero St"}},{"type":"Feature","geometry":{"type":"Point","coordinates":[-122.43156,37.77584]},"properties":{"stop_id":"14993","stop_code":"14993","stop_name":"Hayes St & Fillmore St"}},{"type":"Feature","geometry":{"type":"Point","coordinates":[-122.43083,37.7758]},"properties":{"stop_id":"14994","stop_code":"14994","stop_name":"Hayes St & Fillmore St"}},{"type":"Feature","geometry":{"type":"Point","coordinates":[-122.42333,37.77689]},"properties":{"stop_id":"14996","stop_code":"14996","stop_name":"Hayes St & Gough St"}},{"type":"Feature","geometry":{"type":"Point","coordinates":[-122.42615,37.77653]},"properties":{"stop_id":"14998","stop_code":"14998","stop_name":"Hayes St & Laguna St"}},{"type":"Feature","geometry":{"type":"Point","coordinates":[-122.41685,37.77771]},"properties":{"stop_id":"14997","stop_code":"14997","stop_name":"Hayes St & Larkin St"}},{"type":"Feature","geometry":{"type":"Point","coordinates":[-122.44286,37.77429]},"properties":{"stop_id":"15000","stop_code":"15000","stop_name":"Hayes St & Lyon St"}},{"type":"Feature","geometry":{"type":"Point","coordinates":[-122.44599,37.77398]},"properties":{"stop_id":"15001","stop_code":"15001","stop_name":"Hayes St & Masonic Ave"}},{"type":"Feature","geometry":{"type":"Point","coordinates":[-122.446,37.77393]},"properties":{"stop_id":"15002","stop_code":"15002","stop_name":"Hayes St & Masonic Ave"}},{"type":"Feature","geometry":{"type":"Point","coordinates":[-122.43418,37.77541]},"properties":{"stop_id":"15004","stop_code":"15004","stop_name":"Hayes St & Pierce St"}},{"type":"Feature","geometry":{"type":"Point","coordinates":[-122.43444,37.77547]},"properties":{"stop_id":"15003","stop_code":"15003","stop_name":"Hayes St & Pierce St"}},{"type":"Feature","geometry":{"type":"Point","coordinates":[-122.4332,37.77563]},"properties":{"stop_id":"15011","stop_code":"15011","stop_name":"Hayes St & Steiner St"}},{"type":"Feature","geometry":{"type":"Point","coordinates":[-122.43248,37.77563]},"properties":{"stop_id":"15012","stop_code":"15012","stop_name":"Hayes St & Steiner St"}},{"type":"Feature","geometry":{"type":"Point","coordinates":[-122.42019,37.77729]},"properties":{"stop_id":"15013","stop_code":"15013","stop_name":"Hayes St & Van Ness Ave"}},{"type":"Feature","geometry":{"type":"Point","coordinates":[-122.42919,37.77604]},"properties":{"stop_id":"15015","stop_code":"15015","stop_name":"Hayes St & Webster St"}},{"type":"Feature","geometry":{"type":"Point","coordinates":[-122.42988,37.77606]},"properties":{"stop_id":"15014","stop_code":"15014","stop_name":"Hayes St & Webster St"}},{"type":"Feature","geometry":{"type":"Point","coordinates":[-122.4297,37.77025]},"properties":{"stop_id":"15018","stop_code":"15018","stop_name":"Hermann St & Fillmore St"}},{"type":"Feature","geometry":{"type":"Point","coordinates":[-122.42993,37.77031]},"properties":{"stop_id":"15017","stop_code":"15017","stop_name":"Hermann St & Fillmore St"}},{"type":"Feature","geometry":{"type":"Point","coordinates":[-122.44089,37.75401]},"properties":{"stop_id":"15031","stop_code":"15031","stop_name":"Hoffman Ave & 22nd St"}},{"type":"Feature","geometry":{"type":"Point","coordinates":[-122.44074,37.75241]},"properties":{"stop_id":"15032","stop_code":"15032","stop_name":"Hoffman Ave & 23rd St"}},{"type":"Feature","geometry":{"type":"Point","coordinates":[-122.4718,37.72161]},"properties":{"stop_id":"15034","stop_code":"15034","stop_name":"Holloway Ave & Beverly St"}},{"type":"Feature","geometry":{"type":"Point","coordinates":[-122.47271,37.72149]},"properties":{"stop_id":"15037","stop_code":"15037","stop_name":"Holloway Ave & Junipero Serra Blvd"}},{"type":"Feature","geometry":{"type":"Point","coordinates":[-122.47295,37.72159]},"properties":{"stop_id":"15036","stop_code":"15036","stop_name":"Holloway Ave & Junipero Serra Blvd"}},{"type":"Feature","geometry":{"type":"Point","coordinates":[-122.40798,37.72507]},"properties":{"stop_id":"15030","stop_code":"15030","stop_name":"Holyoke St & Wayland St"}},{"type":"Feature","geometry":{"type":"Point","coordinates":[-122.40812,37.72522]},"properties":{"stop_id":"15029","stop_code":"15029","stop_name":"Holyoke St & Wayland St"}},{"type":"Feature","geometry":{"type":"Point","coordinates":[-122.39354,37.79039]},"properties":{"stop_id":"15056","stop_code":"15056","stop_name":"Howard St & Main St"}},{"type":"Feature","geometry":{"type":"Point","coordinates":[-122.45028,37.72193]},"properties":{"stop_id":"15038","stop_code":"15038","stop_name":"Howth St & Geneva Ave"}},{"type":"Feature","geometry":{"type":"Point","coordinates":[-122.45164,37.71978]},"properties":{"stop_id":"15039","stop_code":"15039","stop_name":"Howth St & Mt Vernon Ave"}},{"type":"Feature","geometry":{"type":"Point","coordinates":[-122.4511,37.72063]},"properties":{"stop_id":"15040","stop_code":"15040","stop_name":"Howth St & Niagra Ave"}},{"type":"Feature","geometry":{"type":"Point","coordinates":[-122.38872,37.74034]},"properties":{"stop_id":"15041","stop_code":"15041","stop_name":"Hudson Ave & 3rd St"}},{"type":"Feature","geometry":{"type":"Point","coordinates":[-122.383,37.73454]},"properties":{"stop_id":"15042","stop_code":"15042","stop_name":"Hudson Ave & Ardath Ct"}},{"type":"Feature","geometry":{"type":"Point","coordinates":[-122.38335,37.73565]},"properties":{"stop_id":"18147","stop_code":"18147","stop_name":"Hudson Ave & Cashmere St"}},{"type":"Feature","geometry":{"type":"Point","coordinates":[-122.38354,37.73596]},"properties":{"stop_id":"15043","stop_code":"15043","stop_name":"Hudson Ave & Cashmere St"}},{"type":"Feature","geometry":{"type":"Point","coordinates":[-122.37991,37.7325]},"properties":{"stop_id":"15044","stop_code":"15044","stop_name":"Hudson Ave & Ingalls St"}},{"type":"Feature","geometry":{"type":"Point","coordinates":[-122.37969,37.73239]},"properties":{"stop_id":"15045","stop_code":"15045","stop_name":"Hudson Ave & Ingalls St"}},{"type":"Feature","geometry":{"type":"Point","coordinates":[-122.38412,37.7377]},"properties":{"stop_id":"15046","stop_code":"15046","stop_name":"Hudson Ave & Keith St"}},{"type":"Feature","geometry":{"type":"Point","coordinates":[-122.38416,37.73759]},"properties":{"stop_id":"15047","stop_code":"15047","stop_name":"Hudson Ave & Keith St"}},{"type":"Feature","geometry":{"type":"Point","coordinates":[-122.38628,37.73896]},"properties":{"stop_id":"15048","stop_code":"15048","stop_name":"Hudson Ave & Mendell St"}},{"type":"Feature","geometry":{"type":"Point","coordinates":[-122.38654,37.739]},"properties":{"stop_id":"15049","stop_code":"15049","stop_name":"Hudson Ave & Mendell St"}},{"type":"Feature","geometry":{"type":"Point","coordinates":[-122.38813,37.73991]},"properties":{"stop_id":"17938","stop_code":"17938","stop_name":"Hudson Ave & Newhall St"}},{"type":"Feature","geometry":{"type":"Point","coordinates":[-122.38813,37.74005]},"properties":{"stop_id":"18106","stop_code":"18106","stop_name":"Hudson Ave & Newhall St"}},{"type":"Feature","geometry":{"type":"Point","coordinates":[-122.38184,37.73332]},"properties":{"stop_id":"15050","stop_code":"15050","stop_name":"Hudson Ave & Whitney Young Cir"}},{"type":"Feature","geometry":{"type":"Point","coordinates":[-122.38212,37.73336]},"properties":{"stop_id":"15051","stop_code":"15051","stop_name":"Hudson Ave & Whitney Young Cir"}},{"type":"Feature","geometry":{"type":"Point","coordinates":[-122.39241,37.79134]},"properties":{"stop_id":"17676","stop_code":"17676","stop_name":"Hward St&Spear"}},{"type":"Feature","geometry":{"type":"Point","coordinates":[-122.4201,37.80479]},"properties":{"stop_id":"15059","stop_code":"15059","stop_name":"Hyde St & Bay St"}},{"type":"Feature","geometry":{"type":"Point","coordinates":[-122.42026,37.80478]},"properties":{"stop_id":"15060","stop_code":"15060","stop_name":"Hyde St & Bay St"}},{"type":"Feature","geometry":{"type":"Point","coordinates":[-122.42054,37.80664]},"properties":{"stop_id":"15064","stop_code":"15064","stop_name":"Hyde St & Beach St"}},{"type":"Feature","geometry":{"type":"Point","coordinates":[-122.42107,37.8069]},"properties":{"stop_id":"15063","stop_code":"15063","stop_name":"Hyde St & Beach St"}},{"type":"Feature","geometry":{"type":"Point","coordinates":[-122.4184,37.79635]},"properties":{"stop_id":"15062","stop_code":"15062","stop_name":"Hyde St & Broadway"}},{"type":"Feature","geometry":{"type":"Point","coordinates":[-122.41858,37.7965]},"properties":{"stop_id":"15061","stop_code":"15061","stop_name":"Hyde St & Broadway"}},{"type":"Feature","geometry":{"type":"Point","coordinates":[-122.41747,37.79111]},"properties":{"stop_id":"15065","stop_code":"15065","stop_name":"Hyde St & California St"}},{"type":"Feature","geometry":{"type":"Point","coordinates":[-122.41988,37.80291]},"properties":{"stop_id":"15067","stop_code":"15067","stop_name":"Hyde St & Chestnut St"}},{"type":"Feature","geometry":{"type":"Point","coordinates":[-122.4197,37.80284]},"properties":{"stop_id":"15066","stop_code":"15066","stop_name":"Hyde St & Chestnut St"}},{"type":"Feature","geometry":{"type":"Point","coordinates":[-122.41784,37.79287]},"properties":{"stop_id":"15068","stop_code":"15068","stop_name":"Hyde St & Clay St"}},{"type":"Feature","geometry":{"type":"Point","coordinates":[-122.41933,37.80021]},"properties":{"stop_id":"15070","stop_code":"15070","stop_name":"Hyde St & Filbert St"}},{"type":"Feature","geometry":{"type":"Point","coordinates":[-122.41916,37.80017]},"properties":{"stop_id":"15069","stop_code":"15069","stop_name":"Hyde St & Filbert St"}},{"type":"Feature","geometry":{"type":"Point","coordinates":[-122.41896,37.79834]},"properties":{"stop_id":"15075","stop_code":"15075","stop_name":"Hyde St & Green St"}},{"type":"Feature","geometry":{"type":"Point","coordinates":[-122.41878,37.79831]},"properties":{"stop_id":"15074","stop_code":"15074","stop_name":"Hyde St & Green St"}},{"type":"Feature","geometry":{"type":"Point","coordinates":[-122.41949,37.80101]},"properties":{"stop_id":"15072","stop_code":"15072","stop_name":"Hyde St & Greenwich St"}},{"type":"Feature","geometry":{"type":"Point","coordinates":[-122.41932,37.80099]},"properties":{"stop_id":"15073","stop_code":"15073","stop_name":"Hyde St & Greenwich St"}},{"type":"Feature","geometry":{"type":"Point","coordinates":[-122.41516,37.77935]},"properties":{"stop_id":"15071","stop_code":"15071","stop_name":"Hyde St & Grove St"}},{"type":"Feature","geometry":{"type":"Point","coordinates":[-122.41819,37.79454]},"properties":{"stop_id":"15076","stop_code":"15076","stop_name":"Hyde St & Jackson St"}},{"type":"Feature","geometry":{"type":"Point","coordinates":[-122.41956,37.80191]},"properties":{"stop_id":"15077","stop_code":"15077","stop_name":"Hyde St & Lombard St"}},{"type":"Feature","geometry":{"type":"Point","coordinates":[-122.41966,37.80186]},"properties":{"stop_id":"15078","stop_code":"15078","stop_name":"Hyde St & Lombard St"}},{"type":"Feature","geometry":{"type":"Point","coordinates":[-122.41542,37.78078]},"properties":{"stop_id":"15079","stop_code":"15079","stop_name":"Hyde St & Mcallister St"}},{"type":"Feature","geometry":{"type":"Point","coordinates":[-122.42046,37.80571]},"properties":{"stop_id":"15081","stop_code":"15081","stop_name":"Hyde St & North Point St"}},{"type":"Feature","geometry":{"type":"Point","coordinates":[-122.42027,37.80563]},"properties":{"stop_id":"15080","stop_code":"15080","stop_name":"Hyde St & North Point St"}},{"type":"Feature","geometry":{"type":"Point","coordinates":[-122.4182,37.7954]},"properties":{"stop_id":"15082","stop_code":"15082","stop_name":"Hyde St & Pacific Ave"}},{"type":"Feature","geometry":{"type":"Point","coordinates":[-122.41836,37.79535]},"properties":{"stop_id":"15083","stop_code":"15083","stop_name":"Hyde St & Pacific Ave"}},{"type":"Feature","geometry":{"type":"Point","coordinates":[-122.4173,37.79017]},"properties":{"stop_id":"15084","stop_code":"15084","stop_name":"Hyde St & Pine St"}},{"type":"Feature","geometry":{"type":"Point","coordinates":[-122.4158,37.78265]},"properties":{"stop_id":"15087","stop_code":"15087","stop_name":"Hyde St & Turk St"}},{"type":"Feature","geometry":{"type":"Point","coordinates":[-122.41898,37.79924]},"properties":{"stop_id":"15088","stop_code":"15088","stop_name":"Hyde St & Union St"}},{"type":"Feature","geometry":{"type":"Point","coordinates":[-122.41914,37.79918]},"properties":{"stop_id":"15089","stop_code":"15089","stop_name":"Hyde St & Union St"}},{"type":"Feature","geometry":{"type":"Point","coordinates":[-122.41863,37.79744]},"properties":{"stop_id":"15090","stop_code":"15090","stop_name":"Hyde St & Vallejo St"}},{"type":"Feature","geometry":{"type":"Point","coordinates":[-122.41877,37.79741]},"properties":{"stop_id":"15091","stop_code":"15091","stop_name":"Hyde St & Vallejo St"}},{"type":"Feature","geometry":{"type":"Point","coordinates":[-122.40678,37.73794]},"properties":{"stop_id":"15093","stop_code":"15093","stop_name":"Industrial St & Bay Shore Blvd"}},{"type":"Feature","geometry":{"type":"Point","coordinates":[-122.40654,37.73815]},"properties":{"stop_id":"15092","stop_code":"15092","stop_name":"Industrial St & Bay Shore Blvd"}},{"type":"Feature","geometry":{"type":"Point","coordinates":[-122.40373,37.73879]},"properties":{"stop_id":"15094","stop_code":"15094","stop_name":"Industrial St & Elmira St"}},{"type":"Feature","geometry":{"type":"Point","coordinates":[-122.40101,37.73955]},"properties":{"stop_id":"15095","stop_code":"15095","stop_name":"Industrial St & Palou Ave"}},{"type":"Feature","geometry":{"type":"Point","coordinates":[-122.40305,37.73913]},"properties":{"stop_id":"15096","stop_code":"15096","stop_name":"Industrial St & Revere Ave"}},{"type":"Feature","geometry":{"type":"Point","coordinates":[-122.38034,37.73058]},"properties":{"stop_id":"15106","stop_code":"15106","stop_name":"Ingalls St & Beatrice Ln"}},{"type":"Feature","geometry":{"type":"Point","coordinates":[-122.38002,37.73347]},"properties":{"stop_id":"15107","stop_code":"15107","stop_name":"Ingalls St & Harbor Rd"}},{"type":"Feature","geometry":{"type":"Point","coordinates":[-122.37984,37.7333]},"properties":{"stop_id":"15108","stop_code":"15108","stop_name":"Ingalls St & Harbor Rd"}},{"type":"Feature","geometry":{"type":"Point","coordinates":[-122.37956,37.73104]},"properties":{"stop_id":"18058","stop_code":"18058","stop_name":"Ingalls St & Kiska Rd"}},{"type":"Feature","geometry":{"type":"Point","coordinates":[-122.38139,37.73063]},"properties":{"stop_id":"18053","stop_code":"18053","stop_name":"Ingalls St & Lasalle Ave"}},{"type":"Feature","geometry":{"type":"Point","coordinates":[-122.38153,37.73054]},"properties":{"stop_id":"18057","stop_code":"18057","stop_name":"Ingalls St & Lasalle Ave"}},{"type":"Feature","geometry":{"type":"Point","coordinates":[-122.38289,37.73029]},"properties":{"stop_id":"18056","stop_code":"18056","stop_name":"Ingalls St & Oakdale Ave"}},{"type":"Feature","geometry":{"type":"Point","coordinates":[-122.38291,37.73043]},"properties":{"stop_id":"18054","stop_code":"18054","stop_name":"Ingalls St & Oakdale Ave"}},{"type":"Feature","geometry":{"type":"Point","coordinates":[-122.38345,37.72988]},"properties":{"stop_id":"18066","stop_code":"18066","stop_name":"Ingalls St & Palou Ave"}},{"type":"Feature","geometry":{"type":"Point","coordinates":[-122.3846,37.72837]},"properties":{"stop_id":"15110","stop_code":"15110","stop_name":"Ingalls St & Revere Ave"}},{"type":"Feature","geometry":{"type":"Point","coordinates":[-122.38563,37.72735]},"properties":{"stop_id":"15111","stop_code":"15111","stop_name":"Ingalls St & Thomas Ave"}},{"type":"Feature","geometry":{"type":"Point","coordinates":[-122.38572,37.72711]},"properties":{"stop_id":"15112","stop_code":"15112","stop_name":"Ingalls St & Thomas Ave"}},{"type":"Feature","geometry":{"type":"Point","coordinates":[-122.38677,37.72611]},"properties":{"stop_id":"15114","stop_code":"15114","stop_name":"Ingalls St & Van Dyke Ave"}},{"type":"Feature","geometry":{"type":"Point","coordinates":[-122.38668,37.72604]},"properties":{"stop_id":"15113","stop_code":"15113","stop_name":"Ingalls St & Van Dyke Ave"}},{"type":"Feature","geometry":{"type":"Point","coordinates":[-122.38921,37.71701]},"properties":{"stop_id":"15115","stop_code":"15115","stop_name":"Ingerson Ave & Griffith St"}},{"type":"Feature","geometry":{"type":"Point","coordinates":[-122.391,37.71804]},"properties":{"stop_id":"15116","stop_code":"15116","stop_name":"Ingerson Ave & Hawes St"}},{"type":"Feature","geometry":{"type":"Point","coordinates":[-122.37376,37.73094]},"properties":{"stop_id":"15099","stop_code":"15099","stop_name":"Innes Ave & Arelious Walker Dr"}},{"type":"Feature","geometry":{"type":"Point","coordinates":[-122.37187,37.72988]},"properties":{"stop_id":"15097","stop_code":"15097","stop_name":"Innes Ave & Earl St"}},{"type":"Feature","geometry":{"type":"Point","coordinates":[-122.37213,37.72987]},"properties":{"stop_id":"15098","stop_code":"15098","stop_name":"Innes Ave & Earl St"}},{"type":"Feature","geometry":{"type":"Point","coordinates":[-122.37404,37.73093]},"properties":{"stop_id":"15100","stop_code":"15100","stop_name":"Innes Ave & Fitch St"}},{"type":"Feature","geometry":{"type":"Point","coordinates":[-122.37588,37.73199]},"properties":{"stop_id":"15102","stop_code":"15102","stop_name":"Innes Ave & Griffith St"}},{"type":"Feature","geometry":{"type":"Point","coordinates":[-122.37561,37.732]},"properties":{"stop_id":"15101","stop_code":"15101","stop_name":"Innes Ave & Griffith St"}},{"type":"Feature","geometry":{"type":"Point","coordinates":[-122.37723,37.73291]},"properties":{"stop_id":"15103","stop_code":"15103","stop_name":"Innes Ave & Hunters Point Blvd"}},{"type":"Feature","geometry":{"type":"Point","coordinates":[-122.37717,37.73271]},"properties":{"stop_id":"15104","stop_code":"15104","stop_name":"Innes Ave & Hunters Point Blvd"}},{"type":"Feature","geometry":{"type":"Point","coordinates":[-122.45864,37.76444]},"properties":{"stop_id":"15118","stop_code":"15118","stop_name":"Irving St & 2nd Ave"}},{"type":"Feature","geometry":{"type":"Point","coordinates":[-122.46214,37.76418]},"properties":{"stop_id":"18031","stop_code":"18031","stop_name":"Irving St & 5th Ave"}},{"type":"Feature","geometry":{"type":"Point","coordinates":[-122.46299,37.76424]},"properties":{"stop_id":"18032","stop_code":"18032","stop_name":"Irving St & 6th Ave"}},{"type":"Feature","geometry":{"type":"Point","coordinates":[-122.46543,37.76404]},"properties":{"stop_id":"17996","stop_code":"17996","stop_name":"Irving St & 8th Ave"}},{"type":"Feature","geometry":{"type":"Point","coordinates":[-122.45802,37.76437]},"properties":{"stop_id":"15124","stop_code":"15124","stop_name":"Irving St & Arguello Blvd"}},{"type":"Feature","geometry":{"type":"Point","coordinates":[-122.44089,37.79172]},"properties":{"stop_id":"15145","stop_code":"15145","stop_name":"Jackson St & Divisadero St"}},{"type":"Feature","geometry":{"type":"Point","coordinates":[-122.43468,37.79253]},"properties":{"stop_id":"15147","stop_code":"15147","stop_name":"Jackson St & Fillmore St"}},{"type":"Feature","geometry":{"type":"Point","coordinates":[-122.41829,37.7946]},"properties":{"stop_id":"15151","stop_code":"15151","stop_name":"Jackson St & Hyde St"}},{"type":"Feature","geometry":{"type":"Point","coordinates":[-122.41799,37.79464]},"properties":{"stop_id":"15150","stop_code":"15150","stop_name":"Jackson St & Hyde St"}},{"type":"Feature","geometry":{"type":"Point","coordinates":[-122.41484,37.79504]},"properties":{"stop_id":"15152","stop_code":"15152","stop_name":"Jackson St & Jones St"}},{"type":"Feature","geometry":{"type":"Point","coordinates":[-122.41637,37.79485]},"properties":{"stop_id":"15154","stop_code":"15154","stop_name":"Jackson St & Leavenworth St"}},{"type":"Feature","geometry":{"type":"Point","coordinates":[-122.41171,37.79545]},"properties":{"stop_id":"15156","stop_code":"15156","stop_name":"Jackson St & Mason St"}},{"type":"Feature","geometry":{"type":"Point","coordinates":[-122.42129,37.79419]},"properties":{"stop_id":"15158","stop_code":"15158","stop_name":"Jackson St & Polk St"}},{"type":"Feature","geometry":{"type":"Point","coordinates":[-122.43961,37.79177]},"properties":{"stop_id":"15161","stop_code":"15161","stop_name":"Jackson St & Scott St"}},{"type":"Feature","geometry":{"type":"Point","coordinates":[-122.43924,37.79193]},"properties":{"stop_id":"15160","stop_code":"15160","stop_name":"Jackson St & Scott St"}},{"type":"Feature","geometry":{"type":"Point","coordinates":[-122.43632,37.7922]},"properties":{"stop_id":"15163","stop_code":"15163","stop_name":"Jackson St & Steiner St"}},{"type":"Feature","geometry":{"type":"Point","coordinates":[-122.43611,37.79235]},"properties":{"stop_id":"15162","stop_code":"15162","stop_name":"Jackson St & Steiner St"}},{"type":"Feature","geometry":{"type":"Point","coordinates":[-122.4132,37.79525]},"properties":{"stop_id":"15164","stop_code":"15164","stop_name":"Jackson St & Taylor St"}},{"type":"Feature","geometry":{"type":"Point","coordinates":[-122.42287,37.794]},"properties":{"stop_id":"15165","stop_code":"15165","stop_name":"Jackson St & Van Ness Ave"}},{"type":"Feature","geometry":{"type":"Point","coordinates":[-122.42315,37.79395]},"properties":{"stop_id":"15166","stop_code":"15166","stop_name":"Jackson St & Van Ness Ave"}},{"type":"Feature","geometry":{"type":"Point","coordinates":[-122.43303,37.79272]},"properties":{"stop_id":"15167","stop_code":"15167","stop_name":"Jackson St & Webster St"}},{"type":"Feature","geometry":{"type":"Point","coordinates":[-122.44389,37.80456]},"properties":{"stop_id":"15173","stop_code":"15173","stop_name":"Jefferson St & Divisadero St"}},{"type":"Feature","geometry":{"type":"Point","coordinates":[-122.41336,37.80859]},"properties":{"stop_id":"15174","stop_code":"15174","stop_name":"Jefferson St & Powell St"}},{"type":"Feature","geometry":{"type":"Point","coordinates":[-122.41551,37.80832]},"properties":{"stop_id":"15175","stop_code":"15175","stop_name":"Jefferson St & Taylor St"}},{"type":"Feature","geometry":{"type":"Point","coordinates":[-122.37081,37.72819]},"properties":{"stop_id":"18051","stop_code":"18051","stop_name":"Jerrold Ave & Donahue St"}},{"type":"Feature","geometry":{"type":"Point","coordinates":[-122.49991,37.71874]},"properties":{"stop_id":"15132","stop_code":"15132","stop_name":"John Muir Dr & Skyline Blvd"}},{"type":"Feature","geometry":{"type":"Point","coordinates":[-122.50003,37.719]},"properties":{"stop_id":"15131","stop_code":"15131","stop_name":"John Muir Dr & Skyline Blvd"}},{"type":"Feature","geometry":{"type":"Point","coordinates":[-122.41732,37.80713]},"properties":{"stop_id":"15184","stop_code":"15184","stop_name":"Jones St & Beach St"}},{"type":"Feature","geometry":{"type":"Point","coordinates":[-122.41283,37.78481]},"properties":{"stop_id":"18049","stop_code":"18049","stop_name":"Jones St & Ellis St"}},{"type":"Feature","geometry":{"type":"Point","coordinates":[-122.41325,37.78686]},"properties":{"stop_id":"15185","stop_code":"15185","stop_name":"Jones St & Geary St"}},{"type":"Feature","geometry":{"type":"Point","coordinates":[-122.41302,37.78574]},"properties":{"stop_id":"17977","stop_code":"17977","stop_name":"Jones St & O'Farrell St"}},{"type":"Feature","geometry":{"type":"Point","coordinates":[-122.41344,37.78781]},"properties":{"stop_id":"15186","stop_code":"15186","stop_name":"Jones St & Post St"}},{"type":"Feature","geometry":{"type":"Point","coordinates":[-122.41361,37.78869]},"properties":{"stop_id":"15187","stop_code":"15187","stop_name":"Jones St & Sutter St"}},{"type":"Feature","geometry":{"type":"Point","coordinates":[-122.41246,37.78296]},"properties":{"stop_id":"18050","stop_code":"18050","stop_name":"Jones St & Turk St"}},{"type":"Feature","geometry":{"type":"Point","coordinates":[-122.47744,37.71749]},"properties":{"stop_id":"17078","stop_code":"17078","stop_name":"Juan Bautista Cir & Font Blvd"}},{"type":"Feature","geometry":{"type":"Point","coordinates":[-122.47843,37.71869]},"properties":{"stop_id":"15170","stop_code":"15170","stop_name":"Juan Bautista Cir & Font Blvd"}},{"type":"Feature","geometry":{"type":"Point","coordinates":[-122.50868,37.76035]},"properties":{"stop_id":"17219","stop_code":"17219","stop_name":"Judah/La Playa/Ocean Beach"}},{"type":"Feature","geometry":{"type":"Point","coordinates":[-122.50818,37.7603]},"properties":{"stop_id":"15223","stop_code":"15223","stop_name":"Judah/La Playa/Ocean Beach"}},{"type":"Feature","geometry":{"type":"Point","coordinates":[-122.50901,37.76036]},"properties":{"stop_id":"15221","stop_code":"15221","stop_name":"Judah/La Playa/Ocean Beach"}},{"type":"Feature","geometry":{"type":"Point","coordinates":[-122.46953,37.76199]},"properties":{"stop_id":"15196","stop_code":"15196","stop_name":"Judah St & 12th Ave"}},{"type":"Feature","geometry":{"type":"Point","coordinates":[-122.46932,37.76207]},"properties":{"stop_id":"15195","stop_code":"15195","stop_name":"Judah St & 12th Ave"}},{"type":"Feature","geometry":{"type":"Point","coordinates":[-122.47278,37.76185]},"properties":{"stop_id":"15197","stop_code":"15197","stop_name":"Judah St & 15th Ave"}},{"type":"Feature","geometry":{"type":"Point","coordinates":[-122.47363,37.76194]},"properties":{"stop_id":"15198","stop_code":"15198","stop_name":"Judah St & 16th Ave"}},{"type":"Feature","geometry":{"type":"Point","coordinates":[-122.47692,37.76174]},"properties":{"stop_id":"15199","stop_code":"15199","stop_name":"Judah St & 19th Ave"}},{"type":"Feature","geometry":{"type":"Point","coordinates":[-122.47719,37.76165]},"properties":{"stop_id":"15200","stop_code":"15200","stop_name":"Judah St & 19th Ave"}},{"type":"Feature","geometry":{"type":"Point","coordinates":[-122.47986,37.76153]},"properties":{"stop_id":"15201","stop_code":"15201","stop_name":"Judah St & 22nd Ave"}},{"type":"Feature","geometry":{"type":"Point","coordinates":[-122.48116,37.76155]},"properties":{"stop_id":"15202","stop_code":"15202","stop_name":"Judah St & 23rd Ave"}},{"type":"Feature","geometry":{"type":"Point","coordinates":[-122.4833,37.76145]},"properties":{"stop_id":"15203","stop_code":"15203","stop_name":"Judah St & 25th Ave"}},{"type":"Feature","geometry":{"type":"Point","coordinates":[-122.48356,37.76137]},"properties":{"stop_id":"15204","stop_code":"15204","stop_name":"Judah St & 25th Ave"}},{"type":"Feature","geometry":{"type":"Point","coordinates":[-122.48676,37.76123]},"properties":{"stop_id":"15206","stop_code":"15206","stop_name":"Judah St & 28th Ave"}},{"type":"Feature","geometry":{"type":"Point","coordinates":[-122.48651,37.76131]},"properties":{"stop_id":"15205","stop_code":"15205","stop_name":"Judah St & 28th Ave"}},{"type":"Feature","geometry":{"type":"Point","coordinates":[-122.4895,37.76111]},"properties":{"stop_id":"15208","stop_code":"15208","stop_name":"Judah St & 31st Ave"}},{"type":"Feature","geometry":{"type":"Point","coordinates":[-122.48972,37.76117]},"properties":{"stop_id":"15207","stop_code":"15207","stop_name":"Judah St & 31st Ave"}},{"type":"Feature","geometry":{"type":"Point","coordinates":[-122.4932,37.76096]},"properties":{"stop_id":"15210","stop_code":"15210","stop_name":"Judah St & 34th Ave"}},{"type":"Feature","geometry":{"type":"Point","coordinates":[-122.49293,37.76103]},"properties":{"stop_id":"15209","stop_code":"15209","stop_name":"Judah St & 34th Ave"}},{"type":"Feature","geometry":{"type":"Point","coordinates":[-122.49915,37.76068]},"properties":{"stop_id":"15212","stop_code":"15212","stop_name":"Judah St & 40th Ave"}},{"type":"Feature","geometry":{"type":"Point","coordinates":[-122.49936,37.76074]},"properties":{"stop_id":"15211","stop_code":"15211","stop_name":"Judah St & 40th Ave"}},{"type":"Feature","geometry":{"type":"Point","coordinates":[-122.50257,37.7606]},"properties":{"stop_id":"15213","stop_code":"15213","stop_name":"Judah St & 43rd Ave"}},{"type":"Feature","geometry":{"type":"Point","coordinates":[-122.50284,37.76052]},"properties":{"stop_id":"15214","stop_code":"15214","stop_name":"Judah St & 43rd Ave"}},{"type":"Feature","geometry":{"type":"Point","coordinates":[-122.50583,37.76049]},"properties":{"stop_id":"15215","stop_code":"15215","stop_name":"Judah St & 46th Ave"}},{"type":"Feature","geometry":{"type":"Point","coordinates":[-122.50606,37.76039]},"properties":{"stop_id":"15216","stop_code":"15216","stop_name":"Judah St & 46th Ave"}},{"type":"Feature","geometry":{"type":"Point","coordinates":[-122.462,37.7623]},"properties":{"stop_id":"15189","stop_code":"15189","stop_name":"Judah St & 5th Ave"}},{"type":"Feature","geometry":{"type":"Point","coordinates":[-122.46285,37.7624]},"properties":{"stop_id":"15190","stop_code":"15190","stop_name":"Judah St & 6th Ave"}},{"type":"Feature","geometry":{"type":"Point","coordinates":[-122.46414,37.7622]},"properties":{"stop_id":"15192","stop_code":"15192","stop_name":"Judah St & 7th Ave"}},{"type":"Feature","geometry":{"type":"Point","coordinates":[-122.46435,37.76233]},"properties":{"stop_id":"15191","stop_code":"15191","stop_name":"Judah St & 7th Ave"}},{"type":"Feature","geometry":{"type":"Point","coordinates":[-122.46631,37.76214]},"properties":{"stop_id":"15194","stop_code":"15194","stop_name":"Judah St & 9th Ave"}},{"type":"Feature","geometry":{"type":"Point","coordinates":[-122.46669,37.76223]},"properties":{"stop_id":"15193","stop_code":"15193","stop_name":"Judah St & 9th Ave"}},{"type":"Feature","geometry":{"type":"Point","coordinates":[-122.47057,37.76195]},"properties":{"stop_id":"15220","stop_code":"15220","stop_name":"Judah St & Funston Ave"}},{"type":"Feature","geometry":{"type":"Point","coordinates":[-122.47033,37.76208]},"properties":{"stop_id":"15219","stop_code":"15219","stop_name":"Judah St & Funston Ave"}},{"type":"Feature","geometry":{"type":"Point","coordinates":[-122.49581,37.76085]},"properties":{"stop_id":"15225","stop_code":"15225","stop_name":"Judah St & Sunset Blvd"}},{"type":"Feature","geometry":{"type":"Point","coordinates":[-122.49567,37.76092]},"properties":{"stop_id":"15224","stop_code":"15224","stop_name":"Judah St & Sunset Blvd"}},{"type":"Feature","geometry":{"type":"Point","coordinates":[-122.45117,37.72846]},"properties":{"stop_id":"15171","stop_code":"15171","stop_name":"Judson Ave & Gennessee St"}},{"type":"Feature","geometry":{"type":"Point","coordinates":[-122.45127,37.72829]},"properties":{"stop_id":"15172","stop_code":"15172","stop_name":"Judson Ave & Gennessee St"}},{"type":"Feature","geometry":{"type":"Point","coordinates":[-122.47126,37.71355]},"properties":{"stop_id":"15134","stop_code":"15134","stop_name":"Junipero Serra Blvd & Brotherhood Way"}},{"type":"Feature","geometry":{"type":"Point","coordinates":[-122.47191,37.71463]},"properties":{"stop_id":"15136","stop_code":"15136","stop_name":"Junipero Serra Blvd & Font Blvd"}},{"type":"Feature","geometry":{"type":"Point","coordinates":[-122.47186,37.73124]},"properties":{"stop_id":"15139","stop_code":"15139","stop_name":"Junipero Serra Blvd & Ocean Ave"}},{"type":"Feature","geometry":{"type":"Point","coordinates":[-122.47182,37.73127]},"properties":{"stop_id":"17114","stop_code":"17114","stop_name":"Junipero Serra Blvd & Ocean Ave"}},{"type":"Feature","geometry":{"type":"Point","coordinates":[-122.47171,37.73163]},"properties":{"stop_id":"17113","stop_code":"17113","stop_name":"Junipero Serra Blvd & Ocean Ave"}},{"type":"Feature","geometry":{"type":"Point","coordinates":[-122.47167,37.73136]},"properties":{"stop_id":"15138","stop_code":"15138","stop_name":"Junipero Serra Blvd & Ocean Ave"}},{"type":"Feature","geometry":{"type":"Point","coordinates":[-122.47099,37.71091]},"properties":{"stop_id":"15140","stop_code":"15140","stop_name":"Junipero Serra Blvd & Palmetto Av"}},{"type":"Feature","geometry":{"type":"Point","coordinates":[-122.47132,37.71071]},"properties":{"stop_id":"15135","stop_code":"15135","stop_name":"Junipero Serra Blvd / S.F. Golf Club"}},{"type":"Feature","geometry":{"type":"Point","coordinates":[-122.47168,37.73431]},"properties":{"stop_id":"15141","stop_code":"15141","stop_name":"Junipero Serra Blvd & Sloat Blvd"}},{"type":"Feature","geometry":{"type":"Point","coordinates":[-122.40248,37.75443]},"properties":{"stop_id":"15227","stop_code":"15227","stop_name":"Kansas St & 23rd St"}},{"type":"Feature","geometry":{"type":"Point","coordinates":[-122.40222,37.75189]},"properties":{"stop_id":"15228","stop_code":"15228","stop_name":"Kansas St & 25th St"}},{"type":"Feature","geometry":{"type":"Point","coordinates":[-122.40212,37.75083]},"properties":{"stop_id":"15229","stop_code":"15229","stop_name":"Kansas St & 26th St"}},{"type":"Feature","geometry":{"type":"Point","coordinates":[-122.40398,37.791]},"properties":{"stop_id":"14818","stop_code":"14818","stop_name":"Kearny St & Bush St"}},{"type":"Feature","geometry":{"type":"Point","coordinates":[-122.40436,37.79288]},"properties":{"stop_id":"14819","stop_code":"14819","stop_name":"Kearny St & California St"}},{"type":"Feature","geometry":{"type":"Point","coordinates":[-122.40474,37.7947]},"properties":{"stop_id":"14820","stop_code":"14820","stop_name":"Kearny St & Clay St"}},{"type":"Feature","geometry":{"type":"Point","coordinates":[-122.40346,37.78805]},"properties":{"stop_id":"14821","stop_code":"14821","stop_name":"Kearny St & Geary St"}},{"type":"Feature","geometry":{"type":"Point","coordinates":[-122.40503,37.79613]},"properties":{"stop_id":"14822","stop_code":"14822","stop_name":"Kearny St & Jackson St"}},{"type":"Feature","geometry":{"type":"Point","coordinates":[-122.40721,37.80718]},"properties":{"stop_id":"14823","stop_code":"14823","stop_name":"Kearny St & North Point St"}},{"type":"Feature","geometry":{"type":"Point","coordinates":[-122.40527,37.79733]},"properties":{"stop_id":"14824","stop_code":"14824","stop_name":"Kearny St & Pacific Ave"}},{"type":"Feature","geometry":{"type":"Point","coordinates":[-122.40372,37.78975]},"properties":{"stop_id":"14826","stop_code":"14826","stop_name":"Kearny St & Sutter St"}},{"type":"Feature","geometry":{"type":"Point","coordinates":[-122.38661,37.73237]},"properties":{"stop_id":"15233","stop_code":"15233","stop_name":"Keith St & Oakdale Ave"}},{"type":"Feature","geometry":{"type":"Point","coordinates":[-122.38663,37.73258]},"properties":{"stop_id":"15232","stop_code":"15232","stop_name":"Keith St & Oakdale Ave"}},{"type":"Feature","geometry":{"type":"Point","coordinates":[-122.38987,37.77972]},"properties":{"stop_id":"15234","stop_code":"15234","stop_name":"King St & 2nd St"}},{"type":"Feature","geometry":{"type":"Point","coordinates":[-122.38994,37.7798]},"properties":{"stop_id":"15236","stop_code":"15236","stop_name":"King St & 2nd St"}},{"type":"Feature","geometry":{"type":"Point","coordinates":[-122.38982,37.77962]},"properties":{"stop_id":"15237","stop_code":"15237","stop_name":"King St & 2nd St"}},{"type":"Feature","geometry":{"type":"Point","coordinates":[-122.38955,37.7796]},"properties":{"stop_id":"15235","stop_code":"15235","stop_name":"King St & 2nd St"}},{"type":"Feature","geometry":{"type":"Point","coordinates":[-122.39417,37.77627]},"properties":{"stop_id":"15239","stop_code":"15239","stop_name":"King St & 4th St"}},{"type":"Feature","geometry":{"type":"Point","coordinates":[-122.39408,37.77627]},"properties":{"stop_id":"15240","stop_code":"15240","stop_name":"King St & 4th St"}},{"type":"Feature","geometry":{"type":"Point","coordinates":[-122.37309,37.72866]},"properties":{"stop_id":"18052","stop_code":"18052","stop_name":"Kirkwood Ave & Earl St"}},{"type":"Feature","geometry":{"type":"Point","coordinates":[-122.37527,37.72988]},"properties":{"stop_id":"14827","stop_code":"14827","stop_name":"Kiska Rd & Dormitory Rd"}},{"type":"Feature","geometry":{"type":"Point","coordinates":[-122.37949,37.73113]},"properties":{"stop_id":"15242","stop_code":"15242","stop_name":"Kiska Rd & Ingalls St"}},{"type":"Feature","geometry":{"type":"Point","coordinates":[-122.37711,37.73004]},"properties":{"stop_id":"14817","stop_code":"14817","stop_name":"Kiska Rd & Reardon Rd"}},{"type":"Feature","geometry":{"type":"Point","coordinates":[-122.45718,37.74529]},"properties":{"stop_id":"14877","stop_code":"14877","stop_name":"Laguna Honda Blvd & Balceta Ave"}},{"type":"Feature","geometry":{"type":"Point","coordinates":[-122.45709,37.74537]},"properties":{"stop_id":"14876","stop_code":"14876","stop_name":"Laguna Honda Blvd & Balceta Ave"}},{"type":"Feature","geometry":{"type":"Point","coordinates":[-122.46135,37.75112]},"properties":{"stop_id":"14878","stop_code":"14878","stop_name":"Laguna Honda Blvd & Clarendon Ave"}},{"type":"Feature","geometry":{"type":"Point","coordinates":[-122.46092,37.75071]},"properties":{"stop_id":"15243","stop_code":"15243","stop_name":"Laguna Honda Blvd & Clarendon Ave"}},{"type":"Feature","geometry":{"type":"Point","coordinates":[-122.45908,37.74723]},"properties":{"stop_id":"15244","stop_code":"15244","stop_name":"Laguna Honda Blvd & Dewey Blvd"}},{"type":"Feature","geometry":{"type":"Point","coordinates":[-122.45887,37.74812]},"properties":{"stop_id":"15247","stop_code":"15247","stop_name":"Laguna Honda Blvd/Forest Hill Sta"}},{"type":"Feature","geometry":{"type":"Point","coordinates":[-122.45663,37.74415]},"properties":{"stop_id":"15250","stop_code":"15250","stop_name":"Laguna Honda Blvd & Idora Ave"}},{"type":"Feature","geometry":{"type":"Point","coordinates":[-122.45641,37.744]},"properties":{"stop_id":"15249","stop_code":"15249","stop_name":"Laguna Honda Blvd & Idora Ave"}},{"type":"Feature","geometry":{"type":"Point","coordinates":[-122.45884,37.74833]},"properties":{"stop_id":"15245","stop_code":"15245","stop_name":"Laguna Honda Blvd/Opp Forest Hill"}},{"type":"Feature","geometry":{"type":"Point","coordinates":[-122.45548,37.74311]},"properties":{"stop_id":"15254","stop_code":"15254","stop_name":"Laguna Honda Blvd & Portola Dr"}},{"type":"Feature","geometry":{"type":"Point","coordinates":[-122.45578,37.74347]},"properties":{"stop_id":"15255","stop_code":"15255","stop_name":"Laguna Honda Blvd & Ulloa St"}},{"type":"Feature","geometry":{"type":"Point","coordinates":[-122.45816,37.74602]},"properties":{"stop_id":"15256","stop_code":"15256","stop_name":"Laguna Honda Blvd & Vasquez Ave"}},{"type":"Feature","geometry":{"type":"Point","coordinates":[-122.43142,37.80151]},"properties":{"stop_id":"15257","stop_code":"15257","stop_name":"Laguna St & Chestnut St"}},{"type":"Feature","geometry":{"type":"Point","coordinates":[-122.43123,37.80135]},"properties":{"stop_id":"15258","stop_code":"15258","stop_name":"Laguna St & Chestnut St"}},{"type":"Feature","geometry":{"type":"Point","coordinates":[-122.42627,37.77675]},"properties":{"stop_id":"15260","stop_code":"15260","stop_name":"Laguna St & Hayes St"}},{"type":"Feature","geometry":{"type":"Point","coordinates":[-122.48476,37.72454]},"properties":{"stop_id":"14833","stop_code":"14833","stop_name":"Lake Merced Blvd & Font Blvd"}},{"type":"Feature","geometry":{"type":"Point","coordinates":[-122.48524,37.71187]},"properties":{"stop_id":"14836","stop_code":"14836","stop_name":"Lake Merced Blvd & Lake Merced Hills Blvd"}},{"type":"Feature","geometry":{"type":"Point","coordinates":[-122.48551,37.71108]},"properties":{"stop_id":"14837","stop_code":"14837","stop_name":"Lake Merced Blvd & Lake Merced Hills Blvd"}},{"type":"Feature","geometry":{"type":"Point","coordinates":[-122.48434,37.72606]},"properties":{"stop_id":"14840","stop_code":"14840","stop_name":"Lake Merced Blvd/Sfsu"}},{"type":"Feature","geometry":{"type":"Point","coordinates":[-122.49406,37.72942]},"properties":{"stop_id":"17851","stop_code":"17851","stop_name":"Lake Merced & Lakeshore"}},{"type":"Feature","geometry":{"type":"Point","coordinates":[-122.49409,37.72949]},"properties":{"stop_id":"17852","stop_code":"17852","stop_name":"Lake Merced & Lakeshore"}},{"type":"Feature","geometry":{"type":"Point","coordinates":[-122.4864,37.72963]},"properties":{"stop_id":"14838","stop_code":"14838","stop_name":"Lake Merced & Middlefield Dr"}},{"type":"Feature","geometry":{"type":"Point","coordinates":[-122.48629,37.72944]},"properties":{"stop_id":"14839","stop_code":"14839","stop_name":"Lake Merced & Middlefield Dr"}},{"type":"Feature","geometry":{"type":"Point","coordinates":[-122.50999,37.77321]},"properties":{"stop_id":"14842","stop_code":"14842","stop_name":"La Playa St & Cabrillo St"}},{"type":"Feature","geometry":{"type":"Point","coordinates":[-122.51006,37.77321]},"properties":{"stop_id":"14843","stop_code":"14843","stop_name":"La Playa St & Cabrillo St"}},{"type":"Feature","geometry":{"type":"Point","coordinates":[-122.50984,37.77169]},"properties":{"stop_id":"14844","stop_code":"14844","stop_name":"La Playa St & Fulton St"}},{"type":"Feature","geometry":{"type":"Point","coordinates":[-122.42208,37.80635]},"properties":{"stop_id":"14845","stop_code":"14845","stop_name":"Larkin St & Beach St"}},{"type":"Feature","geometry":{"type":"Point","coordinates":[-122.41742,37.78323]},"properties":{"stop_id":"14846","stop_code":"14846","stop_name":"Larkin St & Eddy St"}},{"type":"Feature","geometry":{"type":"Point","coordinates":[-122.41711,37.78169]},"properties":{"stop_id":"14847","stop_code":"14847","stop_name":"Larkin St & Golden Gate Ave"}},{"type":"Feature","geometry":{"type":"Point","coordinates":[-122.41654,37.7789]},"properties":{"stop_id":"14848","stop_code":"14848","stop_name":"Larkin St & Grove St"}},{"type":"Feature","geometry":{"type":"Point","coordinates":[-122.41684,37.78038]},"properties":{"stop_id":"17287","stop_code":"17287","stop_name":"Larkin St & Mcallister St"}},{"type":"Feature","geometry":{"type":"Point","coordinates":[-122.41779,37.78508]},"properties":{"stop_id":"14851","stop_code":"14851","stop_name":"Larkin St & O'Farrell St"}},{"type":"Feature","geometry":{"type":"Point","coordinates":[-122.3814,37.73077]},"properties":{"stop_id":"15288","stop_code":"15288","stop_name":"La Salle Ave & Ingalls St"}},{"type":"Feature","geometry":{"type":"Point","coordinates":[-122.38479,37.73298]},"properties":{"stop_id":"15289","stop_code":"15289","stop_name":"La Salle Ave & Newcomb Ave"}},{"type":"Feature","geometry":{"type":"Point","coordinates":[-122.38374,37.73246]},"properties":{"stop_id":"15290","stop_code":"15290","stop_name":"La Salle Ave & Osceola Dr"}},{"type":"Feature","geometry":{"type":"Point","coordinates":[-122.46812,37.75824]},"properties":{"stop_id":"14857","stop_code":"14857","stop_name":"Lawton St & 11th Ave"}},{"type":"Feature","geometry":{"type":"Point","coordinates":[-122.46793,37.7584]},"properties":{"stop_id":"14856","stop_code":"14856","stop_name":"Lawton St & 11th Ave"}},{"type":"Feature","geometry":{"type":"Point","coordinates":[-122.46388,37.75847]},"properties":{"stop_id":"14853","stop_code":"14853","stop_name":"Lawton St & 7th Ave"}},{"type":"Feature","geometry":{"type":"Point","coordinates":[-122.46409,37.75861]},"properties":{"stop_id":"14852","stop_code":"14852","stop_name":"Lawton St & 7th Ave"}},{"type":"Feature","geometry":{"type":"Point","coordinates":[-122.46605,37.75839]},"properties":{"stop_id":"14855","stop_code":"14855","stop_name":"Lawton St & 9th Ave"}},{"type":"Feature","geometry":{"type":"Point","coordinates":[-122.4658,37.75852]},"properties":{"stop_id":"14854","stop_code":"14854","stop_name":"Lawton St & 9th Ave"}},{"type":"Feature","geometry":{"type":"Point","coordinates":[-122.47008,37.7583]},"properties":{"stop_id":"14858","stop_code":"14858","stop_name":"Lawton St & Funston Ave"}},{"type":"Feature","geometry":{"type":"Point","coordinates":[-122.47003,37.7582]},"properties":{"stop_id":"14859","stop_code":"14859","stop_name":"Lawton St & Funston Ave"}},{"type":"Feature","geometry":{"type":"Point","coordinates":[-122.47227,37.75913]},"properties":{"stop_id":"14860","stop_code":"14860","stop_name":"Lawton St & Lomita Ave"}},{"type":"Feature","geometry":{"type":"Point","coordinates":[-122.47269,37.75916]},"properties":{"stop_id":"14861","stop_code":"14861","stop_name":"Lawton St & Lomita Ave"}},{"type":"Feature","geometry":{"type":"Point","coordinates":[-122.41527,37.78915]},"properties":{"stop_id":"14862","stop_code":"14862","stop_name":"Leavenworth St & Bush St"}},{"type":"Feature","geometry":{"type":"Point","coordinates":[-122.41567,37.79109]},"properties":{"stop_id":"14863","stop_code":"14863","stop_name":"Leavenworth St & California St"}},{"type":"Feature","geometry":{"type":"Point","coordinates":[-122.41604,37.79295]},"properties":{"stop_id":"14864","stop_code":"14864","stop_name":"Leavenworth St & Clay St"}},{"type":"Feature","geometry":{"type":"Point","coordinates":[-122.4147,37.78643]},"properties":{"stop_id":"14865","stop_code":"14865","stop_name":"Leavenworth St & Geary St"}},{"type":"Feature","geometry":{"type":"Point","coordinates":[-122.41638,37.79465]},"properties":{"stop_id":"14866","stop_code":"14866","stop_name":"Leavenworth St & Jackson St"}},{"type":"Feature","geometry":{"type":"Point","coordinates":[-122.41453,37.7855]},"properties":{"stop_id":"14867","stop_code":"14867","stop_name":"Leavenworth St & O'Farrell St"}},{"type":"Feature","geometry":{"type":"Point","coordinates":[-122.41548,37.79016]},"properties":{"stop_id":"14868","stop_code":"14868","stop_name":"Leavenworth St & Pine St"}},{"type":"Feature","geometry":{"type":"Point","coordinates":[-122.41487,37.78731]},"properties":{"stop_id":"14869","stop_code":"14869","stop_name":"Leavenworth St & Post St"}},{"type":"Feature","geometry":{"type":"Point","coordinates":[-122.41586,37.79206]},"properties":{"stop_id":"14870","stop_code":"14870","stop_name":"Leavenworth St & Sacramento St"}},{"type":"Feature","geometry":{"type":"Point","coordinates":[-122.41509,37.78825]},"properties":{"stop_id":"14871","stop_code":"14871","stop_name":"Leavenworth St & Sutter St"}},{"type":"Feature","geometry":{"type":"Point","coordinates":[-122.41397,37.78269]},"properties":{"stop_id":"18048","stop_code":"18048","stop_name":"Leavenworth St & Turk St"}},{"type":"Feature","geometry":{"type":"Point","coordinates":[-122.49959,37.78502]},"properties":{"stop_id":"14873","stop_code":"14873","stop_name":"Legion Of Honor"}},{"type":"Feature","geometry":{"type":"Point","coordinates":[-122.49969,37.78498]},"properties":{"stop_id":"14874","stop_code":"14874","stop_name":"Legion Of Honor"}},{"type":"Feature","geometry":{"type":"Point","coordinates":[-122.49461,37.78165]},"properties":{"stop_id":"15261","stop_code":"15261","stop_name":"Legion Of Honor Dr & Clement St"}},{"type":"Feature","geometry":{"type":"Point","coordinates":[-122.40578,37.7119]},"properties":{"stop_id":"17328","stop_code":"17328","stop_name":"Leland Ave & Alpha St"}},{"type":"Feature","geometry":{"type":"Point","coordinates":[-122.40379,37.71114]},"properties":{"stop_id":"17329","stop_code":"17329","stop_name":"Leland Ave & Bayshore Blvd"}},{"type":"Feature","geometry":{"type":"Point","coordinates":[-122.45172,37.79922]},"properties":{"stop_id":"15294","stop_code":"15294","stop_name":"Letterman Dr & Lincoln Blvd"}},{"type":"Feature","geometry":{"type":"Point","coordinates":[-122.45013,37.79805]},"properties":{"stop_id":"17149","stop_code":"17149","stop_name":"Letterman Dr & Lombard St"}},{"type":"Feature","geometry":{"type":"Point","coordinates":[-122.45185,37.79938]},"properties":{"stop_id":"15293","stop_code":"15293","stop_name":"Letterman Dr/Tides Bldg"}},{"type":"Feature","geometry":{"type":"Point","coordinates":[-122.48246,37.78839]},"properties":{"stop_id":"15263","stop_code":"15263","stop_name":"Lincoln Blvd & Bowley St"}},{"type":"Feature","geometry":{"type":"Point","coordinates":[-122.48262,37.78847]},"properties":{"stop_id":"13705","stop_code":"13705","stop_name":"Lincoln Blvd & Bowley St"}},{"type":"Feature","geometry":{"type":"Point","coordinates":[-122.45389,37.80055]},"properties":{"stop_id":"17027","stop_code":"17027","stop_name":"Lincoln Blvd & Girard Rd"}},{"type":"Feature","geometry":{"type":"Point","coordinates":[-122.48097,37.79209]},"properties":{"stop_id":"15269","stop_code":"15269","stop_name":"Lincoln Blvd & Pershing Dr"}},{"type":"Feature","geometry":{"type":"Point","coordinates":[-122.47305,37.76556]},"properties":{"stop_id":"15305","stop_code":"15305","stop_name":"Lincoln Way & 15th Ave"}},{"type":"Feature","geometry":{"type":"Point","coordinates":[-122.47322,37.76572]},"properties":{"stop_id":"15304","stop_code":"15304","stop_name":"Lincoln Way & 15th Ave"}},{"type":"Feature","geometry":{"type":"Point","coordinates":[-122.47542,37.76562]},"properties":{"stop_id":"15306","stop_code":"15306","stop_name":"Lincoln Way & 17th Ave"}},{"type":"Feature","geometry":{"type":"Point","coordinates":[-122.47524,37.76546]},"properties":{"stop_id":"15307","stop_code":"15307","stop_name":"Lincoln Way & 17th Ave"}},{"type":"Feature","geometry":{"type":"Point","coordinates":[-122.47721,37.76544]},"properties":{"stop_id":"17186","stop_code":"17186","stop_name":"Lincoln Way & 19th Ave"}},{"type":"Feature","geometry":{"type":"Point","coordinates":[-122.47761,37.76553]},"properties":{"stop_id":"15309","stop_code":"15309","stop_name":"Lincoln Way & 19th Ave"}},{"type":"Feature","geometry":{"type":"Point","coordinates":[-122.47949,37.76528]},"properties":{"stop_id":"15311","stop_code":"15311","stop_name":"Lincoln Way & 21st Ave"}},{"type":"Feature","geometry":{"type":"Point","coordinates":[-122.4797,37.76543]},"properties":{"stop_id":"15310","stop_code":"15310","stop_name":"Lincoln Way & 21st Ave"}},{"type":"Feature","geometry":{"type":"Point","coordinates":[-122.48399,37.76522]},"properties":{"stop_id":"15314","stop_code":"15314","stop_name":"Lincoln Way & 25th Ave"}},{"type":"Feature","geometry":{"type":"Point","coordinates":[-122.48336,37.7651]},"properties":{"stop_id":"15315","stop_code":"15315","stop_name":"Lincoln Way & 25th Ave"}},{"type":"Feature","geometry":{"type":"Point","coordinates":[-122.48614,37.76513]},"properties":{"stop_id":"15316","stop_code":"15316","stop_name":"Lincoln Way & 27th Ave"}},{"type":"Feature","geometry":{"type":"Point","coordinates":[-122.48551,37.76502]},"properties":{"stop_id":"15317","stop_code":"15317","stop_name":"Lincoln Way & 27th Ave"}},{"type":"Feature","geometry":{"type":"Point","coordinates":[-122.48827,37.76503]},"properties":{"stop_id":"15318","stop_code":"15318","stop_name":"Lincoln Way & 29th Ave"}},{"type":"Feature","geometry":{"type":"Point","coordinates":[-122.48871,37.76488]},"properties":{"stop_id":"15319","stop_code":"15319","stop_name":"Lincoln Way & 30th Ave"}},{"type":"Feature","geometry":{"type":"Point","coordinates":[-122.49042,37.76494]},"properties":{"stop_id":"15320","stop_code":"15320","stop_name":"Lincoln Way & 31st Ave"}},{"type":"Feature","geometry":{"type":"Point","coordinates":[-122.49256,37.76484]},"properties":{"stop_id":"15321","stop_code":"15321","stop_name":"Lincoln Way & 33rd Ave"}},{"type":"Feature","geometry":{"type":"Point","coordinates":[-122.49341,37.76471]},"properties":{"stop_id":"17853","stop_code":"17853","stop_name":"Lincoln Way & 34th Ave"}},{"type":"Feature","geometry":{"type":"Point","coordinates":[-122.49471,37.76475]},"properties":{"stop_id":"15323","stop_code":"15323","stop_name":"Lincoln Way & 35th Ave"}},{"type":"Feature","geometry":{"type":"Point","coordinates":[-122.46014,37.76612]},"properties":{"stop_id":"15295","stop_code":"15295","stop_name":"Lincoln Way & 3rd Ave"}},{"type":"Feature","geometry":{"type":"Point","coordinates":[-122.50741,37.76419]},"properties":{"stop_id":"15324","stop_code":"15324","stop_name":"Lincoln Way & 47th Ave"}},{"type":"Feature","geometry":{"type":"Point","coordinates":[-122.46246,37.76618]},"properties":{"stop_id":"15296","stop_code":"15296","stop_name":"Lincoln Way & 5th Ave"}},{"type":"Feature","geometry":{"type":"Point","coordinates":[-122.46189,37.76605]},"properties":{"stop_id":"15297","stop_code":"15297","stop_name":"Lincoln Way & 5th Ave"}},{"type":"Feature","geometry":{"type":"Point","coordinates":[-122.46623,37.76586]},"properties":{"stop_id":"15301","stop_code":"15301","stop_name":"Lincoln Way & 9th Ave"}},{"type":"Feature","geometry":{"type":"Point","coordinates":[-122.46675,37.766]},"properties":{"stop_id":"15300","stop_code":"15300","stop_name":"Lincoln Way & 9th Ave"}},{"type":"Feature","geometry":{"type":"Point","coordinates":[-122.45796,37.76598]},"properties":{"stop_id":"15325","stop_code":"15325","stop_name":"Lincoln Way & Arguello Blvd"}},{"type":"Feature","geometry":{"type":"Point","coordinates":[-122.47086,37.76565]},"properties":{"stop_id":"15327","stop_code":"15327","stop_name":"Lincoln Way & Funston Ave"}},{"type":"Feature","geometry":{"type":"Point","coordinates":[-122.47103,37.76581]},"properties":{"stop_id":"15326","stop_code":"15326","stop_name":"Lincoln Way & Funston Ave"}},{"type":"Feature","geometry":{"type":"Point","coordinates":[-122.50957,37.76393]},"properties":{"stop_id":"15329","stop_code":"15329","stop_name":"Lincoln Way & La Playa St"}},{"type":"Feature","geometry":{"type":"Point","coordinates":[-122.5093,37.76415]},"properties":{"stop_id":"15328","stop_code":"15328","stop_name":"Lincoln Way & Martin Luther King Jr Dr"}},{"type":"Feature","geometry":{"type":"Point","coordinates":[-122.44511,37.79867]},"properties":{"stop_id":"17028","stop_code":"17028","stop_name":"Lombard & Richardson Ave"}},{"type":"Feature","geometry":{"type":"Point","coordinates":[-122.44248,37.79897]},"properties":{"stop_id":"15272","stop_code":"15272","stop_name":"Lombard St & Divisadero St"}},{"type":"Feature","geometry":{"type":"Point","coordinates":[-122.44286,37.79908]},"properties":{"stop_id":"15273","stop_code":"15273","stop_name":"Lombard St & Divisadero St"}},{"type":"Feature","geometry":{"type":"Point","coordinates":[-122.43588,37.79982]},"properties":{"stop_id":"15274","stop_code":"15274","stop_name":"Lombard St & Fillmore St"}},{"type":"Feature","geometry":{"type":"Point","coordinates":[-122.43627,37.79984]},"properties":{"stop_id":"15275","stop_code":"15275","stop_name":"Lombard St & Fillmore St"}},{"type":"Feature","geometry":{"type":"Point","coordinates":[-122.42807,37.80094]},"properties":{"stop_id":"17800","stop_code":"17800","stop_name":"Lombard St & Gough St"}},{"type":"Feature","geometry":{"type":"Point","coordinates":[-122.42768,37.80086]},"properties":{"stop_id":"17787","stop_code":"17787","stop_name":"Lombard St & Gough St"}},{"type":"Feature","geometry":{"type":"Point","coordinates":[-122.40807,37.8035]},"properties":{"stop_id":"15276","stop_code":"15276","stop_name":"Lombard St & Grant Ave"}},{"type":"Feature","geometry":{"type":"Point","coordinates":[-122.40804,37.80338]},"properties":{"stop_id":"15277","stop_code":"15277","stop_name":"Lombard St & Grant Ave"}},{"type":"Feature","geometry":{"type":"Point","coordinates":[-122.40653,37.80356]},"properties":{"stop_id":"15279","stop_code":"15279","stop_name":"Lombard St & Kearny St"}},{"type":"Feature","geometry":{"type":"Point","coordinates":[-122.40651,37.8037]},"properties":{"stop_id":"15278","stop_code":"15278","stop_name":"Lombard St & Kearny St"}},{"type":"Feature","geometry":{"type":"Point","coordinates":[-122.43094,37.80044]},"properties":{"stop_id":"15281","stop_code":"15281","stop_name":"Lombard St & Laguna St"}},{"type":"Feature","geometry":{"type":"Point","coordinates":[-122.43133,37.80051]},"properties":{"stop_id":"15280","stop_code":"15280","stop_name":"Lombard St & Laguna St"}},{"type":"Feature","geometry":{"type":"Point","coordinates":[-122.44753,37.7984]},"properties":{"stop_id":"15283","stop_code":"15283","stop_name":"Lombard St & Lyon St"}},{"type":"Feature","geometry":{"type":"Point","coordinates":[-122.44716,37.79854]},"properties":{"stop_id":"15282","stop_code":"15282","stop_name":"Lombard St & Lyon St"}},{"type":"Feature","geometry":{"type":"Point","coordinates":[-122.43956,37.79948]},"properties":{"stop_id":"15285","stop_code":"15285","stop_name":"Lombard St & Pierce St"}},{"type":"Feature","geometry":{"type":"Point","coordinates":[-122.43916,37.7994]},"properties":{"stop_id":"15284","stop_code":"15284","stop_name":"Lombard St & Pierce St"}},{"type":"Feature","geometry":{"type":"Point","coordinates":[-122.40963,37.80328]},"properties":{"stop_id":"15286","stop_code":"15286","stop_name":"Lombard St & Stockton St"}},{"type":"Feature","geometry":{"type":"Point","coordinates":[-122.44935,37.72163]},"properties":{"stop_id":"15291","stop_code":"15291","stop_name":"Louisburg St & Geneva Ave"}},{"type":"Feature","geometry":{"type":"Point","coordinates":[-122.45013,37.72039]},"properties":{"stop_id":"15292","stop_code":"15292","stop_name":"Louisburg St & Niagra Ave"}},{"type":"Feature","geometry":{"type":"Point","coordinates":[-122.50755,37.74544]},"properties":{"stop_id":"14781","stop_code":"14781","stop_name":"Lower Great Hwy & Rivera St"}},{"type":"Feature","geometry":{"type":"Point","coordinates":[-122.43133,37.73064]},"properties":{"stop_id":"15330","stop_code":"15330","stop_name":"Lyell St & Alemany Blvd"}},{"type":"Feature","geometry":{"type":"Point","coordinates":[-122.44721,37.79743]},"properties":{"stop_id":"15331","stop_code":"15331","stop_name":"Lyon St & Greenwich St"}},{"type":"Feature","geometry":{"type":"Point","coordinates":[-122.44697,37.79572]},"properties":{"stop_id":"18012","stop_code":"18012","stop_name":"Lyon St & Union St"}},{"type":"Feature","geometry":{"type":"Point","coordinates":[-122.39229,37.78981]},"properties":{"stop_id":"17992","stop_code":"17992","stop_name":"Main St & Folsom St"}},{"type":"Feature","geometry":{"type":"Point","coordinates":[-122.39396,37.79112]},"properties":{"stop_id":"15334","stop_code":"15334","stop_name":"Main St & Howard St"}},{"type":"Feature","geometry":{"type":"Point","coordinates":[-122.39567,37.79253]},"properties":{"stop_id":"15336","stop_code":"15336","stop_name":"Main St & Market St"}},{"type":"Feature","geometry":{"type":"Point","coordinates":[-122.39503,37.79199]},"properties":{"stop_id":"15335","stop_code":"15335","stop_name":"Main St & Mission St"}},{"type":"Feature","geometry":{"type":"Point","coordinates":[-122.40307,37.7211]},"properties":{"stop_id":"15337","stop_code":"15337","stop_name":"Mansell St & Brussels St"}},{"type":"Feature","geometry":{"type":"Point","coordinates":[-122.40312,37.72093]},"properties":{"stop_id":"15338","stop_code":"15338","stop_name":"Mansell St & Brussels St"}},{"type":"Feature","geometry":{"type":"Point","coordinates":[-122.40889,37.71958]},"properties":{"stop_id":"15339","stop_code":"15339","stop_name":"Mansell St & Dartmouth St"}},{"type":"Feature","geometry":{"type":"Point","coordinates":[-122.40906,37.71938]},"properties":{"stop_id":"15340","stop_code":"15340","stop_name":"Mansell St & Dartmouth St"}},{"type":"Feature","geometry":{"type":"Point","coordinates":[-122.40434,37.72077]},"properties":{"stop_id":"15342","stop_code":"15342","stop_name":"Mansell St & Goettingen St"}},{"type":"Feature","geometry":{"type":"Point","coordinates":[-122.4041,37.72068]},"properties":{"stop_id":"15341","stop_code":"15341","stop_name":"Mansell St & Goettingen St"}},{"type":"Feature","geometry":{"type":"Point","coordinates":[-122.40692,37.7201]},"properties":{"stop_id":"15343","stop_code":"15343","stop_name":"Mansell St & Hamilton St"}},{"type":"Feature","geometry":{"type":"Point","coordinates":[-122.40709,37.71989]},"properties":{"stop_id":"15344","stop_code":"15344","stop_name":"Mansell St & Hamilton St"}},{"type":"Feature","geometry":{"type":"Point","coordinates":[-122.41826,37.71862]},"properties":{"stop_id":"15348","stop_code":"15348","stop_name":"Mansell St & John F Shelley Dr"}},{"type":"Feature","geometry":{"type":"Point","coordinates":[-122.4183,37.71876]},"properties":{"stop_id":"15347","stop_code":"15347","stop_name":"Mansell St & John F Shelley Dr"}},{"type":"Feature","geometry":{"type":"Point","coordinates":[-122.40115,37.72144]},"properties":{"stop_id":"15349","stop_code":"15349","stop_name":"Mansell St & San Bruno Ave"}},{"type":"Feature","geometry":{"type":"Point","coordinates":[-122.40139,37.72154]},"properties":{"stop_id":"15350","stop_code":"15350","stop_name":"Mansell St & San Bruno Ave"}},{"type":"Feature","geometry":{"type":"Point","coordinates":[-122.40515,37.72057]},"properties":{"stop_id":"15352","stop_code":"15352","stop_name":"Mansell St & Somerset St"}},{"type":"Feature","geometry":{"type":"Point","coordinates":[-122.40509,37.72042]},"properties":{"stop_id":"15351","stop_code":"15351","stop_name":"Mansell St & Somerset St"}},{"type":"Feature","geometry":{"type":"Point","coordinates":[-122.41126,37.71896]},"properties":{"stop_id":"15353","stop_code":"15353","stop_name":"Mansell St & University St"}},{"type":"Feature","geometry":{"type":"Point","coordinates":[-122.41136,37.71877]},"properties":{"stop_id":"15354","stop_code":"15354","stop_name":"Mansell St & Visitacion Ave"}},{"type":"Feature","geometry":{"type":"Point","coordinates":[-122.43219,37.80512]},"properties":{"stop_id":"14729","stop_code":"14729","stop_name":"Marina Blvd & Laguna St"}},{"type":"Feature","geometry":{"type":"Point","coordinates":[-122.4314,37.76569]},"properties":{"stop_id":"15653","stop_code":"15653","stop_name":"Market St & 15th St"}},{"type":"Feature","geometry":{"type":"Point","coordinates":[-122.43366,37.76391]},"properties":{"stop_id":"15654","stop_code":"15654","stop_name":"Market St & 16th St"}},{"type":"Feature","geometry":{"type":"Point","coordinates":[-122.43498,37.76302]},"properties":{"stop_id":"15667","stop_code":"15667","stop_name":"Market St & 17th St"}},{"type":"Feature","geometry":{"type":"Point","coordinates":[-122.3992,37.79094]},"properties":{"stop_id":"17264","stop_code":"17264","stop_name":"Market St & 1st St"}},{"type":"Feature","geometry":{"type":"Point","coordinates":[-122.39972,37.79048]},"properties":{"stop_id":"15638","stop_code":"15638","stop_name":"Market St & 1st St"}},{"type":"Feature","geometry":{"type":"Point","coordinates":[-122.40131,37.78935]},"properties":{"stop_id":"15639","stop_code":"15639","stop_name":"Market St & 2nd St"}},{"type":"Feature","geometry":{"type":"Point","coordinates":[-122.40336,37.78767]},"properties":{"stop_id":"15641","stop_code":"15641","stop_name":"Market St & 3rd St"}},{"type":"Feature","geometry":{"type":"Point","coordinates":[-122.40352,37.78753]},"properties":{"stop_id":"15640","stop_code":"15640","stop_name":"Market St & 3rd St"}},{"type":"Feature","geometry":{"type":"Point","coordinates":[-122.40585,37.78571]},"properties":{"stop_id":"15643","stop_code":"15643","stop_name":"Market St & 4th St"}},{"type":"Feature","geometry":{"type":"Point","coordinates":[-122.40814,37.78389]},"properties":{"stop_id":"15645","stop_code":"15645","stop_name":"Market St & 5th St"}},{"type":"Feature","geometry":{"type":"Point","coordinates":[-122.40866,37.78339]},"properties":{"stop_id":"15646","stop_code":"15646","stop_name":"Market St & 5th St"}},{"type":"Feature","geometry":{"type":"Point","coordinates":[-122.40799,37.78408]},"properties":{"stop_id":"15655","stop_code":"15655","stop_name":"Market St & 5th  St"}},{"type":"Feature","geometry":{"type":"Point","coordinates":[-122.4104,37.7821]},"properties":{"stop_id":"15647","stop_code":"15647","stop_name":"Market St & 6th St"}},{"type":"Feature","geometry":{"type":"Point","coordinates":[-122.41133,37.78129]},"properties":{"stop_id":"15648","stop_code":"15648","stop_name":"Market St & 6th St"}},{"type":"Feature","geometry":{"type":"Point","coordinates":[-122.41244,37.78057]},"properties":{"stop_id":"15656","stop_code":"15656","stop_name":"Market St & 7th St"}},{"type":"Feature","geometry":{"type":"Point","coordinates":[-122.41261,37.78036]},"properties":{"stop_id":"15650","stop_code":"15650","stop_name":"Market St & 7th St"}},{"type":"Feature","geometry":{"type":"Point","coordinates":[-122.41319,37.77981]},"properties":{"stop_id":"15649","stop_code":"15649","stop_name":"Market St & 7th St"}},{"type":"Feature","geometry":{"type":"Point","coordinates":[-122.41483,37.77861]},"properties":{"stop_id":"15651","stop_code":"15651","stop_name":"Market St & 8th St"}},{"type":"Feature","geometry":{"type":"Point","coordinates":[-122.41634,37.77741]},"properties":{"stop_id":"15652","stop_code":"15652","stop_name":"Market St & 9th St"}},{"type":"Feature","geometry":{"type":"Point","coordinates":[-122.39907,37.79111]},"properties":{"stop_id":"15657","stop_code":"15657","stop_name":"Market St & Battery St"}},{"type":"Feature","geometry":{"type":"Point","coordinates":[-122.39702,37.79257]},"properties":{"stop_id":"15658","stop_code":"15658","stop_name":"Market St & Beale St"}},{"type":"Feature","geometry":{"type":"Point","coordinates":[-122.40459,37.7866]},"properties":{"stop_id":"15642","stop_code":"15642","stop_name":"Market St Between 4th & 3rd St"}},{"type":"Feature","geometry":{"type":"Point","coordinates":[-122.40683,37.78484]},"properties":{"stop_id":"15644","stop_code":"15644","stop_name":"Market St Between 5th & 4th St"}},{"type":"Feature","geometry":{"type":"Point","coordinates":[-122.42615,37.76979]},"properties":{"stop_id":"15659","stop_code":"15659","stop_name":"Market St & Buchanan St"}},{"type":"Feature","geometry":{"type":"Point","coordinates":[-122.43529,37.76259]},"properties":{"stop_id":"15665","stop_code":"15665","stop_name":"Market St & Castro St"}},{"type":"Feature","geometry":{"type":"Point","coordinates":[-122.4291,37.76728]},"properties":{"stop_id":"18062","stop_code":"18062","stop_name":"Market St & Church St"}},{"type":"Feature","geometry":{"type":"Point","coordinates":[-122.42921,37.76725]},"properties":{"stop_id":"15662","stop_code":"15662","stop_name":"Market St & Church St"}},{"type":"Feature","geometry":{"type":"Point","coordinates":[-122.42878,37.7677]},"properties":{"stop_id":"15661","stop_code":"15661","stop_name":"Market St & Church St"}},{"type":"Feature","geometry":{"type":"Point","coordinates":[-122.44406,37.75841]},"properties":{"stop_id":"15663","stop_code":"15663","stop_name":"Market St & Clayton St"}},{"type":"Feature","geometry":{"type":"Point","coordinates":[-122.44448,37.75849]},"properties":{"stop_id":"18015","stop_code":"18015","stop_name":"Market St & Clayton St"}},{"type":"Feature","geometry":{"type":"Point","coordinates":[-122.4271,37.76888]},"properties":{"stop_id":"15668","stop_code":"15668","stop_name":"Market St & Dolores St"}},{"type":"Feature","geometry":{"type":"Point","coordinates":[-122.39618,37.79347]},"properties":{"stop_id":"15669","stop_code":"15669","stop_name":"Market St & Drumm St"}},{"type":"Feature","geometry":{"type":"Point","coordinates":[-122.39815,37.79192]},"properties":{"stop_id":"15671","stop_code":"15671","stop_name":"Market St & Front St"}},{"type":"Feature","geometry":{"type":"Point","coordinates":[-122.42177,37.77327]},"properties":{"stop_id":"15672","stop_code":"15672","stop_name":"Market St & Gough St"}},{"type":"Feature","geometry":{"type":"Point","coordinates":[-122.42199,37.77287]},"properties":{"stop_id":"15673","stop_code":"15673","stop_name":"Market St & Gough St"}},{"type":"Feature","geometry":{"type":"Point","coordinates":[-122.40516,37.78639]},"properties":{"stop_id":"15674","stop_code":"15674","stop_name":"Market St & Grant Ave"}},{"type":"Feature","geometry":{"type":"Point","coordinates":[-122.42497,37.77057]},"properties":{"stop_id":"15675","stop_code":"15675","stop_name":"Market St & Guerrero St"}},{"type":"Feature","geometry":{"type":"Point","coordinates":[-122.41438,37.77911]},"properties":{"stop_id":"15676","stop_code":"15676","stop_name":"Market St & Hyde St"}},{"type":"Feature","geometry":{"type":"Point","coordinates":[-122.41472,37.77878]},"properties":{"stop_id":"17423","stop_code":"17423","stop_name":"Market St & Hyde St"}},{"type":"Feature","geometry":{"type":"Point","coordinates":[-122.40337,37.78773]},"properties":{"stop_id":"15678","stop_code":"15678","stop_name":"Market St & Kearny St"}},{"type":"Feature","geometry":{"type":"Point","coordinates":[-122.42467,37.77095]},"properties":{"stop_id":"15681","stop_code":"15681","stop_name":"Market St & Laguna St"}},{"type":"Feature","geometry":{"type":"Point","coordinates":[-122.41624,37.7776]},"properties":{"stop_id":"15680","stop_code":"15680","stop_name":"Market St & Larkin St"}},{"type":"Feature","geometry":{"type":"Point","coordinates":[-122.39663,37.79298]},"properties":{"stop_id":"15682","stop_code":"15682","stop_name":"Market St & Main St"}},{"type":"Feature","geometry":{"type":"Point","coordinates":[-122.40964,37.78285]},"properties":{"stop_id":"15683","stop_code":"15683","stop_name":"Market St & Mason St"}},{"type":"Feature","geometry":{"type":"Point","coordinates":[-122.40248,37.78849]},"properties":{"stop_id":"15684","stop_code":"15684","stop_name":"Market St & Montgomery St"}},{"type":"Feature","geometry":{"type":"Point","coordinates":[-122.40216,37.78861]},"properties":{"stop_id":"15685","stop_code":"15685","stop_name":"Market St & New Montgomery St"}},{"type":"Feature","geometry":{"type":"Point","coordinates":[-122.43281,37.76449]},"properties":{"stop_id":"15686","stop_code":"15686","stop_name":"Market St & Noe St"}},{"type":"Feature","geometry":{"type":"Point","coordinates":[-122.43332,37.76396]},"properties":{"stop_id":"15687","stop_code":"15687","stop_name":"Market St & Noe St"}},{"type":"Feature","geometry":{"type":"Point","coordinates":[-122.40754,37.78447]},"properties":{"stop_id":"15688","stop_code":"15688","stop_name":"Market St & Powell St"}},{"type":"Feature","geometry":{"type":"Point","coordinates":[-122.43114,37.76569]},"properties":{"stop_id":"15691","stop_code":"15691","stop_name":"Market St & Sanchez St"}},{"type":"Feature","geometry":{"type":"Point","coordinates":[-122.43122,37.76563]},"properties":{"stop_id":"17123","stop_code":"17123","stop_name":"Market St & Sanchez St"}},{"type":"Feature","geometry":{"type":"Point","coordinates":[-122.43071,37.76619]},"properties":{"stop_id":"15690","stop_code":"15690","stop_name":"Market St & Sanchez St"}},{"type":"Feature","geometry":{"type":"Point","coordinates":[-122.40049,37.79001]},"properties":{"stop_id":"15689","stop_code":"15689","stop_name":"Market St & Sansome St"}},{"type":"Feature","geometry":{"type":"Point","coordinates":[-122.41932,37.77506]},"properties":{"stop_id":"15692","stop_code":"15692","stop_name":"Market St & South Van Ness Ave"}},{"type":"Feature","geometry":{"type":"Point","coordinates":[-122.39492,37.79445]},"properties":{"stop_id":"17227","stop_code":"17227","stop_name":"Market St & Steuart St"}},{"type":"Feature","geometry":{"type":"Point","coordinates":[-122.39491,37.79426]},"properties":{"stop_id":"15693","stop_code":"15693","stop_name":"Market St & Steuart St"}},{"type":"Feature","geometry":{"type":"Point","coordinates":[-122.40586,37.78578]},"properties":{"stop_id":"15694","stop_code":"15694","stop_name":"Market St & Stockton St"}},{"type":"Feature","geometry":{"type":"Point","coordinates":[-122.41023,37.78232]},"properties":{"stop_id":"15695","stop_code":"15695","stop_name":"Market St & Taylor St"}},{"type":"Feature","geometry":{"type":"Point","coordinates":[-122.41925,37.7752]},"properties":{"stop_id":"15696","stop_code":"15696","stop_name":"Market St & Van Ness Ave"}},{"type":"Feature","geometry":{"type":"Point","coordinates":[-122.45054,37.75362]},"properties":{"stop_id":"15697","stop_code":"15697","stop_name":"Marview Way & Panorama Dr"}},{"type":"Feature","geometry":{"type":"Point","coordinates":[-122.44485,37.76751]},"properties":{"stop_id":"15704","stop_code":"15704","stop_name":"Masonic Ave & Frederick St"}},{"type":"Feature","geometry":{"type":"Point","coordinates":[-122.44655,37.77558]},"properties":{"stop_id":"15705","stop_code":"15705","stop_name":"Masonic Ave & Fulton St"}},{"type":"Feature","geometry":{"type":"Point","coordinates":[-122.44636,37.77571]},"properties":{"stop_id":"15706","stop_code":"15706","stop_name":"Masonic Ave & Fulton St"}},{"type":"Feature","geometry":{"type":"Point","coordinates":[-122.44736,37.78216]},"properties":{"stop_id":"15709","stop_code":"15709","stop_name":"Masonic Ave & Geary Blvd"}},{"type":"Feature","geometry":{"type":"Point","coordinates":[-122.44757,37.78214]},"properties":{"stop_id":"15710","stop_code":"15710","stop_name":"Masonic Ave & Geary Blvd"}},{"type":"Feature","geometry":{"type":"Point","coordinates":[-122.44542,37.77031]},"properties":{"stop_id":"15712","stop_code":"15712","stop_name":"Masonic Ave & Haight St"}},{"type":"Feature","geometry":{"type":"Point","coordinates":[-122.4453,37.77035]},"properties":{"stop_id":"15713","stop_code":"15713","stop_name":"Masonic Ave & Haight St"}},{"type":"Feature","geometry":{"type":"Point","coordinates":[-122.44538,37.77015]},"properties":{"stop_id":"15711","stop_code":"15711","stop_name":"Masonic Ave & Haight St"}},{"type":"Feature","geometry":{"type":"Point","coordinates":[-122.44605,37.77406]},"properties":{"stop_id":"15714","stop_code":"15714","stop_name":"Masonic Ave & Hayes St"}},{"type":"Feature","geometry":{"type":"Point","coordinates":[-122.44624,37.77402]},"properties":{"stop_id":"15715","stop_code":"15715","stop_name":"Masonic Ave & Hayes St"}},{"type":"Feature","geometry":{"type":"Point","coordinates":[-122.44573,37.77173]},"properties":{"stop_id":"15717","stop_code":"15717","stop_name":"Masonic Ave & Oak St"}},{"type":"Feature","geometry":{"type":"Point","coordinates":[-122.44563,37.77196]},"properties":{"stop_id":"15716","stop_code":"15716","stop_name":"Masonic Ave & Oak St"}},{"type":"Feature","geometry":{"type":"Point","coordinates":[-122.44716,37.77876]},"properties":{"stop_id":"15719","stop_code":"15719","stop_name":"Masonic Ave & Turk St"}},{"type":"Feature","geometry":{"type":"Point","coordinates":[-122.447,37.77877]},"properties":{"stop_id":"15718","stop_code":"15718","stop_name":"Masonic Ave & Turk St"}},{"type":"Feature","geometry":{"type":"Point","coordinates":[-122.41201,37.79735]},"properties":{"stop_id":"15356","stop_code":"15356","stop_name":"Mason St & Broadway"}},{"type":"Feature","geometry":{"type":"Point","coordinates":[-122.41182,37.79721]},"properties":{"stop_id":"15355","stop_code":"15355","stop_name":"Mason St & Broadway"}},{"type":"Feature","geometry":{"type":"Point","coordinates":[-122.41258,37.80096]},"properties":{"stop_id":"15358","stop_code":"15358","stop_name":"Mason St & Filbert St"}},{"type":"Feature","geometry":{"type":"Point","coordinates":[-122.41273,37.8009]},"properties":{"stop_id":"15359","stop_code":"15359","stop_name":"Mason St & Filbert St"}},{"type":"Feature","geometry":{"type":"Point","coordinates":[-122.41235,37.79902]},"properties":{"stop_id":"15363","stop_code":"15363","stop_name":"Mason St & Green St"}},{"type":"Feature","geometry":{"type":"Point","coordinates":[-122.4122,37.7991]},"properties":{"stop_id":"15362","stop_code":"15362","stop_name":"Mason St & Green St"}},{"type":"Feature","geometry":{"type":"Point","coordinates":[-122.41292,37.80183]},"properties":{"stop_id":"15361","stop_code":"15361","stop_name":"Mason St & Greenwich St"}},{"type":"Feature","geometry":{"type":"Point","coordinates":[-122.41277,37.80193]},"properties":{"stop_id":"15360","stop_code":"15360","stop_name":"Mason St & Greenwich St"}},{"type":"Feature","geometry":{"type":"Point","coordinates":[-122.41154,37.79551]},"properties":{"stop_id":"15364","stop_code":"15364","stop_name":"Mason St & Jackson St"}},{"type":"Feature","geometry":{"type":"Point","coordinates":[-122.41167,37.7956]},"properties":{"stop_id":"15365","stop_code":"15365","stop_name":"Mason St & Jackson St"}},{"type":"Feature","geometry":{"type":"Point","coordinates":[-122.41162,37.7962]},"properties":{"stop_id":"15366","stop_code":"15366","stop_name":"Mason St & Pacific Ave"}},{"type":"Feature","geometry":{"type":"Point","coordinates":[-122.41177,37.79612]},"properties":{"stop_id":"15367","stop_code":"15367","stop_name":"Mason St & Pacific Ave"}},{"type":"Feature","geometry":{"type":"Point","coordinates":[-122.45897,37.80356]},"properties":{"stop_id":"18152","stop_code":"18152","stop_name":"Mason St - Sports Basement"}},{"type":"Feature","geometry":{"type":"Point","coordinates":[-122.45887,37.80368]},"properties":{"stop_id":"18151","stop_code":"18151","stop_name":"Mason St - Sports Basement"}},{"type":"Feature","geometry":{"type":"Point","coordinates":[-122.45442,37.80415]},"properties":{"stop_id":"18027","stop_code":"18027","stop_name":"Mason St - Tunnel Top Park"}},{"type":"Feature","geometry":{"type":"Point","coordinates":[-122.45417,37.80429]},"properties":{"stop_id":"18024","stop_code":"18024","stop_name":"Mason St - Tunnel Top Park"}},{"type":"Feature","geometry":{"type":"Point","coordinates":[-122.41255,37.79997]},"properties":{"stop_id":"15369","stop_code":"15369","stop_name":"Mason St & Union St"}},{"type":"Feature","geometry":{"type":"Point","coordinates":[-122.4124,37.80004]},"properties":{"stop_id":"15368","stop_code":"15368","stop_name":"Mason St & Union St"}},{"type":"Feature","geometry":{"type":"Point","coordinates":[-122.41202,37.7982]},"properties":{"stop_id":"15370","stop_code":"15370","stop_name":"Mason St & Vallejo St"}},{"type":"Feature","geometry":{"type":"Point","coordinates":[-122.41219,37.79824]},"properties":{"stop_id":"15371","stop_code":"15371","stop_name":"Mason St & Vallejo St"}},{"type":"Feature","geometry":{"type":"Point","coordinates":[-122.41106,37.7945]},"properties":{"stop_id":"15372","stop_code":"15372","stop_name":"Mason St & Washington St"}},{"type":"Feature","geometry":{"type":"Point","coordinates":[-122.4485,37.80502]},"properties":{"stop_id":"18023","stop_code":"18023","stop_name":"Mason St - Yacht/Girard"}},{"type":"Feature","geometry":{"type":"Point","coordinates":[-122.44895,37.80482]},"properties":{"stop_id":"18028","stop_code":"18028","stop_name":"Mason St - Yacht/Girard"}},{"type":"Feature","geometry":{"type":"Point","coordinates":[-122.44166,37.7774]},"properties":{"stop_id":"15384","stop_code":"15384","stop_name":"Mcallister St & Baker St"}},{"type":"Feature","geometry":{"type":"Point","coordinates":[-122.44185,37.77731]},"properties":{"stop_id":"15385","stop_code":"15385","stop_name":"Mcallister St & Baker St"}},{"type":"Feature","geometry":{"type":"Point","coordinates":[-122.43829,37.77782]},"properties":{"stop_id":"15389","stop_code":"15389","stop_name":"Mcallister St & Divisadero St"}},{"type":"Feature","geometry":{"type":"Point","coordinates":[-122.43851,37.77773]},"properties":{"stop_id":"15390","stop_code":"15390","stop_name":"Mcallister St & Divisadero St"}},{"type":"Feature","geometry":{"type":"Point","coordinates":[-122.43207,37.77864]},"properties":{"stop_id":"15391","stop_code":"15391","stop_name":"Mcallister St & Fillmore St"}},{"type":"Feature","geometry":{"type":"Point","coordinates":[-122.43174,37.77862]},"properties":{"stop_id":"15392","stop_code":"15392","stop_name":"Mcallister St & Fillmore St"}},{"type":"Feature","geometry":{"type":"Point","coordinates":[-122.42388,37.77971]},"properties":{"stop_id":"15393","stop_code":"15393","stop_name":"Mcallister St & Gough St"}},{"type":"Feature","geometry":{"type":"Point","coordinates":[-122.42325,37.77963]},"properties":{"stop_id":"15394","stop_code":"15394","stop_name":"Mcallister St & Gough St"}},{"type":"Feature","geometry":{"type":"Point","coordinates":[-122.41569,37.78073]},"properties":{"stop_id":"15395","stop_code":"15395","stop_name":"Mcallister St & Hyde St"}},{"type":"Feature","geometry":{"type":"Point","coordinates":[-122.41587,37.78061]},"properties":{"stop_id":"15396","stop_code":"15396","stop_name":"Mcallister St & Hyde St"}},{"type":"Feature","geometry":{"type":"Point","coordinates":[-122.41219,37.78117]},"properties":{"stop_id":"17563","stop_code":"17563","stop_name":"Mcallister St & Jones St"}},{"type":"Feature","geometry":{"type":"Point","coordinates":[-122.42701,37.77921]},"properties":{"stop_id":"15399","stop_code":"15399","stop_name":"Mcallister St & Laguna St"}},{"type":"Feature","geometry":{"type":"Point","coordinates":[-122.42717,37.7793]},"properties":{"stop_id":"15398","stop_code":"15398","stop_name":"Mcallister St & Laguna St"}},{"type":"Feature","geometry":{"type":"Point","coordinates":[-122.41741,37.78051]},"properties":{"stop_id":"15397","stop_code":"15397","stop_name":"Mcallister St & Larkin St"}},{"type":"Feature","geometry":{"type":"Point","coordinates":[-122.41359,37.78089]},"properties":{"stop_id":"17635","stop_code":"17635","stop_name":"Mcallister St & Leavenworth St"}},{"type":"Feature","geometry":{"type":"Point","coordinates":[-122.43505,37.77824]},"properties":{"stop_id":"15400","stop_code":"15400","stop_name":"Mcallister St & Pierce St"}},{"type":"Feature","geometry":{"type":"Point","coordinates":[-122.43519,37.77815]},"properties":{"stop_id":"15401","stop_code":"15401","stop_name":"Mcallister St & Pierce St"}},{"type":"Feature","geometry":{"type":"Point","coordinates":[-122.42071,37.78009]},"properties":{"stop_id":"15404","stop_code":"15404","stop_name":"Mcallister St & Van Ness Ave"}},{"type":"Feature","geometry":{"type":"Point","coordinates":[-122.42018,37.78005]},"properties":{"stop_id":"15405","stop_code":"15405","stop_name":"Mcallister St & Van Ness Ave"}},{"type":"Feature","geometry":{"type":"Point","coordinates":[-122.38331,37.7438]},"properties":{"stop_id":"17632","stop_code":"17632","stop_name":"Mendell St & Cargo Way"}},{"type":"Feature","geometry":{"type":"Point","coordinates":[-122.38317,37.7437]},"properties":{"stop_id":"15505","stop_code":"15505","stop_name":"Mendell St & Cargo Way"}},{"type":"Feature","geometry":{"type":"Point","coordinates":[-122.38393,37.74253]},"properties":{"stop_id":"15508","stop_code":"15508","stop_name":"Mendell St & Newhall St"}},{"type":"Feature","geometry":{"type":"Point","coordinates":[-122.3837,37.74254]},"properties":{"stop_id":"15507","stop_code":"15507","stop_name":"Mendell St & Newhall St"}},{"type":"Feature","geometry":{"type":"Point","coordinates":[-122.38468,37.74106]},"properties":{"stop_id":"15510","stop_code":"15510","stop_name":"Mendell St Opposite Us Post Office"}},{"type":"Feature","geometry":{"type":"Point","coordinates":[-122.38444,37.74106]},"properties":{"stop_id":"15509","stop_code":"15509","stop_name":"Mendell St/Us Post Office"}},{"type":"Feature","geometry":{"type":"Point","coordinates":[-122.43523,37.76262]},"properties":{"stop_id":"15728","stop_code":"15728","stop_name":"Metro Castro Station/Downtown"}},{"type":"Feature","geometry":{"type":"Point","coordinates":[-122.43529,37.76268]},"properties":{"stop_id":"16991","stop_code":"16991","stop_name":"Metro Castro Station/Outbound"}},{"type":"Feature","geometry":{"type":"Point","coordinates":[-122.42917,37.76719]},"properties":{"stop_id":"15726","stop_code":"15726","stop_name":"Metro Church Station/Downtown"}},{"type":"Feature","geometry":{"type":"Point","coordinates":[-122.42932,37.76733]},"properties":{"stop_id":"16998","stop_code":"16998","stop_name":"Metro Church Station/Outbound"}},{"type":"Feature","geometry":{"type":"Point","coordinates":[-122.45862,37.74835]},"properties":{"stop_id":"15730","stop_code":"15730","stop_name":"Metro Forest Hill Station/Downtown"}},{"type":"Feature","geometry":{"type":"Point","coordinates":[-122.41925,37.77513]},"properties":{"stop_id":"15419","stop_code":"15419","stop_name":"Metro Van Ness Station"}},{"type":"Feature","geometry":{"type":"Point","coordinates":[-122.37952,37.73707]},"properties":{"stop_id":"17719","stop_code":"17719","stop_name":"Middle Point & Acacia"}},{"type":"Feature","geometry":{"type":"Point","coordinates":[-122.37932,37.73701]},"properties":{"stop_id":"15501","stop_code":"15501","stop_name":"Middle Point Rd & Acacia Ave"}},{"type":"Feature","geometry":{"type":"Point","coordinates":[-122.37932,37.73516]},"properties":{"stop_id":"15503","stop_code":"15503","stop_name":"Middle Point Rd & Fairfax Ave"}},{"type":"Feature","geometry":{"type":"Point","coordinates":[-122.37947,37.73502]},"properties":{"stop_id":"15504","stop_code":"15504","stop_name":"Middle Point Rd & Fair Fax Ave"}},{"type":"Feature","geometry":{"type":"Point","coordinates":[-122.37954,37.73417]},"properties":{"stop_id":"15500","stop_code":"15500","stop_name":"Middle Point Rd & Innes Ave"}},{"type":"Feature","geometry":{"type":"Point","coordinates":[-122.37936,37.73439]},"properties":{"stop_id":"17187","stop_code":"17187","stop_name":"Middle Point Rd & Memory Lane"}},{"type":"Feature","geometry":{"type":"Point","coordinates":[-122.42825,37.73775]},"properties":{"stop_id":"17868","stop_code":"17868","stop_name":"Miguel St & Laidley St"}},{"type":"Feature","geometry":{"type":"Point","coordinates":[-122.42829,37.73776]},"properties":{"stop_id":"17867","stop_code":"17867","stop_name":"Miguel St & Laidley St"}},{"type":"Feature","geometry":{"type":"Point","coordinates":[-122.46131,37.73787]},"properties":{"stop_id":"15514","stop_code":"15514","stop_name":"Miraloma Dr & Bengal Aly"}},{"type":"Feature","geometry":{"type":"Point","coordinates":[-122.46008,37.73938]},"properties":{"stop_id":"15515","stop_code":"15515","stop_name":"Miraloma Dr & Juanita Way"}},{"type":"Feature","geometry":{"type":"Point","coordinates":[-122.46003,37.7392]},"properties":{"stop_id":"15516","stop_code":"15516","stop_name":"Miraloma Dr & Juanita Way"}},{"type":"Feature","geometry":{"type":"Point","coordinates":[-122.45927,37.74021]},"properties":{"stop_id":"15518","stop_code":"15518","stop_name":"Miraloma Dr & Marne Ave"}},{"type":"Feature","geometry":{"type":"Point","coordinates":[-122.45922,37.74008]},"properties":{"stop_id":"15517","stop_code":"15517","stop_name":"Miraloma Dr & Marne Ave"}},{"type":"Feature","geometry":{"type":"Point","coordinates":[-122.4608,37.73551]},"properties":{"stop_id":"15519","stop_code":"15519","stop_name":"Miraloma Dr & Yerba Buena Ave"}},{"type":"Feature","geometry":{"type":"Point","coordinates":[-122.39087,37.77106]},"properties":{"stop_id":"17765","stop_code":"17765","stop_name":"Mission Bay North & 4th St"}},{"type":"Feature","geometry":{"type":"Point","coordinates":[-122.39104,37.77051]},"properties":{"stop_id":"17766","stop_code":"17766","stop_name":"Mission Bay South & 4th St Se-Fs/ Bz"}},{"type":"Feature","geometry":{"type":"Point","coordinates":[-122.41729,37.77431]},"properties":{"stop_id":"15545","stop_code":"15545","stop_name":"Mission St & 11th St"}},{"type":"Feature","geometry":{"type":"Point","coordinates":[-122.41628,37.77491]},"properties":{"stop_id":"15544","stop_code":"15544","stop_name":"Mission St & 11th St"}},{"type":"Feature","geometry":{"type":"Point","coordinates":[-122.41978,37.77047]},"properties":{"stop_id":"15546","stop_code":"15546","stop_name":"Mission St & 13th St"}},{"type":"Feature","geometry":{"type":"Point","coordinates":[-122.42002,37.7678]},"properties":{"stop_id":"15548","stop_code":"15548","stop_name":"Mission St & 14th St"}},{"type":"Feature","geometry":{"type":"Point","coordinates":[-122.41993,37.76862]},"properties":{"stop_id":"15547","stop_code":"15547","stop_name":"Mission St & 14th St"}},{"type":"Feature","geometry":{"type":"Point","coordinates":[-122.41974,37.7648]},"properties":{"stop_id":"15552","stop_code":"15552","stop_name":"Mission St & 16th St"}},{"type":"Feature","geometry":{"type":"Point","coordinates":[-122.41967,37.76512]},"properties":{"stop_id":"15551","stop_code":"15551","stop_name":"Mission St & 16th St"}},{"type":"Feature","geometry":{"type":"Point","coordinates":[-122.41946,37.76176]},"properties":{"stop_id":"15554","stop_code":"15554","stop_name":"Mission St & 18th St"}},{"type":"Feature","geometry":{"type":"Point","coordinates":[-122.41935,37.76264]},"properties":{"stop_id":"15553","stop_code":"15553","stop_name":"Mission St & 18th St"}},{"type":"Feature","geometry":{"type":"Point","coordinates":[-122.39749,37.78992]},"properties":{"stop_id":"15528","stop_code":"15528","stop_name":"Mission St & 1st St"}},{"type":"Feature","geometry":{"type":"Point","coordinates":[-122.41909,37.75817]},"properties":{"stop_id":"15558","stop_code":"15558","stop_name":"Mission St & 20th St"}},{"type":"Feature","geometry":{"type":"Point","coordinates":[-122.41902,37.75911]},"properties":{"stop_id":"15557","stop_code":"15557","stop_name":"Mission St & 20th St"}},{"type":"Feature","geometry":{"type":"Point","coordinates":[-122.4188,37.75517]},"properties":{"stop_id":"15562","stop_code":"15562","stop_name":"Mission St & 22nd St"}},{"type":"Feature","geometry":{"type":"Point","coordinates":[-122.41871,37.75582]},"properties":{"stop_id":"15561","stop_code":"15561","stop_name":"Mission St & 22nd St"}},{"type":"Feature","geometry":{"type":"Point","coordinates":[-122.4184,37.75236]},"properties":{"stop_id":"15565","stop_code":"15565","stop_name":"Mission St & 24th St"}},{"type":"Feature","geometry":{"type":"Point","coordinates":[-122.41853,37.75196]},"properties":{"stop_id":"15566","stop_code":"15566","stop_name":"Mission St & 24th St"}},{"type":"Feature","geometry":{"type":"Point","coordinates":[-122.41818,37.74857]},"properties":{"stop_id":"15568","stop_code":"15568","stop_name":"Mission St & 26th St"}},{"type":"Feature","geometry":{"type":"Point","coordinates":[-122.4181,37.74951]},"properties":{"stop_id":"15567","stop_code":"15567","stop_name":"Mission St & 26th St"}},{"type":"Feature","geometry":{"type":"Point","coordinates":[-122.40024,37.78775]},"properties":{"stop_id":"15529","stop_code":"15529","stop_name":"Mission St & 2nd St"}},{"type":"Feature","geometry":{"type":"Point","coordinates":[-122.39985,37.78787]},"properties":{"stop_id":"15530","stop_code":"15530","stop_name":"Mission St & 2nd St"}},{"type":"Feature","geometry":{"type":"Point","coordinates":[-122.42194,37.74241]},"properties":{"stop_id":"15571","stop_code":"15571","stop_name":"Mission St & 30th St"}},{"type":"Feature","geometry":{"type":"Point","coordinates":[-122.42199,37.74242]},"properties":{"stop_id":"15572","stop_code":"15572","stop_name":"Mission St & 30th St"}},{"type":"Feature","geometry":{"type":"Point","coordinates":[-122.40157,37.78651]},"properties":{"stop_id":"15531","stop_code":"15531","stop_name":"Mission St & 3rd St"}},{"type":"Feature","geometry":{"type":"Point","coordinates":[-122.40249,37.78597]},"properties":{"stop_id":"15532","stop_code":"15532","stop_name":"Mission St & 3rd St"}},{"type":"Feature","geometry":{"type":"Point","coordinates":[-122.40452,37.78436]},"properties":{"stop_id":"15534","stop_code":"15534","stop_name":"Mission St & 4th St"}},{"type":"Feature","geometry":{"type":"Point","coordinates":[-122.40393,37.78464]},"properties":{"stop_id":"15533","stop_code":"15533","stop_name":"Mission St & 4th St"}},{"type":"Feature","geometry":{"type":"Point","coordinates":[-122.40653,37.78272]},"properties":{"stop_id":"15535","stop_code":"15535","stop_name":"Mission St & 5th St"}},{"type":"Feature","geometry":{"type":"Point","coordinates":[-122.40664,37.78272]},"properties":{"stop_id":"15536","stop_code":"15536","stop_name":"Mission St & 5th St"}},{"type":"Feature","geometry":{"type":"Point","coordinates":[-122.4091,37.78075]},"properties":{"stop_id":"15538","stop_code":"15538","stop_name":"Mission St & 6th St"}},{"type":"Feature","geometry":{"type":"Point","coordinates":[-122.40831,37.78119]},"properties":{"stop_id":"15537","stop_code":"15537","stop_name":"Mission St & 6th St"}},{"type":"Feature","geometry":{"type":"Point","coordinates":[-122.41135,37.77897]},"properties":{"stop_id":"15539","stop_code":"15539","stop_name":"Mission St & 7th St"}},{"type":"Feature","geometry":{"type":"Point","coordinates":[-122.41051,37.77935]},"properties":{"stop_id":"17129","stop_code":"17129","stop_name":"Mission St & 7th St"}},{"type":"Feature","geometry":{"type":"Point","coordinates":[-122.41273,37.7777]},"properties":{"stop_id":"15541","stop_code":"15541","stop_name":"Mission St & 8th St"}},{"type":"Feature","geometry":{"type":"Point","coordinates":[-122.41355,37.77723]},"properties":{"stop_id":"15540","stop_code":"15540","stop_name":"Mission St & 8th St"}},{"type":"Feature","geometry":{"type":"Point","coordinates":[-122.41431,37.77645]},"properties":{"stop_id":"15542","stop_code":"15542","stop_name":"Mission St & 9th St"}},{"type":"Feature","geometry":{"type":"Point","coordinates":[-122.41518,37.77594]},"properties":{"stop_id":"15543","stop_code":"15543","stop_name":"Mission St & 9th St"}},{"type":"Feature","geometry":{"type":"Point","coordinates":[-122.45258,37.70881]},"properties":{"stop_id":"15574","stop_code":"15574","stop_name":"Mission St & Acton St"}},{"type":"Feature","geometry":{"type":"Point","coordinates":[-122.44264,37.71448]},"properties":{"stop_id":"15575","stop_code":"15575","stop_name":"Mission St & Allison St"}},{"type":"Feature","geometry":{"type":"Point","coordinates":[-122.42404,37.73899]},"properties":{"stop_id":"15578","stop_code":"15578","stop_name":"Mission St & Appleton Ave"}},{"type":"Feature","geometry":{"type":"Point","coordinates":[-122.42387,37.73887]},"properties":{"stop_id":"15577","stop_code":"15577","stop_name":"Mission St & Appleton Ave"}},{"type":"Feature","geometry":{"type":"Point","coordinates":[-122.39592,37.79114]},"properties":{"stop_id":"15579","stop_code":"15579","stop_name":"Mission St & Beale St"}},{"type":"Feature","geometry":{"type":"Point","coordinates":[-122.42682,37.73334]},"properties":{"stop_id":"15580","stop_code":"15580","stop_name":"Mission St & Bosworth St"}},{"type":"Feature","geometry":{"type":"Point","coordinates":[-122.42287,37.74108]},"properties":{"stop_id":"15584","stop_code":"15584","stop_name":"Mission St & Cortland Ave"}},{"type":"Feature","geometry":{"type":"Point","coordinates":[-122.42276,37.74105]},"properties":{"stop_id":"15583","stop_code":"15583","stop_name":"Mission St & Cortland Ave"}},{"type":"Feature","geometry":{"type":"Point","coordinates":[-122.45653,37.70741]},"properties":{"stop_id":"15585","stop_code":"15585","stop_name":"Mission St & Evergreen St"}},{"type":"Feature","geometry":{"type":"Point","coordinates":[-122.43351,37.72635]},"properties":{"stop_id":"15586","stop_code":"15586","stop_name":"Mission St & Excelsior Ave"}},{"type":"Feature","geometry":{"type":"Point","coordinates":[-122.45927,37.70662]},"properties":{"stop_id":"17554","stop_code":"17554","stop_name":"Mission St & Flournoy"}},{"type":"Feature","geometry":{"type":"Point","coordinates":[-122.45906,37.70682]},"properties":{"stop_id":"15588","stop_code":"15588","stop_name":"Mission St & Flournoy St"}},{"type":"Feature","geometry":{"type":"Point","coordinates":[-122.44462,37.71285]},"properties":{"stop_id":"15589","stop_code":"15589","stop_name":"Mission St & Foote Ave"}},{"type":"Feature","geometry":{"type":"Point","coordinates":[-122.43365,37.72635]},"properties":{"stop_id":"15590","stop_code":"15590","stop_name":"Mission St & Francis St"}},{"type":"Feature","geometry":{"type":"Point","coordinates":[-122.39679,37.79026]},"properties":{"stop_id":"17945","stop_code":"17945","stop_name":"Mission St & Fremont St"}},{"type":"Feature","geometry":{"type":"Point","coordinates":[-122.44078,37.71664]},"properties":{"stop_id":"15593","stop_code":"15593","stop_name":"Mission St & Geneva Ave"}},{"type":"Feature","geometry":{"type":"Point","coordinates":[-122.44115,37.71646]},"properties":{"stop_id":"15592","stop_code":"15592","stop_name":"Mission St & Geneva Ave"}},{"type":"Feature","geometry":{"type":"Point","coordinates":[-122.45708,37.70736]},"properties":{"stop_id":"15594","stop_code":"15594","stop_name":"Mission St & Goethe St"}},{"type":"Feature","geometry":{"type":"Point","coordinates":[-122.44475,37.71251]},"properties":{"stop_id":"15595","stop_code":"15595","stop_name":"Mission St & Guttenberg St"}},{"type":"Feature","geometry":{"type":"Point","coordinates":[-122.42396,37.73745]},"properties":{"stop_id":"15596","stop_code":"15596","stop_name":"Mission St & Highland Ave"}},{"type":"Feature","geometry":{"type":"Point","coordinates":[-122.4242,37.73706]},"properties":{"stop_id":"15597","stop_code":"15597","stop_name":"Mission St & Highland Ave"}},{"type":"Feature","geometry":{"type":"Point","coordinates":[-122.43926,37.71865]},"properties":{"stop_id":"15599","stop_code":"15599","stop_name":"Mission St & Italy Ave"}},{"type":"Feature","geometry":{"type":"Point","coordinates":[-122.43909,37.71915]},"properties":{"stop_id":"15598","stop_code":"15598","stop_name":"Mission St & Italy Ave"}},{"type":"Feature","geometry":{"type":"Point","coordinates":[-122.45087,37.7095]},"properties":{"stop_id":"15600","stop_code":"15600","stop_name":"Mission St & Lawrence Ave"}},{"type":"Feature","geometry":{"type":"Point","coordinates":[-122.44649,37.71143]},"properties":{"stop_id":"15602","stop_code":"15602","stop_name":"Mission St & Lowell St"}},{"type":"Feature","geometry":{"type":"Point","coordinates":[-122.44629,37.71147]},"properties":{"stop_id":"15601","stop_code":"15601","stop_name":"Mission St & Lowell St"}},{"type":"Feature","geometry":{"type":"Point","coordinates":[-122.39493,37.79196]},"properties":{"stop_id":"15603","stop_code":"15603","stop_name":"Mission St & Main St"}},{"type":"Feature","geometry":{"type":"Point","coordinates":[-122.44265,37.7147]},"properties":{"stop_id":"15604","stop_code":"15604","stop_name":"Mission St & Mt Vernon Ave"}},{"type":"Feature","geometry":{"type":"Point","coordinates":[-122.42592,37.73404]},"properties":{"stop_id":"15605","stop_code":"15605","stop_name":"Mission St & Murray St"}},{"type":"Feature","geometry":{"type":"Point","coordinates":[-122.45006,37.70962]},"properties":{"stop_id":"15608","stop_code":"15608","stop_name":"Mission St & Oliver St"}},{"type":"Feature","geometry":{"type":"Point","coordinates":[-122.43748,37.72128]},"properties":{"stop_id":"15609","stop_code":"15609","stop_name":"Mission St & Onondaga Ave"}},{"type":"Feature","geometry":{"type":"Point","coordinates":[-122.43568,37.72338]},"properties":{"stop_id":"15610","stop_code":"15610","stop_name":"Mission St & Persia Ave"}},{"type":"Feature","geometry":{"type":"Point","coordinates":[-122.4194,37.74625]},"properties":{"stop_id":"17841","stop_code":"17841","stop_name":"Mission St & Power St"}},{"type":"Feature","geometry":{"type":"Point","coordinates":[-122.42442,37.73591]},"properties":{"stop_id":"15613","stop_code":"15613","stop_name":"Mission St & Richland Ave"}},{"type":"Feature","geometry":{"type":"Point","coordinates":[-122.4247,37.73562]},"properties":{"stop_id":"15614","stop_code":"15614","stop_name":"Mission St & Richland Ave"}},{"type":"Feature","geometry":{"type":"Point","coordinates":[-122.43712,37.72147]},"properties":{"stop_id":"15615","stop_code":"15615","stop_name":"Mission St & Russia Ave"}},{"type":"Feature","geometry":{"type":"Point","coordinates":[-122.43597,37.72326]},"properties":{"stop_id":"15616","stop_code":"15616","stop_name":"Mission St & Ruth St"}},{"type":"Feature","geometry":{"type":"Point","coordinates":[-122.45998,37.70637]},"properties":{"stop_id":"17099","stop_code":"17099","stop_name":"Mission St & San Jose Ave"}},{"type":"Feature","geometry":{"type":"Point","coordinates":[-122.45332,37.70866]},"properties":{"stop_id":"15619","stop_code":"15619","stop_name":"Mission St & Sickles Ave"}},{"type":"Feature","geometry":{"type":"Point","coordinates":[-122.43135,37.72872]},"properties":{"stop_id":"15621","stop_code":"15621","stop_name":"Mission St & Silver Ave"}},{"type":"Feature","geometry":{"type":"Point","coordinates":[-122.43132,37.72872]},"properties":{"stop_id":"15620","stop_code":"15620","stop_name":"Mission St & Silver Ave"}},{"type":"Feature","geometry":{"type":"Point","coordinates":[-122.41849,37.77299]},"properties":{"stop_id":"17299","stop_code":"17299","stop_name":"Mission St & South Van Ness Ave"}},{"type":"Feature","geometry":{"type":"Point","coordinates":[-122.39435,37.79239]},"properties":{"stop_id":"15623","stop_code":"15623","stop_name":"Mission St & Spear St"}},{"type":"Feature","geometry":{"type":"Point","coordinates":[-122.42971,37.73045]},"properties":{"stop_id":"15625","stop_code":"15625","stop_name":"Mission St & Trumbull St"}},{"type":"Feature","geometry":{"type":"Point","coordinates":[-122.42927,37.73066]},"properties":{"stop_id":"15624","stop_code":"15624","stop_name":"Mission St & Trumbull St"}},{"type":"Feature","geometry":{"type":"Point","coordinates":[-122.4203,37.74508]},"properties":{"stop_id":"15626","stop_code":"15626","stop_name":"Mission St & Valencia St"}},{"type":"Feature","geometry":{"type":"Point","coordinates":[-122.44834,37.71048]},"properties":{"stop_id":"15627","stop_code":"15627","stop_name":"Mission St & Whittier St"}},{"type":"Feature","geometry":{"type":"Point","coordinates":[-122.44845,37.71022]},"properties":{"stop_id":"15628","stop_code":"15628","stop_name":"Mission St & Whittier St"}},{"type":"Feature","geometry":{"type":"Point","coordinates":[-122.43777,37.73167]},"properties":{"stop_id":"15420","stop_code":"15420","stop_name":"Monterey Blvd & Acadia St"}},{"type":"Feature","geometry":{"type":"Point","coordinates":[-122.43985,37.73152]},"properties":{"stop_id":"15423","stop_code":"15423","stop_name":"Monterey Blvd & Baden St"}},{"type":"Feature","geometry":{"type":"Point","coordinates":[-122.43963,37.73167]},"properties":{"stop_id":"15422","stop_code":"15422","stop_name":"Monterey Blvd & Baden St"}},{"type":"Feature","geometry":{"type":"Point","coordinates":[-122.44191,37.73166]},"properties":{"stop_id":"15424","stop_code":"15424","stop_name":"Monterey Blvd & Congo St"}},{"type":"Feature","geometry":{"type":"Point","coordinates":[-122.44213,37.73151]},"properties":{"stop_id":"15425","stop_code":"15425","stop_name":"Monterey Blvd & Congo St"}},{"type":"Feature","geometry":{"type":"Point","coordinates":[-122.44398,37.73151]},"properties":{"stop_id":"15427","stop_code":"15427","stop_name":"Monterey Blvd & Detroit St"}},{"type":"Feature","geometry":{"type":"Point","coordinates":[-122.44461,37.73164]},"properties":{"stop_id":"15426","stop_code":"15426","stop_name":"Monterey Blvd & Detroit St"}},{"type":"Feature","geometry":{"type":"Point","coordinates":[-122.44669,37.73148]},"properties":{"stop_id":"15429","stop_code":"15429","stop_name":"Monterey Blvd & Edna St"}},{"type":"Feature","geometry":{"type":"Point","coordinates":[-122.44647,37.73163]},"properties":{"stop_id":"15428","stop_code":"15428","stop_name":"Monterey Blvd & Edna St"}},{"type":"Feature","geometry":{"type":"Point","coordinates":[-122.4615,37.73008]},"properties":{"stop_id":"15430","stop_code":"15430","stop_name":"Monterey Blvd & El Verano Way"}},{"type":"Feature","geometry":{"type":"Point","coordinates":[-122.45909,37.73069]},"properties":{"stop_id":"15431","stop_code":"15431","stop_name":"Monterey Blvd & Faxon Ave"}},{"type":"Feature","geometry":{"type":"Point","coordinates":[-122.44917,37.73161]},"properties":{"stop_id":"15432","stop_code":"15432","stop_name":"Monterey Blvd & Foerster St"}},{"type":"Feature","geometry":{"type":"Point","coordinates":[-122.44854,37.73148]},"properties":{"stop_id":"15433","stop_code":"15433","stop_name":"Monterey Blvd & Foerster St"}},{"type":"Feature","geometry":{"type":"Point","coordinates":[-122.45124,37.73147]},"properties":{"stop_id":"15434","stop_code":"15434","stop_name":"Monterey Blvd & Gennessee St"}},{"type":"Feature","geometry":{"type":"Point","coordinates":[-122.45145,37.73161]},"properties":{"stop_id":"15435","stop_code":"15435","stop_name":"Monterey Blvd & Gennessee St"}},{"type":"Feature","geometry":{"type":"Point","coordinates":[-122.46186,37.72997]},"properties":{"stop_id":"15436","stop_code":"15436","stop_name":"Monterey Blvd & Northgate Dr"}},{"type":"Feature","geometry":{"type":"Point","coordinates":[-122.45765,37.73087]},"properties":{"stop_id":"15438","stop_code":"15438","stop_name":"Monterey Blvd & Plymouth Ave"}},{"type":"Feature","geometry":{"type":"Point","coordinates":[-122.45732,37.73112]},"properties":{"stop_id":"15437","stop_code":"15437","stop_name":"Monterey Blvd & Plymouth Ave"}},{"type":"Feature","geometry":{"type":"Point","coordinates":[-122.45329,37.73161]},"properties":{"stop_id":"15439","stop_code":"15439","stop_name":"Monterey Blvd & Ridgewood Ave"}},{"type":"Feature","geometry":{"type":"Point","coordinates":[-122.45308,37.73147]},"properties":{"stop_id":"15440","stop_code":"15440","stop_name":"Monterey Blvd & Ridgewood Ave"}},{"type":"Feature","geometry":{"type":"Point","coordinates":[-122.46043,37.73055]},"properties":{"stop_id":"15441","stop_code":"15441","stop_name":"Monterey Blvd & Saint Elmo Waye"}},{"type":"Feature","geometry":{"type":"Point","coordinates":[-122.46455,37.73228]},"properties":{"stop_id":"15442","stop_code":"15442","stop_name":"Monterey Blvd & San Aleso Ave"}},{"type":"Feature","geometry":{"type":"Point","coordinates":[-122.4655,37.73315]},"properties":{"stop_id":"17425","stop_code":"17425","stop_name":"Monterey Blvd & San Anselmo Ave"}},{"type":"Feature","geometry":{"type":"Point","coordinates":[-122.46397,37.73203]},"properties":{"stop_id":"15443","stop_code":"15443","stop_name":"Monterey Blvd & San Jacinto Way"}},{"type":"Feature","geometry":{"type":"Point","coordinates":[-122.45583,37.73127]},"properties":{"stop_id":"15445","stop_code":"15445","stop_name":"Monterey Blvd & Valdez Ave"}},{"type":"Feature","geometry":{"type":"Point","coordinates":[-122.45565,37.73145]},"properties":{"stop_id":"15444","stop_code":"15444","stop_name":"Monterey Blvd & Valdez Ave"}},{"type":"Feature","geometry":{"type":"Point","coordinates":[-122.44621,37.71102]},"properties":{"stop_id":"17742","stop_code":"17742","stop_name":"Morse St & Lowell St"}},{"type":"Feature","geometry":{"type":"Point","coordinates":[-122.42529,37.72428]},"properties":{"stop_id":"17985","stop_code":"17985","stop_name":"Moscow St & Avalon Ave"}},{"type":"Feature","geometry":{"type":"Point","coordinates":[-122.42762,37.72136]},"properties":{"stop_id":"15698","stop_code":"15698","stop_name":"Moscow St & Brazil Ave"}},{"type":"Feature","geometry":{"type":"Point","coordinates":[-122.42762,37.72114]},"properties":{"stop_id":"17983","stop_code":"17983","stop_name":"Moscow St & Brazil St"}},{"type":"Feature","geometry":{"type":"Point","coordinates":[-122.42645,37.72272]},"properties":{"stop_id":"17984","stop_code":"17984","stop_name":"Moscow St & Excelsior Ave"}},{"type":"Feature","geometry":{"type":"Point","coordinates":[-122.42647,37.7229]},"properties":{"stop_id":"15699","stop_code":"15699","stop_name":"Moscow St & Excelsior Ave"}},{"type":"Feature","geometry":{"type":"Point","coordinates":[-122.43113,37.71669]},"properties":{"stop_id":"15700","stop_code":"15700","stop_name":"Moscow St & France Ave"}},{"type":"Feature","geometry":{"type":"Point","coordinates":[-122.43114,37.71648]},"properties":{"stop_id":"17981","stop_code":"17981","stop_name":"Moscow St & France Ave"}},{"type":"Feature","geometry":{"type":"Point","coordinates":[-122.43356,37.71323]},"properties":{"stop_id":"17979","stop_code":"17979","stop_name":"Moscow St & Geneva Ave"}},{"type":"Feature","geometry":{"type":"Point","coordinates":[-122.4323,37.71513]},"properties":{"stop_id":"15702","stop_code":"15702","stop_name":"Moscow St & Italy Ave"}},{"type":"Feature","geometry":{"type":"Point","coordinates":[-122.43231,37.71493]},"properties":{"stop_id":"17980","stop_code":"17980","stop_name":"Moscow St & Italy Ave"}},{"type":"Feature","geometry":{"type":"Point","coordinates":[-122.42876,37.71982]},"properties":{"stop_id":"15703","stop_code":"15703","stop_name":"Moscow St & Persia Ave"}},{"type":"Feature","geometry":{"type":"Point","coordinates":[-122.42996,37.71804]},"properties":{"stop_id":"17982","stop_code":"17982","stop_name":"Moscow St & Russia Ave"}},{"type":"Feature","geometry":{"type":"Point","coordinates":[-122.45177,37.71969]},"properties":{"stop_id":"15446","stop_code":"15446","stop_name":"Mt Vernon Ave & Howth St"}},{"type":"Feature","geometry":{"type":"Point","coordinates":[-122.45094,37.71937]},"properties":{"stop_id":"15447","stop_code":"15447","stop_name":"Mt Vernon Ave & Louisburg St"}},{"type":"Feature","geometry":{"type":"Point","coordinates":[-122.43543,37.71094]},"properties":{"stop_id":"15630","stop_code":"15630","stop_name":"Munich St & Cordova Ave"}},{"type":"Feature","geometry":{"type":"Point","coordinates":[-122.43295,37.71293]},"properties":{"stop_id":"15631","stop_code":"15631","stop_name":"Munich St & Geneva Ave"}},{"type":"Feature","geometry":{"type":"Point","coordinates":[-122.43824,37.71115]},"properties":{"stop_id":"15632","stop_code":"15632","stop_name":"Munich St & Naples St"}},{"type":"Feature","geometry":{"type":"Point","coordinates":[-122.45379,37.73671]},"properties":{"stop_id":"15452","stop_code":"15452","stop_name":"Myra Way & Dalewood Way"}},{"type":"Feature","geometry":{"type":"Point","coordinates":[-122.45173,37.73773]},"properties":{"stop_id":"15454","stop_code":"15454","stop_name":"Myra Way & Molimo Dr"}},{"type":"Feature","geometry":{"type":"Point","coordinates":[-122.45149,37.73782]},"properties":{"stop_id":"15453","stop_code":"15453","stop_name":"Myra Way & Molimo Dr"}},{"type":"Feature","geometry":{"type":"Point","coordinates":[-122.45036,37.73924]},"properties":{"stop_id":"15455","stop_code":"15455","stop_name":"Myra Way & Omar Way"}},{"type":"Feature","geometry":{"type":"Point","coordinates":[-122.45053,37.73923]},"properties":{"stop_id":"15456","stop_code":"15456","stop_name":"Myra Way & Omar Way"}},{"type":"Feature","geometry":{"type":"Point","coordinates":[-122.45054,37.74004]},"properties":{"stop_id":"17307","stop_code":"17307","stop_name":"Myra Way & Reposa Way"}},{"type":"Feature","geometry":{"type":"Point","coordinates":[-122.43735,37.71246]},"properties":{"stop_id":"15474","stop_code":"15474","stop_name":"Naples St & Athens St"}},{"type":"Feature","geometry":{"type":"Point","coordinates":[-122.43002,37.72251]},"properties":{"stop_id":"15476","stop_code":"15476","stop_name":"Naples St & Brazil Ave"}},{"type":"Feature","geometry":{"type":"Point","coordinates":[-122.43799,37.7118]},"properties":{"stop_id":"15475","stop_code":"15475","stop_name":"Naples St & Brunswick St"}},{"type":"Feature","geometry":{"type":"Point","coordinates":[-122.4385,37.71108]},"properties":{"stop_id":"15477","stop_code":"15477","stop_name":"Naples St & Curtis St"}},{"type":"Feature","geometry":{"type":"Point","coordinates":[-122.43663,37.71346]},"properties":{"stop_id":"15482","stop_code":"15482","stop_name":"Naples St & Rolph St"}},{"type":"Feature","geometry":{"type":"Point","coordinates":[-122.43668,37.71364]},"properties":{"stop_id":"15483","stop_code":"15483","stop_name":"Naples St & Rolph St"}},{"type":"Feature","geometry":{"type":"Point","coordinates":[-122.4379,37.71167]},"properties":{"stop_id":"15485","stop_code":"15485","stop_name":"Naples St & Seville St"}},{"type":"Feature","geometry":{"type":"Point","coordinates":[-122.41141,37.73992]},"properties":{"stop_id":"15770","stop_code":"15770","stop_name":"Nevada St & Cortland Ave"}},{"type":"Feature","geometry":{"type":"Point","coordinates":[-122.41131,37.74007]},"properties":{"stop_id":"15769","stop_code":"15769","stop_name":"Nevada St & Cortland Ave"}},{"type":"Feature","geometry":{"type":"Point","coordinates":[-122.38598,37.73315]},"properties":{"stop_id":"15486","stop_code":"15486","stop_name":"Newcomb Ave & Keith St"}},{"type":"Feature","geometry":{"type":"Point","coordinates":[-122.38605,37.733]},"properties":{"stop_id":"15487","stop_code":"15487","stop_name":"Newcomb Ave & Keith St"}},{"type":"Feature","geometry":{"type":"Point","coordinates":[-122.38486,37.73304]},"properties":{"stop_id":"15488","stop_code":"15488","stop_name":"Newcomb Ave & La Salle Ave"}},{"type":"Feature","geometry":{"type":"Point","coordinates":[-122.38505,37.7332]},"properties":{"stop_id":"15489","stop_code":"15489","stop_name":"Newcomb Ave & La Salle Ave"}},{"type":"Feature","geometry":{"type":"Point","coordinates":[-122.39152,37.7363]},"properties":{"stop_id":"15490","stop_code":"15490","stop_name":"Newcomb Ave & Newhall St"}},{"type":"Feature","geometry":{"type":"Point","coordinates":[-122.38715,37.74141]},"properties":{"stop_id":"17428","stop_code":"17428","stop_name":"Newhall St & Fairfax Ave"}},{"type":"Feature","geometry":{"type":"Point","coordinates":[-122.3884,37.73997]},"properties":{"stop_id":"17772","stop_code":"17772","stop_name":"Newhall St & Hudson"}},{"type":"Feature","geometry":{"type":"Point","coordinates":[-122.39217,37.7358]},"properties":{"stop_id":"15491","stop_code":"15491","stop_name":"Newhall St & Oakdale Ave"}},{"type":"Feature","geometry":{"type":"Point","coordinates":[-122.43161,37.74961]},"properties":{"stop_id":"18167","stop_code":"18167","stop_name":"Noe St & 25th St"}},{"type":"Feature","geometry":{"type":"Point","coordinates":[-122.43132,37.74654]},"properties":{"stop_id":"15733","stop_code":"15733","stop_name":"Noe St & 27th St"}},{"type":"Feature","geometry":{"type":"Point","coordinates":[-122.43148,37.74668]},"properties":{"stop_id":"15732","stop_code":"15732","stop_name":"Noe St & 27th St"}},{"type":"Feature","geometry":{"type":"Point","coordinates":[-122.43134,37.74519]},"properties":{"stop_id":"15734","stop_code":"15734","stop_name":"Noe St & 28th St"}},{"type":"Feature","geometry":{"type":"Point","coordinates":[-122.43117,37.74493]},"properties":{"stop_id":"15735","stop_code":"15735","stop_name":"Noe St & 28th St"}},{"type":"Feature","geometry":{"type":"Point","coordinates":[-122.43104,37.7433]},"properties":{"stop_id":"15737","stop_code":"15737","stop_name":"Noe St & 29th St"}},{"type":"Feature","geometry":{"type":"Point","coordinates":[-122.43118,37.74331]},"properties":{"stop_id":"15736","stop_code":"15736","stop_name":"Noe St & 29th St"}},{"type":"Feature","geometry":{"type":"Point","coordinates":[-122.43101,37.74201]},"properties":{"stop_id":"15738","stop_code":"15738","stop_name":"Noe St & 30th St"}},{"type":"Feature","geometry":{"type":"Point","coordinates":[-122.47312,37.75526]},"properties":{"stop_id":"15739","stop_code":"15739","stop_name":"Noriega St & 16th Ave"}},{"type":"Feature","geometry":{"type":"Point","coordinates":[-122.48277,37.75404]},"properties":{"stop_id":"15741","stop_code":"15741","stop_name":"Noriega St & 24th Ave"}},{"type":"Feature","geometry":{"type":"Point","coordinates":[-122.48301,37.75388]},"properties":{"stop_id":"15742","stop_code":"15742","stop_name":"Noriega St & 25th Ave"}},{"type":"Feature","geometry":{"type":"Point","coordinates":[-122.48517,37.75378]},"properties":{"stop_id":"15744","stop_code":"15744","stop_name":"Noriega St & 27th Ave"}},{"type":"Feature","geometry":{"type":"Point","coordinates":[-122.48599,37.7539]},"properties":{"stop_id":"15745","stop_code":"15745","stop_name":"Noriega St & 28th Ave"}},{"type":"Feature","geometry":{"type":"Point","coordinates":[-122.48731,37.75369]},"properties":{"stop_id":"15746","stop_code":"15746","stop_name":"Noriega St & 29th Ave"}},{"type":"Feature","geometry":{"type":"Point","coordinates":[-122.4892,37.75375]},"properties":{"stop_id":"15747","stop_code":"15747","stop_name":"Noriega St & 30th Ave"}},{"type":"Feature","geometry":{"type":"Point","coordinates":[-122.48945,37.75359]},"properties":{"stop_id":"15748","stop_code":"15748","stop_name":"Noriega St & 31st Ave"}},{"type":"Feature","geometry":{"type":"Point","coordinates":[-122.49243,37.75362]},"properties":{"stop_id":"15751","stop_code":"15751","stop_name":"Noriega St & 34th Ave"}},{"type":"Feature","geometry":{"type":"Point","coordinates":[-122.49265,37.75346]},"properties":{"stop_id":"15752","stop_code":"15752","stop_name":"Noriega St & 34th Ave"}},{"type":"Feature","geometry":{"type":"Point","coordinates":[-122.49672,37.75343]},"properties":{"stop_id":"15753","stop_code":"15753","stop_name":"Noriega St & 38th Ave"}},{"type":"Feature","geometry":{"type":"Point","coordinates":[-122.49801,37.75321]},"properties":{"stop_id":"15754","stop_code":"15754","stop_name":"Noriega St & 39th Ave"}},{"type":"Feature","geometry":{"type":"Point","coordinates":[-122.49885,37.75333]},"properties":{"stop_id":"15755","stop_code":"15755","stop_name":"Noriega St & 40th Ave"}},{"type":"Feature","geometry":{"type":"Point","coordinates":[-122.50017,37.75312]},"properties":{"stop_id":"15756","stop_code":"15756","stop_name":"Noriega St & 41st Ave"}},{"type":"Feature","geometry":{"type":"Point","coordinates":[-122.501,37.75324]},"properties":{"stop_id":"15757","stop_code":"15757","stop_name":"Noriega St & 42nd Ave"}},{"type":"Feature","geometry":{"type":"Point","coordinates":[-122.50231,37.75303]},"properties":{"stop_id":"15758","stop_code":"15758","stop_name":"Noriega St & 43rd Ave"}},{"type":"Feature","geometry":{"type":"Point","coordinates":[-122.50309,37.75316]},"properties":{"stop_id":"15759","stop_code":"15759","stop_name":"Noriega St & 44th Ave"}},{"type":"Feature","geometry":{"type":"Point","coordinates":[-122.50557,37.75289]},"properties":{"stop_id":"15762","stop_code":"15762","stop_name":"Noriega St & 46th Ave"}},{"type":"Feature","geometry":{"type":"Point","coordinates":[-122.50571,37.75303]},"properties":{"stop_id":"15761","stop_code":"15761","stop_name":"Noriega St & 46th Ave"}},{"type":"Feature","geometry":{"type":"Point","coordinates":[-122.50785,37.75293]},"properties":{"stop_id":"15763","stop_code":"15763","stop_name":"Noriega St & 48th Ave"}},{"type":"Feature","geometry":{"type":"Point","coordinates":[-122.49527,37.75339]},"properties":{"stop_id":"15765","stop_code":"15765","stop_name":"Noriega St & Sunset Blvd"}},{"type":"Feature","geometry":{"type":"Point","coordinates":[-122.49506,37.75349]},"properties":{"stop_id":"15764","stop_code":"15764","stop_name":"Noriega St & Sunset Blvd"}},{"type":"Feature","geometry":{"type":"Point","coordinates":[-122.42023,37.8058]},"properties":{"stop_id":"15458","stop_code":"15458","stop_name":"North Point St & Hyde St"}},{"type":"Feature","geometry":{"type":"Point","coordinates":[-122.42047,37.80563]},"properties":{"stop_id":"15459","stop_code":"15459","stop_name":"North Point St & Hyde St"}},{"type":"Feature","geometry":{"type":"Point","coordinates":[-122.41741,37.80617]},"properties":{"stop_id":"15460","stop_code":"15460","stop_name":"North Point St & Jones St"}},{"type":"Feature","geometry":{"type":"Point","coordinates":[-122.41718,37.80605]},"properties":{"stop_id":"15461","stop_code":"15461","stop_name":"North Point St & Jones St"}},{"type":"Feature","geometry":{"type":"Point","coordinates":[-122.4079,37.80735]},"properties":{"stop_id":"15462","stop_code":"15462","stop_name":"North Point St & Kearny St"}},{"type":"Feature","geometry":{"type":"Point","coordinates":[-122.42211,37.80541]},"properties":{"stop_id":"15465","stop_code":"15465","stop_name":"North Point St & Larkin St"}},{"type":"Feature","geometry":{"type":"Point","coordinates":[-122.42189,37.80559]},"properties":{"stop_id":"15464","stop_code":"15464","stop_name":"North Point St & Larkin St"}},{"type":"Feature","geometry":{"type":"Point","coordinates":[-122.41346,37.80652]},"properties":{"stop_id":"15467","stop_code":"15467","stop_name":"North Point St & Mason St"}},{"type":"Feature","geometry":{"type":"Point","coordinates":[-122.41424,37.80656]},"properties":{"stop_id":"15466","stop_code":"15466","stop_name":"North Point St & Mason St"}},{"type":"Feature","geometry":{"type":"Point","coordinates":[-122.42399,37.80531]},"properties":{"stop_id":"15468","stop_code":"15468","stop_name":"North Point St & Polk St"}},{"type":"Feature","geometry":{"type":"Point","coordinates":[-122.42349,37.80524]},"properties":{"stop_id":"15469","stop_code":"15469","stop_name":"North Point St & Polk St"}},{"type":"Feature","geometry":{"type":"Point","coordinates":[-122.41059,37.80688]},"properties":{"stop_id":"15471","stop_code":"15471","stop_name":"North Point St & Stockton St"}},{"type":"Feature","geometry":{"type":"Point","coordinates":[-122.41038,37.80704]},"properties":{"stop_id":"15470","stop_code":"15470","stop_name":"North Point St & Stockton St"}},{"type":"Feature","geometry":{"type":"Point","coordinates":[-122.42495,37.80504]},"properties":{"stop_id":"15472","stop_code":"15472","stop_name":"North Point St & Van Ness Ave"}},{"type":"Feature","geometry":{"type":"Point","coordinates":[-122.37448,37.73025]},"properties":{"stop_id":"15766","stop_code":"15766","stop_name":"Northridge Rd & Dormitory Rd"}},{"type":"Feature","geometry":{"type":"Point","coordinates":[-122.37701,37.73098]},"properties":{"stop_id":"15767","stop_code":"15767","stop_name":"Northridge Rd & Harbor Rd"}},{"type":"Feature","geometry":{"type":"Point","coordinates":[-122.37896,37.73163]},"properties":{"stop_id":"15768","stop_code":"15768","stop_name":"Northridge Rd & Ingalls St"}},{"type":"Feature","geometry":{"type":"Point","coordinates":[-122.38137,37.72938]},"properties":{"stop_id":"15775","stop_code":"15775","stop_name":"Oakdale Ave & Baldwin Ct"}},{"type":"Feature","geometry":{"type":"Point","coordinates":[-122.40334,37.74189]},"properties":{"stop_id":"15774","stop_code":"15774","stop_name":"Oakdale Ave & Barneveld Ave"}},{"type":"Feature","geometry":{"type":"Point","coordinates":[-122.37932,37.72822]},"properties":{"stop_id":"15776","stop_code":"15776","stop_name":"Oakdale Ave & Griffith St"}},{"type":"Feature","geometry":{"type":"Point","coordinates":[-122.38268,37.73015]},"properties":{"stop_id":"15777","stop_code":"15777","stop_name":"Oakdale Ave & Ingalls St"}},{"type":"Feature","geometry":{"type":"Point","coordinates":[-122.40417,37.74253]},"properties":{"stop_id":"17032","stop_code":"17032","stop_name":"Oakdale Ave & Loomis St"}},{"type":"Feature","geometry":{"type":"Point","coordinates":[-122.40142,37.74097]},"properties":{"stop_id":"18003","stop_code":"18003","stop_name":"Oakdale Ave & Toland St"}},{"type":"Feature","geometry":{"type":"Point","coordinates":[-122.40162,37.74097]},"properties":{"stop_id":"18013","stop_code":"18013","stop_name":"Oakdale Ave & Toland St"}},{"type":"Feature","geometry":{"type":"Point","coordinates":[-122.45541,37.7553]},"properties":{"stop_id":"15820","stop_code":"15820","stop_name":"Oakpark Dr & Forest Knolls Dr"}},{"type":"Feature","geometry":{"type":"Point","coordinates":[-122.46787,37.72838]},"properties":{"stop_id":"15780","stop_code":"15780","stop_name":"Ocean Ave & Aptos Ave"}},{"type":"Feature","geometry":{"type":"Point","coordinates":[-122.46756,37.72828]},"properties":{"stop_id":"15779","stop_code":"15779","stop_name":"Ocean Ave & Aptos Ave"}},{"type":"Feature","geometry":{"type":"Point","coordinates":[-122.44749,37.72294]},"properties":{"stop_id":"15781","stop_code":"15781","stop_name":"Ocean Ave/Balboa Park BART Station"}},{"type":"Feature","geometry":{"type":"Point","coordinates":[-122.43867,37.72367]},"properties":{"stop_id":"15782","stop_code":"15782","stop_name":"Ocean Ave & Cayuga Ave"}},{"type":"Feature","geometry":{"type":"Point","coordinates":[-122.43853,37.72357]},"properties":{"stop_id":"15783","stop_code":"15783","stop_name":"Ocean Ave & Cayuga Ave"}},{"type":"Feature","geometry":{"type":"Point","coordinates":[-122.45087,37.72295]},"properties":{"stop_id":"15785","stop_code":"15785","stop_name":"Ocean Ave/Ccsf Pedestrian Bridge"}},{"type":"Feature","geometry":{"type":"Point","coordinates":[-122.45145,37.72304]},"properties":{"stop_id":"15784","stop_code":"15784","stop_name":"Ocean Ave/Ccsf Pedestrian Bridge"}},{"type":"Feature","geometry":{"type":"Point","coordinates":[-122.46106,37.72496]},"properties":{"stop_id":"15787","stop_code":"15787","stop_name":"Ocean Ave & Dorado Ter"}},{"type":"Feature","geometry":{"type":"Point","coordinates":[-122.46407,37.72601]},"properties":{"stop_id":"15788","stop_code":"15788","stop_name":"Ocean Ave & Fairfield Way"}},{"type":"Feature","geometry":{"type":"Point","coordinates":[-122.45245,37.72303]},"properties":{"stop_id":"17036","stop_code":"17036","stop_name":"Ocean Ave & Geneva Ave"}},{"type":"Feature","geometry":{"type":"Point","coordinates":[-122.45213,37.72312]},"properties":{"stop_id":"18014","stop_code":"18014","stop_name":"Ocean Ave & Geneva Ave"}},{"type":"Feature","geometry":{"type":"Point","coordinates":[-122.44929,37.72286]},"properties":{"stop_id":"15791","stop_code":"15791","stop_name":"Ocean Ave & Howth St"}},{"type":"Feature","geometry":{"type":"Point","coordinates":[-122.44978,37.72302]},"properties":{"stop_id":"15790","stop_code":"15790","stop_name":"Ocean Ave & Howth St"}},{"type":"Feature","geometry":{"type":"Point","coordinates":[-122.44693,37.72303]},"properties":{"stop_id":"17804","stop_code":"17804","stop_name":"Ocean Ave & I-280 On Ramp"}},{"type":"Feature","geometry":{"type":"Point","coordinates":[-122.46139,37.72496]},"properties":{"stop_id":"15793","stop_code":"15793","stop_name":"Ocean Ave & Jules Ave"}},{"type":"Feature","geometry":{"type":"Point","coordinates":[-122.47169,37.73095]},"properties":{"stop_id":"15792","stop_code":"15792","stop_name":"Ocean Ave & Junipero Serra Blvd"}},{"type":"Feature","geometry":{"type":"Point","coordinates":[-122.45428,37.7234]},"properties":{"stop_id":"17327","stop_code":"17327","stop_name":"Ocean Ave & Lee Ave"}},{"type":"Feature","geometry":{"type":"Point","coordinates":[-122.454,37.72346]},"properties":{"stop_id":"15794","stop_code":"15794","stop_name":"Ocean Ave & Lee St"}},{"type":"Feature","geometry":{"type":"Point","coordinates":[-122.45442,37.7234]},"properties":{"stop_id":"15795","stop_code":"15795","stop_name":"Ocean Ave & Lee St"}},{"type":"Feature","geometry":{"type":"Point","coordinates":[-122.45831,37.72426]},"properties":{"stop_id":"15798","stop_code":"15798","stop_name":"Ocean Ave & Miramar Ave"}},{"type":"Feature","geometry":{"type":"Point","coordinates":[-122.45808,37.72439]},"properties":{"stop_id":"15797","stop_code":"15797","stop_name":"Ocean Ave & Miramar Ave"}},{"type":"Feature","geometry":{"type":"Point","coordinates":[-122.43614,37.72389]},"properties":{"stop_id":"15796","stop_code":"15796","stop_name":"Ocean Ave & Mission St"}},{"type":"Feature","geometry":{"type":"Point","coordinates":[-122.44082,37.72343]},"properties":{"stop_id":"17638","stop_code":"17638","stop_name":"Ocean Ave & Otsego Ave"}},{"type":"Feature","geometry":{"type":"Point","coordinates":[-122.44124,37.72326]},"properties":{"stop_id":"15800","stop_code":"15800","stop_name":"Ocean Ave & Otsego Ave"}},{"type":"Feature","geometry":{"type":"Point","coordinates":[-122.43589,37.72382]},"properties":{"stop_id":"15801","stop_code":"15801","stop_name":"Ocean Ave & Persia Ave"}},{"type":"Feature","geometry":{"type":"Point","coordinates":[-122.44495,37.723]},"properties":{"stop_id":"15804","stop_code":"15804","stop_name":"Ocean Ave & San Jose Ave"}},{"type":"Feature","geometry":{"type":"Point","coordinates":[-122.4444,37.7229]},"properties":{"stop_id":"15805","stop_code":"15805","stop_name":"Ocean Ave & San Jose St"}},{"type":"Feature","geometry":{"type":"Point","coordinates":[-122.4691,37.72999]},"properties":{"stop_id":"15806","stop_code":"15806","stop_name":"Ocean Ave & San Leandro Way"}},{"type":"Feature","geometry":{"type":"Point","coordinates":[-122.46948,37.72995]},"properties":{"stop_id":"15807","stop_code":"15807","stop_name":"Ocean Ave & San Leandro Way"}},{"type":"Feature","geometry":{"type":"Point","coordinates":[-122.46434,37.72603]},"properties":{"stop_id":"15808","stop_code":"15808","stop_name":"Ocean Ave & Victoria St"}},{"type":"Feature","geometry":{"type":"Point","coordinates":[-122.40563,37.78664]},"properties":{"stop_id":"15810","stop_code":"15810","stop_name":"O'Farrell St & Grant Ave"}},{"type":"Feature","geometry":{"type":"Point","coordinates":[-122.4177,37.78514]},"properties":{"stop_id":"15813","stop_code":"15813","stop_name":"O'Farrell St & Larkin St"}},{"type":"Feature","geometry":{"type":"Point","coordinates":[-122.41445,37.78554]},"properties":{"stop_id":"15814","stop_code":"15814","stop_name":"O'Farrell St & Leavenworth St"}},{"type":"Feature","geometry":{"type":"Point","coordinates":[-122.40814,37.78632]},"properties":{"stop_id":"15817","stop_code":"15817","stop_name":"O'Farrell St & Powell St"}},{"type":"Feature","geometry":{"type":"Point","coordinates":[-122.41198,37.78585]},"properties":{"stop_id":"17301","stop_code":"17301","stop_name":"O'Farrell St & Taylor St"}},{"type":"Feature","geometry":{"type":"Point","coordinates":[-122.42141,37.78466]},"properties":{"stop_id":"15818","stop_code":"15818","stop_name":"O'Farrell St & Van Ness Ave"}},{"type":"Feature","geometry":{"type":"Point","coordinates":[-122.45622,37.75149]},"properties":{"stop_id":"15821","stop_code":"15821","stop_name":"Olympia Way & Clarendon Ave"}},{"type":"Feature","geometry":{"type":"Point","coordinates":[-122.45307,37.75128]},"properties":{"stop_id":"15823","stop_code":"15823","stop_name":"Olympia Way & Dellbrook Ave"}},{"type":"Feature","geometry":{"type":"Point","coordinates":[-122.45439,37.75134]},"properties":{"stop_id":"15822","stop_code":"15822","stop_name":"Olympia Way & Dellbrook Ave"}},{"type":"Feature","geometry":{"type":"Point","coordinates":[-122.45227,37.7513]},"properties":{"stop_id":"15824","stop_code":"15824","stop_name":"Olympia Way & Panorama Dr"}},{"type":"Feature","geometry":{"type":"Point","coordinates":[-122.46259,37.71333]},"properties":{"stop_id":"15825","stop_code":"15825","stop_name":"Orizaba Ave & Broad St"}},{"type":"Feature","geometry":{"type":"Point","coordinates":[-122.46648,37.75288]},"properties":{"stop_id":"15827","stop_code":"15827","stop_name":"Ortega St & 10th Ave"}},{"type":"Feature","geometry":{"type":"Point","coordinates":[-122.5075,37.75098]},"properties":{"stop_id":"15828","stop_code":"15828","stop_name":"Ortega St & 48th Ave"}},{"type":"Feature","geometry":{"type":"Point","coordinates":[-122.46563,37.75278]},"properties":{"stop_id":"15826","stop_code":"15826","stop_name":"Ortega St & 9th Ave"}},{"type":"Feature","geometry":{"type":"Point","coordinates":[-122.44603,37.74139]},"properties":{"stop_id":"15830","stop_code":"15830","stop_name":"O'Shaughnessy Blvd & Del Vale Ave"}},{"type":"Feature","geometry":{"type":"Point","coordinates":[-122.44597,37.74108]},"properties":{"stop_id":"15831","stop_code":"15831","stop_name":"O'Shaughnessy Blvd & Del Vale Ave"}},{"type":"Feature","geometry":{"type":"Point","coordinates":[-122.44378,37.73648]},"properties":{"stop_id":"15833","stop_code":"15833","stop_name":"O'Shaughnessy Blvd & Malta Dr"}},{"type":"Feature","geometry":{"type":"Point","coordinates":[-122.4433,37.73661]},"properties":{"stop_id":"15832","stop_code":"15832","stop_name":"O'Shaughnessy Blvd & Malta Dr"}},{"type":"Feature","geometry":{"type":"Point","coordinates":[-122.45131,37.745]},"properties":{"stop_id":"15834","stop_code":"15834","stop_name":"O'Shaughnessy Blvd & Portola Dr"}},{"type":"Feature","geometry":{"type":"Point","coordinates":[-122.45068,37.74448]},"properties":{"stop_id":"15829","stop_code":"15829","stop_name":"O'Shaughnessy Blvd - Sf School Of The Arts"}},{"type":"Feature","geometry":{"type":"Point","coordinates":[-122.42037,37.7716]},"properties":{"stop_id":"17870","stop_code":"17870","stop_name":"Otis & Mccoppin St"}},{"type":"Feature","geometry":{"type":"Point","coordinates":[-122.41917,37.77281]},"properties":{"stop_id":"15836","stop_code":"15836","stop_name":"Otis St & 12th St"}},{"type":"Feature","geometry":{"type":"Point","coordinates":[-122.40673,37.79698]},"properties":{"stop_id":"15837","stop_code":"15837","stop_name":"Pacific Ave & Grant Ave"}},{"type":"Feature","geometry":{"type":"Point","coordinates":[-122.4184,37.79538]},"properties":{"stop_id":"15839","stop_code":"15839","stop_name":"Pacific Ave & Hyde St"}},{"type":"Feature","geometry":{"type":"Point","coordinates":[-122.4182,37.79555]},"properties":{"stop_id":"15838","stop_code":"15838","stop_name":"Pacific Ave & Hyde St"}},{"type":"Feature","geometry":{"type":"Point","coordinates":[-122.41491,37.79596]},"properties":{"stop_id":"15840","stop_code":"15840","stop_name":"Pacific Ave & Jones St"}},{"type":"Feature","geometry":{"type":"Point","coordinates":[-122.4151,37.79579]},"properties":{"stop_id":"15841","stop_code":"15841","stop_name":"Pacific Ave & Jones St"}},{"type":"Feature","geometry":{"type":"Point","coordinates":[-122.40522,37.79717]},"properties":{"stop_id":"15842","stop_code":"15842","stop_name":"Pacific Ave & Kearny St"}},{"type":"Feature","geometry":{"type":"Point","coordinates":[-122.42003,37.79515]},"properties":{"stop_id":"15844","stop_code":"15844","stop_name":"Pacific Ave & Larkin St"}},{"type":"Feature","geometry":{"type":"Point","coordinates":[-122.41986,37.79533]},"properties":{"stop_id":"15843","stop_code":"15843","stop_name":"Pacific Ave & Larkin St"}},{"type":"Feature","geometry":{"type":"Point","coordinates":[-122.41655,37.79575]},"properties":{"stop_id":"15845","stop_code":"15845","stop_name":"Pacific Ave & Leavenworth St"}},{"type":"Feature","geometry":{"type":"Point","coordinates":[-122.41674,37.79559]},"properties":{"stop_id":"15846","stop_code":"15846","stop_name":"Pacific Ave & Leavenworth St"}},{"type":"Feature","geometry":{"type":"Point","coordinates":[-122.41181,37.79621]},"properties":{"stop_id":"15848","stop_code":"15848","stop_name":"Pacific Ave & Mason St"}},{"type":"Feature","geometry":{"type":"Point","coordinates":[-122.41162,37.79638]},"properties":{"stop_id":"15847","stop_code":"15847","stop_name":"Pacific Ave & Mason St"}},{"type":"Feature","geometry":{"type":"Point","coordinates":[-122.40358,37.79739]},"properties":{"stop_id":"15849","stop_code":"15849","stop_name":"Pacific Ave & Montgomery St"}},{"type":"Feature","geometry":{"type":"Point","coordinates":[-122.42125,37.795]},"properties":{"stop_id":"15851","stop_code":"15851","stop_name":"Pacific Ave & Polk St"}},{"type":"Feature","geometry":{"type":"Point","coordinates":[-122.42148,37.79511]},"properties":{"stop_id":"15850","stop_code":"15850","stop_name":"Pacific Ave & Polk St"}},{"type":"Feature","geometry":{"type":"Point","coordinates":[-122.40999,37.79656]},"properties":{"stop_id":"15852","stop_code":"15852","stop_name":"Pacific Ave & Powell St"}},{"type":"Feature","geometry":{"type":"Point","coordinates":[-122.40937,37.79662]},"properties":{"stop_id":"18118","stop_code":"18118","stop_name":"Pacific Ave & Powell St"}},{"type":"Feature","geometry":{"type":"Point","coordinates":[-122.41017,37.79641]},"properties":{"stop_id":"15853","stop_code":"15853","stop_name":"Pacific Ave & Powell St"}},{"type":"Feature","geometry":{"type":"Point","coordinates":[-122.40237,37.79754]},"properties":{"stop_id":"15854","stop_code":"15854","stop_name":"Pacific Ave & Sansome St"}},{"type":"Feature","geometry":{"type":"Point","coordinates":[-122.40858,37.79673]},"properties":{"stop_id":"17737","stop_code":"17737","stop_name":"Pacific Ave & Stockton St"}},{"type":"Feature","geometry":{"type":"Point","coordinates":[-122.41347,37.79599]},"properties":{"stop_id":"15857","stop_code":"15857","stop_name":"Pacific Ave & Taylor St"}},{"type":"Feature","geometry":{"type":"Point","coordinates":[-122.41327,37.79617]},"properties":{"stop_id":"15856","stop_code":"15856","stop_name":"Pacific Ave & Taylor St"}},{"type":"Feature","geometry":{"type":"Point","coordinates":[-122.42347,37.79474]},"properties":{"stop_id":"17919","stop_code":"17919","stop_name":"Pacific Ave & Van Ness Ave"}},{"type":"Feature","geometry":{"type":"Point","coordinates":[-122.4229,37.79478]},"properties":{"stop_id":"15859","stop_code":"15859","stop_name":"Pacific Ave & Van Ness Ave"}},{"type":"Feature","geometry":{"type":"Point","coordinates":[-122.39083,37.73402]},"properties":{"stop_id":"15863","stop_code":"15863","stop_name":"Palou Ave & 3rd St"}},{"type":"Feature","geometry":{"type":"Point","coordinates":[-122.39086,37.73385]},"properties":{"stop_id":"15864","stop_code":"15864","stop_name":"Palou Ave & 3rd St"}},{"type":"Feature","geometry":{"type":"Point","coordinates":[-122.38019,37.72798]},"properties":{"stop_id":"15865","stop_code":"15865","stop_name":"Palou Ave & Crisp Rd"}},{"type":"Feature","geometry":{"type":"Point","coordinates":[-122.38142,37.72868]},"properties":{"stop_id":"15866","stop_code":"15866","stop_name":"Palou Ave & Hawes St"}},{"type":"Feature","geometry":{"type":"Point","coordinates":[-122.40055,37.73953]},"properties":{"stop_id":"15867","stop_code":"15867","stop_name":"Palou Ave & Industrial St"}},{"type":"Feature","geometry":{"type":"Point","coordinates":[-122.38358,37.72973]},"properties":{"stop_id":"15869","stop_code":"15869","stop_name":"Palou Ave & Ingalls St"}},{"type":"Feature","geometry":{"type":"Point","coordinates":[-122.38273,37.72942]},"properties":{"stop_id":"15868","stop_code":"15868","stop_name":"Palou Ave & Ingalls St"}},{"type":"Feature","geometry":{"type":"Point","coordinates":[-122.38515,37.7308]},"properties":{"stop_id":"15870","stop_code":"15870","stop_name":"Palou Ave & Jennings St"}},{"type":"Feature","geometry":{"type":"Point","coordinates":[-122.38542,37.73082]},"properties":{"stop_id":"15871","stop_code":"15871","stop_name":"Palou Ave & Jennings St"}},{"type":"Feature","geometry":{"type":"Point","coordinates":[-122.38705,37.73186]},"properties":{"stop_id":"15872","stop_code":"15872","stop_name":"Palou Ave & Keith St"}},{"type":"Feature","geometry":{"type":"Point","coordinates":[-122.38737,37.73206]},"properties":{"stop_id":"15873","stop_code":"15873","stop_name":"Palou Ave & Keith St"}},{"type":"Feature","geometry":{"type":"Point","coordinates":[-122.38731,37.73185]},"properties":{"stop_id":"15874","stop_code":"15874","stop_name":"Palou Ave & Keith St"}},{"type":"Feature","geometry":{"type":"Point","coordinates":[-122.38918,37.73291]},"properties":{"stop_id":"15876","stop_code":"15876","stop_name":"Palou Ave & Lane St"}},{"type":"Feature","geometry":{"type":"Point","coordinates":[-122.38889,37.73292]},"properties":{"stop_id":"15875","stop_code":"15875","stop_name":"Palou Ave & Lane St"}},{"type":"Feature","geometry":{"type":"Point","coordinates":[-122.39289,37.73516]},"properties":{"stop_id":"17756","stop_code":"17756","stop_name":"Palou Ave & Newhall St"}},{"type":"Feature","geometry":{"type":"Point","coordinates":[-122.39266,37.73503]},"properties":{"stop_id":"15878","stop_code":"15878","stop_name":"Palou Ave & Newhall St"}},{"type":"Feature","geometry":{"type":"Point","coordinates":[-122.39292,37.73503]},"properties":{"stop_id":"15877","stop_code":"15877","stop_name":"Palou Ave & Newhall St"}},{"type":"Feature","geometry":{"type":"Point","coordinates":[-122.39454,37.7361]},"properties":{"stop_id":"15879","stop_code":"15879","stop_name":"Palou Ave & Phelps St"}},{"type":"Feature","geometry":{"type":"Point","coordinates":[-122.39481,37.7361]},"properties":{"stop_id":"15880","stop_code":"15880","stop_name":"Palou Ave & Phelps St"}},{"type":"Feature","geometry":{"type":"Point","coordinates":[-122.39672,37.73722]},"properties":{"stop_id":"15882","stop_code":"15882","stop_name":"Palou Ave & Quint St"}},{"type":"Feature","geometry":{"type":"Point","coordinates":[-122.39637,37.73716]},"properties":{"stop_id":"15881","stop_code":"15881","stop_name":"Palou Ave & Quint St"}},{"type":"Feature","geometry":{"type":"Point","coordinates":[-122.39824,37.73821]},"properties":{"stop_id":"15883","stop_code":"15883","stop_name":"Palou Ave & Rankin St"}},{"type":"Feature","geometry":{"type":"Point","coordinates":[-122.39853,37.73825]},"properties":{"stop_id":"15884","stop_code":"15884","stop_name":"Palou Ave & Rankin St"}},{"type":"Feature","geometry":{"type":"Point","coordinates":[-122.45263,37.75346]},"properties":{"stop_id":"15981","stop_code":"15981","stop_name":"Panorama Dr & Dellbrook Ave"}},{"type":"Feature","geometry":{"type":"Point","coordinates":[-122.45203,37.74926]},"properties":{"stop_id":"15982","stop_code":"15982","stop_name":"Panorama Dr & Starview Way"}},{"type":"Feature","geometry":{"type":"Point","coordinates":[-122.47214,37.77648]},"properties":{"stop_id":"15947","stop_code":"15947","stop_name":"Park Presidio Blvd & Balboa St"}},{"type":"Feature","geometry":{"type":"Point","coordinates":[-122.47192,37.77724]},"properties":{"stop_id":"15946","stop_code":"15946","stop_name":"Park Presidio Blvd & Balboa St"}},{"type":"Feature","geometry":{"type":"Point","coordinates":[-122.47253,37.7845]},"properties":{"stop_id":"15949","stop_code":"15949","stop_name":"Park Presidio Blvd & California St"}},{"type":"Feature","geometry":{"type":"Point","coordinates":[-122.47165,37.77322]},"properties":{"stop_id":"15950","stop_code":"15950","stop_name":"Park Presidio Blvd & Fulton St"}},{"type":"Feature","geometry":{"type":"Point","coordinates":[-122.47191,37.77327]},"properties":{"stop_id":"15951","stop_code":"15951","stop_name":"Park Presidio Blvd & Fulton St"}},{"type":"Feature","geometry":{"type":"Point","coordinates":[-122.47248,37.78027]},"properties":{"stop_id":"15952","stop_code":"15952","stop_name":"Park Presidio Blvd & Geary Blvd"}},{"type":"Feature","geometry":{"type":"Point","coordinates":[-122.47222,37.78078]},"properties":{"stop_id":"15953","stop_code":"15953","stop_name":"Park Presidio Blvd & Geary Blvd"}},{"type":"Feature","geometry":{"type":"Point","coordinates":[-122.47274,37.7841]},"properties":{"stop_id":"15948","stop_code":"15948","stop_name":"Park Presidio & California Street"}},{"type":"Feature","geometry":{"type":"Point","coordinates":[-122.44578,37.75041]},"properties":{"stop_id":"16086","stop_code":"16086","stop_name":"Parkridge Dr & Burnett Ave"}},{"type":"Feature","geometry":{"type":"Point","coordinates":[-122.44608,37.75235]},"properties":{"stop_id":"16087","stop_code":"16087","stop_name":"Parkridge Dr & Crestline Dr"}},{"type":"Feature","geometry":{"type":"Point","coordinates":[-122.46074,37.76273]},"properties":{"stop_id":"15885","stop_code":"15885","stop_name":"Parnassus Ave & 4th Ave"}},{"type":"Feature","geometry":{"type":"Point","coordinates":[-122.46095,37.76252]},"properties":{"stop_id":"17687","stop_code":"17687","stop_name":"Parnassus Ave &4th Ave"}},{"type":"Feature","geometry":{"type":"Point","coordinates":[-122.45008,37.7649]},"properties":{"stop_id":"15889","stop_code":"15889","stop_name":"Parnassus Ave & Cole St"}},{"type":"Feature","geometry":{"type":"Point","coordinates":[-122.44985,37.76479]},"properties":{"stop_id":"15890","stop_code":"15890","stop_name":"Parnassus Ave & Cole St"}},{"type":"Feature","geometry":{"type":"Point","coordinates":[-122.45674,37.76372]},"properties":{"stop_id":"15892","stop_code":"15892","stop_name":"Parnassus Ave & Hillway Ave"}},{"type":"Feature","geometry":{"type":"Point","coordinates":[-122.45697,37.76381]},"properties":{"stop_id":"15891","stop_code":"15891","stop_name":"Parnassus Ave & Hillway Ave"}},{"type":"Feature","geometry":{"type":"Point","coordinates":[-122.4513,37.7646]},"properties":{"stop_id":"15894","stop_code":"15894","stop_name":"Parnassus Ave & Shrader St"}},{"type":"Feature","geometry":{"type":"Point","coordinates":[-122.4511,37.76477]},"properties":{"stop_id":"15893","stop_code":"15893","stop_name":"Parnassus Ave & Shrader St"}},{"type":"Feature","geometry":{"type":"Point","coordinates":[-122.45265,37.76443]},"properties":{"stop_id":"15896","stop_code":"15896","stop_name":"Parnassus Ave & Stanyan St"}},{"type":"Feature","geometry":{"type":"Point","coordinates":[-122.45288,37.76455]},"properties":{"stop_id":"15895","stop_code":"15895","stop_name":"Parnassus Ave & Stanyan St"}},{"type":"Feature","geometry":{"type":"Point","coordinates":[-122.4543,37.76424]},"properties":{"stop_id":"15898","stop_code":"15898","stop_name":"Parnassus Ave & Willard St"}},{"type":"Feature","geometry":{"type":"Point","coordinates":[-122.45453,37.76435]},"properties":{"stop_id":"15897","stop_code":"15897","stop_name":"Parnassus Ave & Willard St"}},{"type":"Feature","geometry":{"type":"Point","coordinates":[-122.40059,37.72365]},"properties":{"stop_id":"15899","stop_code":"15899","stop_name":"Paul Ave & Bay Shore Blvd"}},{"type":"Feature","geometry":{"type":"Point","coordinates":[-122.39634,37.72248]},"properties":{"stop_id":"15900","stop_code":"15900","stop_name":"Paul Ave & Carr St"}},{"type":"Feature","geometry":{"type":"Point","coordinates":[-122.39908,37.72329]},"properties":{"stop_id":"15901","stop_code":"15901","stop_name":"Paul Ave & Crane St"}},{"type":"Feature","geometry":{"type":"Point","coordinates":[-122.39738,37.72273]},"properties":{"stop_id":"15903","stop_code":"15903","stop_name":"Paul Ave & Gould St"}},{"type":"Feature","geometry":{"type":"Point","coordinates":[-122.39795,37.72301]},"properties":{"stop_id":"15902","stop_code":"15902","stop_name":"Paul Ave & Gould St"}},{"type":"Feature","geometry":{"type":"Point","coordinates":[-122.40158,37.72388]},"properties":{"stop_id":"15904","stop_code":"15904","stop_name":"Paul Ave & San Bruno Ave"}},{"type":"Feature","geometry":{"type":"Point","coordinates":[-122.4002,37.7234]},"properties":{"stop_id":"15905","stop_code":"15905","stop_name":"Paul Ave & Wheat St"}},{"type":"Feature","geometry":{"type":"Point","coordinates":[-122.39335,37.76018]},"properties":{"stop_id":"17849","stop_code":"17849","stop_name":"Pennslvania Ave & 20th St"}},{"type":"Feature","geometry":{"type":"Point","coordinates":[-122.39279,37.75502]},"properties":{"stop_id":"17527","stop_code":"17527","stop_name":"Pennsylvania Avenue & 23rd Street"}},{"type":"Feature","geometry":{"type":"Point","coordinates":[-122.39301,37.75516]},"properties":{"stop_id":"17523","stop_code":"17523","stop_name":"Pennsylvania Avenue & 23rd Street"}},{"type":"Feature","geometry":{"type":"Point","coordinates":[-122.39277,37.75246]},"properties":{"stop_id":"17526","stop_code":"17526","stop_name":"Pennsylvania Avenue & 25th Street"}},{"type":"Feature","geometry":{"type":"Point","coordinates":[-122.39276,37.75262]},"properties":{"stop_id":"17524","stop_code":"17524","stop_name":"Pennsylvania Avenue & 25th Street"}},{"type":"Feature","geometry":{"type":"Point","coordinates":[-122.42947,37.72011]},"properties":{"stop_id":"15907","stop_code":"15907","stop_name":"Persia Ave & Athens St"}},{"type":"Feature","geometry":{"type":"Point","coordinates":[-122.42976,37.72012]},"properties":{"stop_id":"15906","stop_code":"15906","stop_name":"Persia Ave & Athens St"}},{"type":"Feature","geometry":{"type":"Point","coordinates":[-122.4225,37.71778]},"properties":{"stop_id":"15908","stop_code":"15908","stop_name":"Persia Ave & Brazil Ave"}},{"type":"Feature","geometry":{"type":"Point","coordinates":[-122.42278,37.71779]},"properties":{"stop_id":"15909","stop_code":"15909","stop_name":"Persia Ave & Brazil Ave"}},{"type":"Feature","geometry":{"type":"Point","coordinates":[-122.43267,37.72164]},"properties":{"stop_id":"15910","stop_code":"15910","stop_name":"Persia Ave & Madrid St"}},{"type":"Feature","geometry":{"type":"Point","coordinates":[-122.43296,37.72161]},"properties":{"stop_id":"15911","stop_code":"15911","stop_name":"Persia Ave & Madrid St"}},{"type":"Feature","geometry":{"type":"Point","coordinates":[-122.43577,37.72294]},"properties":{"stop_id":"15913","stop_code":"15913","stop_name":"Persia Ave & Mission St"}},{"type":"Feature","geometry":{"type":"Point","coordinates":[-122.43585,37.72315]},"properties":{"stop_id":"15912","stop_code":"15912","stop_name":"Persia Ave & Mission St"}},{"type":"Feature","geometry":{"type":"Point","coordinates":[-122.42868,37.71973]},"properties":{"stop_id":"15914","stop_code":"15914","stop_name":"Persia Ave & Moscow St"}},{"type":"Feature","geometry":{"type":"Point","coordinates":[-122.42896,37.7197]},"properties":{"stop_id":"15915","stop_code":"15915","stop_name":"Persia Ave & Moscow St"}},{"type":"Feature","geometry":{"type":"Point","coordinates":[-122.43136,37.72085]},"properties":{"stop_id":"15917","stop_code":"15917","stop_name":"Persia Ave & Naples St"}},{"type":"Feature","geometry":{"type":"Point","coordinates":[-122.43107,37.72088]},"properties":{"stop_id":"15916","stop_code":"15916","stop_name":"Persia Ave & Naples St"}},{"type":"Feature","geometry":{"type":"Point","coordinates":[-122.43456,37.72238]},"properties":{"stop_id":"15919","stop_code":"15919","stop_name":"Persia Ave & Paris St"}},{"type":"Feature","geometry":{"type":"Point","coordinates":[-122.43428,37.72241]},"properties":{"stop_id":"15918","stop_code":"15918","stop_name":"Persia Ave & Paris St"}},{"type":"Feature","geometry":{"type":"Point","coordinates":[-122.42735,37.71893]},"properties":{"stop_id":"15921","stop_code":"15921","stop_name":"Persia Ave & Prague St"}},{"type":"Feature","geometry":{"type":"Point","coordinates":[-122.42706,37.71896]},"properties":{"stop_id":"15920","stop_code":"15920","stop_name":"Persia Ave & Prague St"}},{"type":"Feature","geometry":{"type":"Point","coordinates":[-122.43625,37.72337]},"properties":{"stop_id":"17743","stop_code":"17743","stop_name":"Persia St & Mission St"}},{"type":"Feature","geometry":{"type":"Point","coordinates":[-122.40088,37.7291]},"properties":{"stop_id":"15930","stop_code":"15930","stop_name":"Phelps St & Carroll Ave"}},{"type":"Feature","geometry":{"type":"Point","coordinates":[-122.40101,37.72912]},"properties":{"stop_id":"15931","stop_code":"15931","stop_name":"Phelps St & Carroll Ave"}},{"type":"Feature","geometry":{"type":"Point","coordinates":[-122.40144,37.72847]},"properties":{"stop_id":"15932","stop_code":"15932","stop_name":"Phelps St & Donner Ave"}},{"type":"Feature","geometry":{"type":"Point","coordinates":[-122.40193,37.72808]},"properties":{"stop_id":"15933","stop_code":"15933","stop_name":"Phelps St & Egbert Ave"}},{"type":"Feature","geometry":{"type":"Point","coordinates":[-122.39988,37.73019]},"properties":{"stop_id":"15940","stop_code":"15940","stop_name":"Phelps St & Williams Ave"}},{"type":"Feature","geometry":{"type":"Point","coordinates":[-122.40254,37.79194]},"properties":{"stop_id":"15944","stop_code":"15944","stop_name":"Pine St & Montgomery St"}},{"type":"Feature","geometry":{"type":"Point","coordinates":[-122.45601,37.71334]},"properties":{"stop_id":"15954","stop_code":"15954","stop_name":"Plymouth Ave & Broad St"}},{"type":"Feature","geometry":{"type":"Point","coordinates":[-122.45617,37.71328]},"properties":{"stop_id":"17230","stop_code":"17230","stop_name":"Plymouth Ave & Broad St"}},{"type":"Feature","geometry":{"type":"Point","coordinates":[-122.45601,37.71988]},"properties":{"stop_id":"15958","stop_code":"15958","stop_name":"Plymouth Ave & Grafton Ave"}},{"type":"Feature","geometry":{"type":"Point","coordinates":[-122.45622,37.72011]},"properties":{"stop_id":"15960","stop_code":"15960","stop_name":"Plymouth Ave & Grafton Ave"}},{"type":"Feature","geometry":{"type":"Point","coordinates":[-122.45623,37.72193]},"properties":{"stop_id":"15961","stop_code":"15961","stop_name":"Plymouth Ave & Holloway Ave"}},{"type":"Feature","geometry":{"type":"Point","coordinates":[-122.4561,37.72177]},"properties":{"stop_id":"15962","stop_code":"15962","stop_name":"Plymouth Ave & Holloway Ave"}},{"type":"Feature","geometry":{"type":"Point","coordinates":[-122.45606,37.71817]},"properties":{"stop_id":"15963","stop_code":"15963","stop_name":"Plymouth Ave & Lakeview Ave"}},{"type":"Feature","geometry":{"type":"Point","coordinates":[-122.45621,37.71845]},"properties":{"stop_id":"15964","stop_code":"15964","stop_name":"Plymouth Ave & Lakeview Ave"}},{"type":"Feature","geometry":{"type":"Point","coordinates":[-122.45613,37.71501]},"properties":{"stop_id":"15965","stop_code":"15965","stop_name":"Plymouth Ave & Lobos St"}},{"type":"Feature","geometry":{"type":"Point","coordinates":[-122.45605,37.71484]},"properties":{"stop_id":"15966","stop_code":"15966","stop_name":"Plymouth Ave & Lobos St"}},{"type":"Feature","geometry":{"type":"Point","coordinates":[-122.45777,37.73224]},"properties":{"stop_id":"15968","stop_code":"15968","stop_name":"Plymouth Ave & Mangels Ave"}},{"type":"Feature","geometry":{"type":"Point","coordinates":[-122.45765,37.73209]},"properties":{"stop_id":"15967","stop_code":"15967","stop_name":"Plymouth Ave & Mangels Ave"}},{"type":"Feature","geometry":{"type":"Point","coordinates":[-122.45613,37.71666]},"properties":{"stop_id":"15972","stop_code":"15972","stop_name":"Plymouth Ave & Montana St"}},{"type":"Feature","geometry":{"type":"Point","coordinates":[-122.45605,37.71655]},"properties":{"stop_id":"15971","stop_code":"15971","stop_name":"Plymouth Ave & Montana St"}},{"type":"Feature","geometry":{"type":"Point","coordinates":[-122.45753,37.73111]},"properties":{"stop_id":"15973","stop_code":"15973","stop_name":"Plymouth Ave & Monterey Blvd"}},{"type":"Feature","geometry":{"type":"Point","coordinates":[-122.45623,37.72364]},"properties":{"stop_id":"15975","stop_code":"15975","stop_name":"Plymouth Ave & Ocean Ave"}},{"type":"Feature","geometry":{"type":"Point","coordinates":[-122.45605,37.72377]},"properties":{"stop_id":"15974","stop_code":"15974","stop_name":"Plymouth Ave & Ocean Ave"}},{"type":"Feature","geometry":{"type":"Point","coordinates":[-122.45599,37.7117]},"properties":{"stop_id":"15976","stop_code":"15976","stop_name":"Plymouth Ave & Sagamore St"}},{"type":"Feature","geometry":{"type":"Point","coordinates":[-122.45608,37.71155]},"properties":{"stop_id":"15977","stop_code":"15977","stop_name":"Plymouth Ave & Sagamore St"}},{"type":"Feature","geometry":{"type":"Point","coordinates":[-122.45607,37.71773]},"properties":{"stop_id":"15979","stop_code":"15979","stop_name":"Plymouth Ave & Thrift St"}},{"type":"Feature","geometry":{"type":"Point","coordinates":[-122.45614,37.71757]},"properties":{"stop_id":"15978","stop_code":"15978","stop_name":"Plymouth Ave & Thrift St"}},{"type":"Feature","geometry":{"type":"Point","coordinates":[-122.45851,37.73261]},"properties":{"stop_id":"15980","stop_code":"15980","stop_name":"Plymouth Ave & Yerba Buena Ave"}},{"type":"Feature","geometry":{"type":"Point","coordinates":[-122.50285,37.77965]},"properties":{"stop_id":"16109","stop_code":"16109","stop_name":"Point Lobos Ave & 42nd Ave"}},{"type":"Feature","geometry":{"type":"Point","coordinates":[-122.50501,37.77984]},"properties":{"stop_id":"16111","stop_code":"16111","stop_name":"Point Lobos Ave & 44th Ave"}},{"type":"Feature","geometry":{"type":"Point","coordinates":[-122.50744,37.78004]},"properties":{"stop_id":"16129","stop_code":"16129","stop_name":"Point Lobos Ave & 46th Ave"}},{"type":"Feature","geometry":{"type":"Point","coordinates":[-122.42181,37.79568]},"properties":{"stop_id":"15984","stop_code":"15984","stop_name":"Polk St & Broadway"}},{"type":"Feature","geometry":{"type":"Point","coordinates":[-122.42173,37.79619]},"properties":{"stop_id":"15983","stop_code":"15983","stop_name":"Polk St & Broadway"}},{"type":"Feature","geometry":{"type":"Point","coordinates":[-122.42341,37.80353]},"properties":{"stop_id":"15988","stop_code":"15988","stop_name":"Polk St & Francisco St"}},{"type":"Feature","geometry":{"type":"Point","coordinates":[-122.42323,37.80365]},"properties":{"stop_id":"15987","stop_code":"15987","stop_name":"Polk St & Francisco St"}},{"type":"Feature","geometry":{"type":"Point","coordinates":[-122.4228,37.80148]},"properties":{"stop_id":"15991","stop_code":"15991","stop_name":"Polk St & Lombard St"}},{"type":"Feature","geometry":{"type":"Point","coordinates":[-122.42303,37.80167]},"properties":{"stop_id":"15990","stop_code":"15990","stop_name":"Polk St & Lombard St"}},{"type":"Feature","geometry":{"type":"Point","coordinates":[-122.4237,37.80502]},"properties":{"stop_id":"15992","stop_code":"15992","stop_name":"Polk St & North Point St"}},{"type":"Feature","geometry":{"type":"Point","coordinates":[-122.41969,37.78507]},"properties":{"stop_id":"15993","stop_code":"15993","stop_name":"Polk St & O'Farrell St"}},{"type":"Feature","geometry":{"type":"Point","coordinates":[-122.42053,37.78936]},"properties":{"stop_id":"15996","stop_code":"15996","stop_name":"Polk St & Pine St"}},{"type":"Feature","geometry":{"type":"Point","coordinates":[-122.42043,37.78977]},"properties":{"stop_id":"15995","stop_code":"15995","stop_name":"Polk St & Pine St"}},{"type":"Feature","geometry":{"type":"Point","coordinates":[-122.4199,37.78703]},"properties":{"stop_id":"15997","stop_code":"15997","stop_name":"Polk St & Post St"}},{"type":"Feature","geometry":{"type":"Point","coordinates":[-122.42083,37.79174]},"properties":{"stop_id":"15999","stop_code":"15999","stop_name":"Polk St & Sacramento St"}},{"type":"Feature","geometry":{"type":"Point","coordinates":[-122.42106,37.79193]},"properties":{"stop_id":"16000","stop_code":"16000","stop_name":"Polk St & Sacramento St"}},{"type":"Feature","geometry":{"type":"Point","coordinates":[-122.42021,37.78766]},"properties":{"stop_id":"16002","stop_code":"16002","stop_name":"Polk St & Sutter St"}},{"type":"Feature","geometry":{"type":"Point","coordinates":[-122.42247,37.79893]},"properties":{"stop_id":"16004","stop_code":"16004","stop_name":"Polk St & Union St"}},{"type":"Feature","geometry":{"type":"Point","coordinates":[-122.42233,37.79901]},"properties":{"stop_id":"16003","stop_code":"16003","stop_name":"Polk St & Union St"}},{"type":"Feature","geometry":{"type":"Point","coordinates":[-122.42119,37.7935]},"properties":{"stop_id":"16006","stop_code":"16006","stop_name":"Polk St & Washington St"}},{"type":"Feature","geometry":{"type":"Point","coordinates":[-122.42141,37.79369]},"properties":{"stop_id":"16007","stop_code":"16007","stop_name":"Polk St & Washington St"}},{"type":"Feature","geometry":{"type":"Point","coordinates":[-122.46504,37.73985]},"properties":{"stop_id":"17151","stop_code":"17151","stop_name":"Portola Ave & Claremont Ave"}},{"type":"Feature","geometry":{"type":"Point","coordinates":[-122.44487,37.74703]},"properties":{"stop_id":"16010","stop_code":"16010","stop_name":"Portola Dr & Burnett Ave"}},{"type":"Feature","geometry":{"type":"Point","coordinates":[-122.46512,37.73969]},"properties":{"stop_id":"16011","stop_code":"16011","stop_name":"Portola Dr & Claremont Blvd"}},{"type":"Feature","geometry":{"type":"Point","coordinates":[-122.4442,37.74715]},"properties":{"stop_id":"16012","stop_code":"16012","stop_name":"Portola Dr & Clipper St"}},{"type":"Feature","geometry":{"type":"Point","coordinates":[-122.45578,37.74197]},"properties":{"stop_id":"16013","stop_code":"16013","stop_name":"Portola Dr & Del Sur Ave"}},{"type":"Feature","geometry":{"type":"Point","coordinates":[-122.46344,37.7401]},"properties":{"stop_id":"16014","stop_code":"16014","stop_name":"Portola Dr & Dorchester Way"}},{"type":"Feature","geometry":{"type":"Point","coordinates":[-122.44764,37.74636]},"properties":{"stop_id":"16112","stop_code":"16112","stop_name":"Portola Dr & Glenview Dr"}},{"type":"Feature","geometry":{"type":"Point","coordinates":[-122.44792,37.74646]},"properties":{"stop_id":"16015","stop_code":"16015","stop_name":"Portola Dr & Glenview Dr"}},{"type":"Feature","geometry":{"type":"Point","coordinates":[-122.45524,37.74287]},"properties":{"stop_id":"16114","stop_code":"16114","stop_name":"Portola Dr & Laguna Honda Blvd"}},{"type":"Feature","geometry":{"type":"Point","coordinates":[-122.45526,37.7431]},"properties":{"stop_id":"16113","stop_code":"16113","stop_name":"Portola Dr & Laguna Honda Blvd"}},{"type":"Feature","geometry":{"type":"Point","coordinates":[-122.4519,37.74532]},"properties":{"stop_id":"16121","stop_code":"16121","stop_name":"Portola Dr & O'Shaughnessy Blvd"}},{"type":"Feature","geometry":{"type":"Point","coordinates":[-122.45752,37.74088]},"properties":{"stop_id":"16118","stop_code":"16118","stop_name":"Portola Dr & Rex Ave"}},{"type":"Feature","geometry":{"type":"Point","coordinates":[-122.46368,37.73993]},"properties":{"stop_id":"16120","stop_code":"16120","stop_name":"Portola Dr & San Lorenzo Ave"}},{"type":"Feature","geometry":{"type":"Point","coordinates":[-122.46107,37.7404]},"properties":{"stop_id":"16116","stop_code":"16116","stop_name":"Portola Dr & San Pablo Ave"}},{"type":"Feature","geometry":{"type":"Point","coordinates":[-122.46083,37.74023]},"properties":{"stop_id":"16117","stop_code":"16117","stop_name":"Portola Dr & San Pablo Ave"}},{"type":"Feature","geometry":{"type":"Point","coordinates":[-122.45652,37.74163]},"properties":{"stop_id":"16122","stop_code":"16122","stop_name":"Portola Dr & Waithman Way"}},{"type":"Feature","geometry":{"type":"Point","coordinates":[-122.45238,37.74533]},"properties":{"stop_id":"16123","stop_code":"16123","stop_name":"Portola Dr & Woodside Ave"}},{"type":"Feature","geometry":{"type":"Point","coordinates":[-122.42476,37.78617]},"properties":{"stop_id":"16124","stop_code":"16124","stop_name":"Post St & Gough St"}},{"type":"Feature","geometry":{"type":"Point","coordinates":[-122.40599,37.78855]},"properties":{"stop_id":"16125","stop_code":"16125","stop_name":"Post St & Grant Ave"}},{"type":"Feature","geometry":{"type":"Point","coordinates":[-122.41626,37.78724]},"properties":{"stop_id":"16126","stop_code":"16126","stop_name":"Post St & Hyde St"}},{"type":"Feature","geometry":{"type":"Point","coordinates":[-122.41295,37.78765]},"properties":{"stop_id":"16127","stop_code":"16127","stop_name":"Post St & Jones St"}},{"type":"Feature","geometry":{"type":"Point","coordinates":[-122.40274,37.78896]},"properties":{"stop_id":"16019","stop_code":"16019","stop_name":"Post St & Kearny St"}},{"type":"Feature","geometry":{"type":"Point","coordinates":[-122.42767,37.78577]},"properties":{"stop_id":"16018","stop_code":"16018","stop_name":"Post St & Laguna St"}},{"type":"Feature","geometry":{"type":"Point","coordinates":[-122.41772,37.78705]},"properties":{"stop_id":"16016","stop_code":"16016","stop_name":"Post St & Larkin St"}},{"type":"Feature","geometry":{"type":"Point","coordinates":[-122.41459,37.78745]},"properties":{"stop_id":"16017","stop_code":"16017","stop_name":"Post St & Leavenworth St"}},{"type":"Feature","geometry":{"type":"Point","coordinates":[-122.42665,37.78591]},"properties":{"stop_id":"16020","stop_code":"16020","stop_name":"Post St & Octavia St"}},{"type":"Feature","geometry":{"type":"Point","coordinates":[-122.41956,37.7868]},"properties":{"stop_id":"16021","stop_code":"16021","stop_name":"Post St & Polk St"}},{"type":"Feature","geometry":{"type":"Point","coordinates":[-122.40793,37.7883]},"properties":{"stop_id":"16022","stop_code":"16022","stop_name":"Post St & Powell St"}},{"type":"Feature","geometry":{"type":"Point","coordinates":[-122.41132,37.78788]},"properties":{"stop_id":"16023","stop_code":"16023","stop_name":"Post St & Taylor St"}},{"type":"Feature","geometry":{"type":"Point","coordinates":[-122.42145,37.78657]},"properties":{"stop_id":"16024","stop_code":"16024","stop_name":"Post St & Van Ness Ave"}},{"type":"Feature","geometry":{"type":"Point","coordinates":[-122.40762,37.76733]},"properties":{"stop_id":"17298","stop_code":"17298","stop_name":"Potrero Ave&15th St"}},{"type":"Feature","geometry":{"type":"Point","coordinates":[-122.40769,37.76549]},"properties":{"stop_id":"16027","stop_code":"16027","stop_name":"Potrero Ave & 16th St"}},{"type":"Feature","geometry":{"type":"Point","coordinates":[-122.40747,37.76603]},"properties":{"stop_id":"16026","stop_code":"16026","stop_name":"Potrero Ave & 16th St"}},{"type":"Feature","geometry":{"type":"Point","coordinates":[-122.40717,37.76061]},"properties":{"stop_id":"17912","stop_code":"17912","stop_name":"Potrero Ave & 19th St"}},{"type":"Feature","geometry":{"type":"Point","coordinates":[-122.40702,37.76074]},"properties":{"stop_id":"17909","stop_code":"17909","stop_name":"Potrero Ave & 19th St"}},{"type":"Feature","geometry":{"type":"Point","coordinates":[-122.40672,37.75786]},"properties":{"stop_id":"17908","stop_code":"17908","stop_name":"Potrero Ave & 21st St"}},{"type":"Feature","geometry":{"type":"Point","coordinates":[-122.40694,37.7575]},"properties":{"stop_id":"16034","stop_code":"16034","stop_name":"Potrero Ave & 21st St"}},{"type":"Feature","geometry":{"type":"Point","coordinates":[-122.4067,37.75506]},"properties":{"stop_id":"16037","stop_code":"16037","stop_name":"Potrero Ave & 23rd St"}},{"type":"Feature","geometry":{"type":"Point","coordinates":[-122.40625,37.75342]},"properties":{"stop_id":"16038","stop_code":"16038","stop_name":"Potrero Ave & 24th St"}},{"type":"Feature","geometry":{"type":"Point","coordinates":[-122.40649,37.75267]},"properties":{"stop_id":"16039","stop_code":"16039","stop_name":"Potrero Ave & 24th St"}},{"type":"Feature","geometry":{"type":"Point","coordinates":[-122.40608,37.75164]},"properties":{"stop_id":"16040","stop_code":"16040","stop_name":"Potrero Ave & 25th St"}},{"type":"Feature","geometry":{"type":"Point","coordinates":[-122.40797,37.76826]},"properties":{"stop_id":"16043","stop_code":"16043","stop_name":"Potrero Ave & Alameda St"}},{"type":"Feature","geometry":{"type":"Point","coordinates":[-122.40647,37.75541]},"properties":{"stop_id":"16119","stop_code":"16119","stop_name":"Potrero Ave At Sf General Hospital"}},{"type":"Feature","geometry":{"type":"Point","coordinates":[-122.40741,37.76313]},"properties":{"stop_id":"17911","stop_code":"17911","stop_name":"Potrero Ave & Mariposa St"}},{"type":"Feature","geometry":{"type":"Point","coordinates":[-122.40726,37.76328]},"properties":{"stop_id":"17910","stop_code":"17910","stop_name":"Potrero Ave & Mariposa St"}},{"type":"Feature","geometry":{"type":"Point","coordinates":[-122.41183,37.80574]},"properties":{"stop_id":"16045","stop_code":"16045","stop_name":"Powell St & Bay St"}},{"type":"Feature","geometry":{"type":"Point","coordinates":[-122.41251,37.80803]},"properties":{"stop_id":"16046","stop_code":"16046","stop_name":"Powell St & Beach St"}},{"type":"Feature","geometry":{"type":"Point","coordinates":[-122.41214,37.80764]},"properties":{"stop_id":"17038","stop_code":"17038","stop_name":"Powell St & Beach St"}},{"type":"Feature","geometry":{"type":"Point","coordinates":[-122.40871,37.79016]},"properties":{"stop_id":"16047","stop_code":"16047","stop_name":"Powell St & Bush St"}},{"type":"Feature","geometry":{"type":"Point","coordinates":[-122.40887,37.79014]},"properties":{"stop_id":"16048","stop_code":"16048","stop_name":"Powell St & Bush St"}},{"type":"Feature","geometry":{"type":"Point","coordinates":[-122.40914,37.7923]},"properties":{"stop_id":"16049","stop_code":"16049","stop_name":"Powell St & California St"}},{"type":"Feature","geometry":{"type":"Point","coordinates":[-122.40929,37.79221]},"properties":{"stop_id":"16050","stop_code":"16050","stop_name":"Powell St & California St"}},{"type":"Feature","geometry":{"type":"Point","coordinates":[-122.40963,37.79384]},"properties":{"stop_id":"16052","stop_code":"16052","stop_name":"Powell St & Clay St"}},{"type":"Feature","geometry":{"type":"Point","coordinates":[-122.40946,37.79375]},"properties":{"stop_id":"16051","stop_code":"16051","stop_name":"Powell St & Clay St"}},{"type":"Feature","geometry":{"type":"Point","coordinates":[-122.4111,37.80131]},"properties":{"stop_id":"16054","stop_code":"16054","stop_name":"Powell St & Filbert St"}},{"type":"Feature","geometry":{"type":"Point","coordinates":[-122.41191,37.80506]},"properties":{"stop_id":"16055","stop_code":"16055","stop_name":"Powell St & Francisco St"}},{"type":"Feature","geometry":{"type":"Point","coordinates":[-122.41166,37.80477]},"properties":{"stop_id":"16056","stop_code":"16056","stop_name":"Powell St & Francisco St"}},{"type":"Feature","geometry":{"type":"Point","coordinates":[-122.40813,37.78727]},"properties":{"stop_id":"16058","stop_code":"16058","stop_name":"Powell St & Geary St"}},{"type":"Feature","geometry":{"type":"Point","coordinates":[-122.40832,37.78746]},"properties":{"stop_id":"16057","stop_code":"16057","stop_name":"Powell St & Geary St"}},{"type":"Feature","geometry":{"type":"Point","coordinates":[-122.40976,37.79541]},"properties":{"stop_id":"16059","stop_code":"16059","stop_name":"Powell St & Jackson St"}},{"type":"Feature","geometry":{"type":"Point","coordinates":[-122.41127,37.80295]},"properties":{"stop_id":"16060","stop_code":"16060","stop_name":"Powell St & Lombard St"}},{"type":"Feature","geometry":{"type":"Point","coordinates":[-122.41146,37.80281]},"properties":{"stop_id":"16061","stop_code":"16061","stop_name":"Powell St & Lombard St"}},{"type":"Feature","geometry":{"type":"Point","coordinates":[-122.40779,37.78464]},"properties":{"stop_id":"16064","stop_code":"16064","stop_name":"Powell St & Market St"}},{"type":"Feature","geometry":{"type":"Point","coordinates":[-122.40768,37.7847]},"properties":{"stop_id":"16063","stop_code":"16063","stop_name":"Powell St & Market St"}},{"type":"Feature","geometry":{"type":"Point","coordinates":[-122.41218,37.8065]},"properties":{"stop_id":"16066","stop_code":"16066","stop_name":"Powell St & North Point St"}},{"type":"Feature","geometry":{"type":"Point","coordinates":[-122.41204,37.80667]},"properties":{"stop_id":"16065","stop_code":"16065","stop_name":"Powell St & North Point St"}},{"type":"Feature","geometry":{"type":"Point","coordinates":[-122.40814,37.78651]},"properties":{"stop_id":"16067","stop_code":"16067","stop_name":"Powell St & O'Farrell St"}},{"type":"Feature","geometry":{"type":"Point","coordinates":[-122.40793,37.78632]},"properties":{"stop_id":"16068","stop_code":"16068","stop_name":"Powell St & O'Farrell St"}},{"type":"Feature","geometry":{"type":"Point","coordinates":[-122.40907,37.79108]},"properties":{"stop_id":"16070","stop_code":"16070","stop_name":"Powell St & Pine St"}},{"type":"Feature","geometry":{"type":"Point","coordinates":[-122.40891,37.79109]},"properties":{"stop_id":"16069","stop_code":"16069","stop_name":"Powell St & Pine St"}},{"type":"Feature","geometry":{"type":"Point","coordinates":[-122.40851,37.78839]},"properties":{"stop_id":"16071","stop_code":"16071","stop_name":"Powell St & Post St"}},{"type":"Feature","geometry":{"type":"Point","coordinates":[-122.4083,37.7882]},"properties":{"stop_id":"16072","stop_code":"16072","stop_name":"Powell St & Post St"}},{"type":"Feature","geometry":{"type":"Point","coordinates":[-122.40926,37.79288]},"properties":{"stop_id":"16073","stop_code":"16073","stop_name":"Powell St & Sacramento St"}},{"type":"Feature","geometry":{"type":"Point","coordinates":[-122.40944,37.79296]},"properties":{"stop_id":"16074","stop_code":"16074","stop_name":"Powell St & Sacramento St"}},{"type":"Feature","geometry":{"type":"Point","coordinates":[-122.40864,37.78906]},"properties":{"stop_id":"16076","stop_code":"16076","stop_name":"Powell St & Sutter St"}},{"type":"Feature","geometry":{"type":"Point","coordinates":[-122.40849,37.78913]},"properties":{"stop_id":"16075","stop_code":"16075","stop_name":"Powell St & Sutter St"}},{"type":"Feature","geometry":{"type":"Point","coordinates":[-122.43507,37.71016]},"properties":{"stop_id":"16080","stop_code":"16080","stop_name":"Prague St & Cordova Ave"}},{"type":"Feature","geometry":{"type":"Point","coordinates":[-122.42718,37.71903]},"properties":{"stop_id":"16082","stop_code":"16082","stop_name":"Prague St & Persia Ave"}},{"type":"Feature","geometry":{"type":"Point","coordinates":[-122.42722,37.71884]},"properties":{"stop_id":"16083","stop_code":"16083","stop_name":"Prague St & Persia Ave"}},{"type":"Feature","geometry":{"type":"Point","coordinates":[-122.42835,37.71748]},"properties":{"stop_id":"16085","stop_code":"16085","stop_name":"Prague St & Russia Ave"}},{"type":"Feature","geometry":{"type":"Point","coordinates":[-122.4282,37.71756]},"properties":{"stop_id":"16084","stop_code":"16084","stop_name":"Prague St & Russia Ave"}},{"type":"Feature","geometry":{"type":"Point","coordinates":[-122.44697,37.78768]},"properties":{"stop_id":"16089","stop_code":"16089","stop_name":"Presidio Ave & California St"}},{"type":"Feature","geometry":{"type":"Point","coordinates":[-122.44674,37.78738]},"properties":{"stop_id":"16088","stop_code":"16088","stop_name":"Presidio Ave & California St"}},{"type":"Feature","geometry":{"type":"Point","coordinates":[-122.44726,37.78918]},"properties":{"stop_id":"16090","stop_code":"16090","stop_name":"Presidio Ave & Clay St"}},{"type":"Feature","geometry":{"type":"Point","coordinates":[-122.44704,37.78897]},"properties":{"stop_id":"16091","stop_code":"16091","stop_name":"Presidio Ave & Clay St"}},{"type":"Feature","geometry":{"type":"Point","coordinates":[-122.4458,37.78271]},"properties":{"stop_id":"16092","stop_code":"16092","stop_name":"Presidio Ave & Geary Blvd"}},{"type":"Feature","geometry":{"type":"Point","coordinates":[-122.44593,37.78267]},"properties":{"stop_id":"16093","stop_code":"16093","stop_name":"Presidio Ave & Geary Blvd"}},{"type":"Feature","geometry":{"type":"Point","coordinates":[-122.4474,37.79071]},"properties":{"stop_id":"16095","stop_code":"16095","stop_name":"Presidio Ave & Jackson St"}},{"type":"Feature","geometry":{"type":"Point","coordinates":[-122.44761,37.79091]},"properties":{"stop_id":"16094","stop_code":"16094","stop_name":"Presidio Ave & Jackson St"}},{"type":"Feature","geometry":{"type":"Point","coordinates":[-122.4462,37.78453]},"properties":{"stop_id":"16098","stop_code":"16098","stop_name":"Presidio Ave & Sutter St"}},{"type":"Feature","geometry":{"type":"Point","coordinates":[-122.44629,37.78439]},"properties":{"stop_id":"16099","stop_code":"16099","stop_name":"Presidio Ave & Sutter St"}},{"type":"Feature","geometry":{"type":"Point","coordinates":[-122.45242,37.79912]},"properties":{"stop_id":"17783","stop_code":"17783","stop_name":"Presidio Blvd & Letterman Dr"}},{"type":"Feature","geometry":{"type":"Point","coordinates":[-122.45254,37.79904]},"properties":{"stop_id":"16104","stop_code":"16104","stop_name":"Presidio Blvd & Letterman Dr"}},{"type":"Feature","geometry":{"type":"Point","coordinates":[-122.45152,37.79648]},"properties":{"stop_id":"16106","stop_code":"16106","stop_name":"Presidio Blvd & Simonds Loop"}},{"type":"Feature","geometry":{"type":"Point","coordinates":[-122.4517,37.79671]},"properties":{"stop_id":"16107","stop_code":"16107","stop_name":"Presidio Blvd & Sumner Ave"}},{"type":"Feature","geometry":{"type":"Point","coordinates":[-122.45576,37.8023]},"properties":{"stop_id":"17383","stop_code":"17383","stop_name":"Presidio Transit Center"}},{"type":"Feature","geometry":{"type":"Point","coordinates":[-122.46837,37.74904]},"properties":{"stop_id":"16135","stop_code":"16135","stop_name":"Quintara St & 12th Ave"}},{"type":"Feature","geometry":{"type":"Point","coordinates":[-122.46856,37.74887]},"properties":{"stop_id":"16136","stop_code":"16136","stop_name":"Quintara St & 12th Ave"}},{"type":"Feature","geometry":{"type":"Point","coordinates":[-122.47298,37.74872]},"properties":{"stop_id":"16137","stop_code":"16137","stop_name":"Quintara St & 16th Ave"}},{"type":"Feature","geometry":{"type":"Point","coordinates":[-122.47408,37.74867]},"properties":{"stop_id":"16139","stop_code":"16139","stop_name":"Quintara St & 17th Ave"}},{"type":"Feature","geometry":{"type":"Point","coordinates":[-122.4738,37.74883]},"properties":{"stop_id":"17573","stop_code":"17573","stop_name":"Quintara St & 17th Ave"}},{"type":"Feature","geometry":{"type":"Point","coordinates":[-122.47584,37.74871]},"properties":{"stop_id":"16140","stop_code":"16140","stop_name":"Quintara St & 19th Ave"}},{"type":"Feature","geometry":{"type":"Point","coordinates":[-122.47622,37.74858]},"properties":{"stop_id":"16141","stop_code":"16141","stop_name":"Quintara St & 19th Ave"}},{"type":"Feature","geometry":{"type":"Point","coordinates":[-122.47917,37.74855]},"properties":{"stop_id":"16142","stop_code":"16142","stop_name":"Quintara St & 22nd Ave"}},{"type":"Feature","geometry":{"type":"Point","coordinates":[-122.47943,37.74845]},"properties":{"stop_id":"16143","stop_code":"16143","stop_name":"Quintara St & 22nd Ave"}},{"type":"Feature","geometry":{"type":"Point","coordinates":[-122.48157,37.74836]},"properties":{"stop_id":"16145","stop_code":"16145","stop_name":"Quintara St & 24th Ave"}},{"type":"Feature","geometry":{"type":"Point","coordinates":[-122.48131,37.74846]},"properties":{"stop_id":"16144","stop_code":"16144","stop_name":"Quintara St & 24th Ave"}},{"type":"Feature","geometry":{"type":"Point","coordinates":[-122.48347,37.74828]},"properties":{"stop_id":"16147","stop_code":"16147","stop_name":"Quintara St & 26th Ave"}},{"type":"Feature","geometry":{"type":"Point","coordinates":[-122.48345,37.74838]},"properties":{"stop_id":"16146","stop_code":"16146","stop_name":"Quintara St & 26th Ave"}},{"type":"Feature","geometry":{"type":"Point","coordinates":[-122.48477,37.74822]},"properties":{"stop_id":"16149","stop_code":"16149","stop_name":"Quintara St & 27th Ave"}},{"type":"Feature","geometry":{"type":"Point","coordinates":[-122.48458,37.74832]},"properties":{"stop_id":"16148","stop_code":"16148","stop_name":"Quintara St & 27th Ave"}},{"type":"Feature","geometry":{"type":"Point","coordinates":[-122.4856,37.74827]},"properties":{"stop_id":"16150","stop_code":"16150","stop_name":"Quintara St & 28th Ave"}},{"type":"Feature","geometry":{"type":"Point","coordinates":[-122.48586,37.74816]},"properties":{"stop_id":"16151","stop_code":"16151","stop_name":"Quintara St & 28th Ave"}},{"type":"Feature","geometry":{"type":"Point","coordinates":[-122.48666,37.74822]},"properties":{"stop_id":"16152","stop_code":"16152","stop_name":"Quintara St & 29th Ave"}},{"type":"Feature","geometry":{"type":"Point","coordinates":[-122.48692,37.74812]},"properties":{"stop_id":"16153","stop_code":"16153","stop_name":"Quintara St & 29th Ave"}},{"type":"Feature","geometry":{"type":"Point","coordinates":[-122.48881,37.74814]},"properties":{"stop_id":"16154","stop_code":"16154","stop_name":"Quintara St & 31st Ave"}},{"type":"Feature","geometry":{"type":"Point","coordinates":[-122.48905,37.748]},"properties":{"stop_id":"16155","stop_code":"16155","stop_name":"Quintara St & 31st Ave"}},{"type":"Feature","geometry":{"type":"Point","coordinates":[-122.49095,37.74805]},"properties":{"stop_id":"16156","stop_code":"16156","stop_name":"Quintara St & 33rd Ave"}},{"type":"Feature","geometry":{"type":"Point","coordinates":[-122.49121,37.74791]},"properties":{"stop_id":"16157","stop_code":"16157","stop_name":"Quintara St & 33rd Ave"}},{"type":"Feature","geometry":{"type":"Point","coordinates":[-122.4931,37.74796]},"properties":{"stop_id":"16158","stop_code":"16158","stop_name":"Quintara St & 35th Ave"}},{"type":"Feature","geometry":{"type":"Point","coordinates":[-122.49334,37.74783]},"properties":{"stop_id":"16159","stop_code":"16159","stop_name":"Quintara St & 35th Ave"}},{"type":"Feature","geometry":{"type":"Point","coordinates":[-122.4944,37.74777]},"properties":{"stop_id":"16160","stop_code":"16160","stop_name":"Quintara St & 36th Ave"}},{"type":"Feature","geometry":{"type":"Point","coordinates":[-122.49763,37.74763]},"properties":{"stop_id":"16161","stop_code":"16161","stop_name":"Quintara St & 39th Ave"}},{"type":"Feature","geometry":{"type":"Point","coordinates":[-122.49981,37.74754]},"properties":{"stop_id":"16163","stop_code":"16163","stop_name":"Quintara St & 41st Ave"}},{"type":"Feature","geometry":{"type":"Point","coordinates":[-122.49952,37.74768]},"properties":{"stop_id":"16162","stop_code":"16162","stop_name":"Quintara St & 41st Ave"}},{"type":"Feature","geometry":{"type":"Point","coordinates":[-122.50304,37.74742]},"properties":{"stop_id":"16165","stop_code":"16165","stop_name":"Quintara St & 44th Ave"}},{"type":"Feature","geometry":{"type":"Point","coordinates":[-122.50487,37.74743]},"properties":{"stop_id":"16166","stop_code":"16166","stop_name":"Quintara St & 46th Ave"}},{"type":"Feature","geometry":{"type":"Point","coordinates":[-122.507,37.74734]},"properties":{"stop_id":"16167","stop_code":"16167","stop_name":"Quintara St & 48th Ave"}},{"type":"Feature","geometry":{"type":"Point","coordinates":[-122.46768,37.74909]},"properties":{"stop_id":"16168","stop_code":"16168","stop_name":"Quintara St & Cragmont Ave"}},{"type":"Feature","geometry":{"type":"Point","coordinates":[-122.46705,37.74898]},"properties":{"stop_id":"16169","stop_code":"16169","stop_name":"Quintara St & Cragmont Ave"}},{"type":"Feature","geometry":{"type":"Point","coordinates":[-122.46942,37.74898]},"properties":{"stop_id":"16170","stop_code":"16170","stop_name":"Quintara St & Funston Ave"}},{"type":"Feature","geometry":{"type":"Point","coordinates":[-122.46964,37.74883]},"properties":{"stop_id":"16171","stop_code":"16171","stop_name":"Quintara St & Funston Ave"}},{"type":"Feature","geometry":{"type":"Point","coordinates":[-122.50158,37.74758]},"properties":{"stop_id":"17885","stop_code":"17885","stop_name":"Quintra St & 43rd Ave"}},{"type":"Feature","geometry":{"type":"Point","coordinates":[-122.46698,37.71434]},"properties":{"stop_id":"16172","stop_code":"16172","stop_name":"Randolph St & Arch St"}},{"type":"Feature","geometry":{"type":"Point","coordinates":[-122.46722,37.7142]},"properties":{"stop_id":"16173","stop_code":"16173","stop_name":"Randolph St & Arch St"}},{"type":"Feature","geometry":{"type":"Point","coordinates":[-122.46339,37.71435]},"properties":{"stop_id":"16174","stop_code":"16174","stop_name":"Randolph St & Bright St"}},{"type":"Feature","geometry":{"type":"Point","coordinates":[-122.46367,37.71425]},"properties":{"stop_id":"16175","stop_code":"16175","stop_name":"Randolph St & Bright St"}},{"type":"Feature","geometry":{"type":"Point","coordinates":[-122.40905,37.71384]},"properties":{"stop_id":"17331","stop_code":"17331","stop_name":"Raymond Ave & Delta St"}},{"type":"Feature","geometry":{"type":"Point","coordinates":[-122.41121,37.71442]},"properties":{"stop_id":"17335","stop_code":"17335","stop_name":"Raymond Ave & Elliot St"}},{"type":"Feature","geometry":{"type":"Point","coordinates":[-122.40715,37.71334]},"properties":{"stop_id":"17330","stop_code":"17330","stop_name":"Raymond Ave & Rutland St"}},{"type":"Feature","geometry":{"type":"Point","coordinates":[-122.41347,37.71503]},"properties":{"stop_id":"17332","stop_code":"17332","stop_name":"Raymond Ave & Sawyer St"}},{"type":"Feature","geometry":{"type":"Point","coordinates":[-122.39504,37.73098]},"properties":{"stop_id":"16184","stop_code":"16184","stop_name":"Reddy St & Thornton Ave"}},{"type":"Feature","geometry":{"type":"Point","coordinates":[-122.3954,37.72979]},"properties":{"stop_id":"16185","stop_code":"16185","stop_name":"Reddy St & Williams Ave"}},{"type":"Feature","geometry":{"type":"Point","coordinates":[-122.45061,37.7402]},"properties":{"stop_id":"16228","stop_code":"16228","stop_name":"Reposa Way & Myra Way"}},{"type":"Feature","geometry":{"type":"Point","coordinates":[-122.44936,37.74082]},"properties":{"stop_id":"16229","stop_code":"16229","stop_name":"Reposa Way & Teresita Blvd"}},{"type":"Feature","geometry":{"type":"Point","coordinates":[-122.39135,37.73241]},"properties":{"stop_id":"16248","stop_code":"16248","stop_name":"Revere Ave & 3rd St"}},{"type":"Feature","geometry":{"type":"Point","coordinates":[-122.39123,37.7322]},"properties":{"stop_id":"16249","stop_code":"16249","stop_name":"Revere Ave & 3rd St"}},{"type":"Feature","geometry":{"type":"Point","coordinates":[-122.38469,37.7285]},"properties":{"stop_id":"16250","stop_code":"16250","stop_name":"Revere Ave & Ingalls St"}},{"type":"Feature","geometry":{"type":"Point","coordinates":[-122.3863,37.72953]},"properties":{"stop_id":"16251","stop_code":"16251","stop_name":"Revere Ave & Jennings St"}},{"type":"Feature","geometry":{"type":"Point","coordinates":[-122.38656,37.72956]},"properties":{"stop_id":"16252","stop_code":"16252","stop_name":"Revere Ave & Jennings St"}},{"type":"Feature","geometry":{"type":"Point","coordinates":[-122.39029,37.73169]},"properties":{"stop_id":"16254","stop_code":"16254","stop_name":"Revere Ave & Lane St"}},{"type":"Feature","geometry":{"type":"Point","coordinates":[-122.39004,37.73165]},"properties":{"stop_id":"16253","stop_code":"16253","stop_name":"Revere Ave & Lane St"}},{"type":"Feature","geometry":{"type":"Point","coordinates":[-122.40299,37.76749]},"properties":{"stop_id":"16187","stop_code":"16187","stop_name":"Rhode Island St & 15th St"}},{"type":"Feature","geometry":{"type":"Point","coordinates":[-122.40273,37.76725]},"properties":{"stop_id":"16188","stop_code":"16188","stop_name":"Rhode Island St & 15th St"}},{"type":"Feature","geometry":{"type":"Point","coordinates":[-122.40288,37.76621]},"properties":{"stop_id":"16190","stop_code":"16190","stop_name":"Rhode Island St & 16th St"}},{"type":"Feature","geometry":{"type":"Point","coordinates":[-122.40266,37.76644]},"properties":{"stop_id":"16189","stop_code":"16189","stop_name":"Rhode Island St & 16th St"}},{"type":"Feature","geometry":{"type":"Point","coordinates":[-122.40271,37.76489]},"properties":{"stop_id":"16191","stop_code":"16191","stop_name":"Rhode Island St & 17th St"}},{"type":"Feature","geometry":{"type":"Point","coordinates":[-122.4024,37.76199]},"properties":{"stop_id":"16192","stop_code":"16192","stop_name":"Rhode Island St & 18th St"}},{"type":"Feature","geometry":{"type":"Point","coordinates":[-122.40233,37.76088]},"properties":{"stop_id":"16193","stop_code":"16193","stop_name":"Rhode Island St & 19th St"}},{"type":"Feature","geometry":{"type":"Point","coordinates":[-122.40218,37.75943]},"properties":{"stop_id":"16195","stop_code":"16195","stop_name":"Rhode Island St & 20th St"}},{"type":"Feature","geometry":{"type":"Point","coordinates":[-122.40191,37.75688]},"properties":{"stop_id":"16196","stop_code":"16196","stop_name":"Rhode Island St & 22nd St"}},{"type":"Feature","geometry":{"type":"Point","coordinates":[-122.40167,37.75433]},"properties":{"stop_id":"16197","stop_code":"16197","stop_name":"Rhode Island St & 23rd St"}},{"type":"Feature","geometry":{"type":"Point","coordinates":[-122.40161,37.75352]},"properties":{"stop_id":"16198","stop_code":"16198","stop_name":"Rhode Island St & 24th St"}},{"type":"Feature","geometry":{"type":"Point","coordinates":[-122.40147,37.75211]},"properties":{"stop_id":"16199","stop_code":"16199","stop_name":"Rhode Island St & 25th St"}},{"type":"Feature","geometry":{"type":"Point","coordinates":[-122.40134,37.75073]},"properties":{"stop_id":"16200","stop_code":"16200","stop_name":"Rhode Island St & 26th St"}},{"type":"Feature","geometry":{"type":"Point","coordinates":[-122.40307,37.76878]},"properties":{"stop_id":"16201","stop_code":"16201","stop_name":"Rhode Island St & Alameda St"}},{"type":"Feature","geometry":{"type":"Point","coordinates":[-122.40284,37.76857]},"properties":{"stop_id":"16202","stop_code":"16202","stop_name":"Rhode Island St & Alameda St"}},{"type":"Feature","geometry":{"type":"Point","coordinates":[-122.40256,37.76327]},"properties":{"stop_id":"16203","stop_code":"16203","stop_name":"Rhode Island St & Mariposa St"}},{"type":"Feature","geometry":{"type":"Point","coordinates":[-122.40207,37.7585]},"properties":{"stop_id":"16204","stop_code":"16204","stop_name":"Rhode Island St & Southern Heights Ave"}},{"type":"Feature","geometry":{"type":"Point","coordinates":[-122.44745,37.80041]},"properties":{"stop_id":"16181","stop_code":"16181","stop_name":"Richardson Ave & Francisco St"}},{"type":"Feature","geometry":{"type":"Point","coordinates":[-122.44695,37.80033]},"properties":{"stop_id":"16182","stop_code":"16182","stop_name":"Richardson Ave & Francisco St"}},{"type":"Feature","geometry":{"type":"Point","coordinates":[-122.42818,37.76119]},"properties":{"stop_id":"16213","stop_code":"16213","stop_name":"Right Of Way/18th St"}},{"type":"Feature","geometry":{"type":"Point","coordinates":[-122.42792,37.75826]},"properties":{"stop_id":"16214","stop_code":"16214","stop_name":"Right Of Way/20th St"}},{"type":"Feature","geometry":{"type":"Point","coordinates":[-122.4278,37.75823]},"properties":{"stop_id":"16215","stop_code":"16215","stop_name":"Right Of Way/20th St"}},{"type":"Feature","geometry":{"type":"Point","coordinates":[-122.42682,37.75644]},"properties":{"stop_id":"16217","stop_code":"16217","stop_name":"Right Of Way/21st St"}},{"type":"Feature","geometry":{"type":"Point","coordinates":[-122.42692,37.75664]},"properties":{"stop_id":"16216","stop_code":"16216","stop_name":"Right Of Way/21st St"}},{"type":"Feature","geometry":{"type":"Point","coordinates":[-122.47435,37.73119]},"properties":{"stop_id":"16219","stop_code":"16219","stop_name":"Right Of Way/Eucalyptus Dr"}},{"type":"Feature","geometry":{"type":"Point","coordinates":[-122.47437,37.73099]},"properties":{"stop_id":"16220","stop_code":"16220","stop_name":"Right Of Way/Eucalyptus Dr"}},{"type":"Feature","geometry":{"type":"Point","coordinates":[-122.427,37.75745]},"properties":{"stop_id":"16221","stop_code":"16221","stop_name":"Right Of Way/Liberty St"}},{"type":"Feature","geometry":{"type":"Point","coordinates":[-122.42687,37.75724]},"properties":{"stop_id":"16222","stop_code":"16222","stop_name":"Right Of Way/Liberty St"}},{"type":"Feature","geometry":{"type":"Point","coordinates":[-122.47382,37.73181]},"properties":{"stop_id":"16224","stop_code":"16224","stop_name":"Right Of Way/Ocean Ave"}},{"type":"Feature","geometry":{"type":"Point","coordinates":[-122.47372,37.73202]},"properties":{"stop_id":"16223","stop_code":"16223","stop_name":"Right Of Way/Ocean Ave"}},{"type":"Feature","geometry":{"type":"Point","coordinates":[-122.41047,37.74437]},"properties":{"stop_id":"16208","stop_code":"16208","stop_name":"Ripley St & Alabama St"}},{"type":"Feature","geometry":{"type":"Point","coordinates":[-122.41315,37.74418]},"properties":{"stop_id":"16210","stop_code":"16210","stop_name":"Ripley St & Folsom St"}},{"type":"Feature","geometry":{"type":"Point","coordinates":[-122.49536,37.74585]},"properties":{"stop_id":"16245","stop_code":"16245","stop_name":"Rivera St & 37th Ave"}},{"type":"Feature","geometry":{"type":"Point","coordinates":[-122.50504,37.74543]},"properties":{"stop_id":"16246","stop_code":"16246","stop_name":"Rivera St & 46th Ave"}},{"type":"Feature","geometry":{"type":"Point","coordinates":[-122.5067,37.74535]},"properties":{"stop_id":"16247","stop_code":"16247","stop_name":"Rivera St & 48th Ave"}},{"type":"Feature","geometry":{"type":"Point","coordinates":[-122.43722,37.76716]},"properties":{"stop_id":"16232","stop_code":"16232","stop_name":"Roosevelt Way & 14th St"}},{"type":"Feature","geometry":{"type":"Point","coordinates":[-122.4395,37.76649]},"properties":{"stop_id":"16233","stop_code":"16233","stop_name":"Roosevelt Way & 15th St"}},{"type":"Feature","geometry":{"type":"Point","coordinates":[-122.44537,37.76197]},"properties":{"stop_id":"16234","stop_code":"16234","stop_name":"Roosevelt Way & 17th St"}},{"type":"Feature","geometry":{"type":"Point","coordinates":[-122.44521,37.76195]},"properties":{"stop_id":"16235","stop_code":"16235","stop_name":"Roosevelt Way & 17th St"}},{"type":"Feature","geometry":{"type":"Point","coordinates":[-122.43828,37.7667]},"properties":{"stop_id":"17310","stop_code":"17310","stop_name":"Roosevelt Way & Buena Vista Ter"}},{"type":"Feature","geometry":{"type":"Point","coordinates":[-122.44301,37.76373]},"properties":{"stop_id":"16237","stop_code":"16237","stop_name":"Roosevelt Way & Clifford Ter"}},{"type":"Feature","geometry":{"type":"Point","coordinates":[-122.44291,37.76373]},"properties":{"stop_id":"16236","stop_code":"16236","stop_name":"Roosevelt Way & Clifford Ter"}},{"type":"Feature","geometry":{"type":"Point","coordinates":[-122.44379,37.76324]},"properties":{"stop_id":"16239","stop_code":"16239","stop_name":"Roosevelt Way & Lower Ter"}},{"type":"Feature","geometry":{"type":"Point","coordinates":[-122.4437,37.76342]},"properties":{"stop_id":"16238","stop_code":"16238","stop_name":"Roosevelt Way & Lower Ter"}},{"type":"Feature","geometry":{"type":"Point","coordinates":[-122.44102,37.76536]},"properties":{"stop_id":"16240","stop_code":"16240","stop_name":"Roosevelt Way & Museum Way"}},{"type":"Feature","geometry":{"type":"Point","coordinates":[-122.42965,37.7314]},"properties":{"stop_id":"16212","stop_code":"16212","stop_name":"Rousseau St & Cayuga Ave"}},{"type":"Feature","geometry":{"type":"Point","coordinates":[-122.42985,37.71814]},"properties":{"stop_id":"16241","stop_code":"16241","stop_name":"Russia Ave & Moscow St"}},{"type":"Feature","geometry":{"type":"Point","coordinates":[-122.40672,37.71385]},"properties":{"stop_id":"17039","stop_code":"17039","stop_name":"Rutland St & Arleta Ave"}},{"type":"Feature","geometry":{"type":"Point","coordinates":[-122.40619,37.71534]},"properties":{"stop_id":"17041","stop_code":"17041","stop_name":"Rutland St & Campbell Ave"}},{"type":"Feature","geometry":{"type":"Point","coordinates":[-122.40739,37.71245]},"properties":{"stop_id":"16243","stop_code":"16243","stop_name":"Rutland St & Leland Ave"}},{"type":"Feature","geometry":{"type":"Point","coordinates":[-122.40854,37.7099]},"properties":{"stop_id":"17044","stop_code":"17044","stop_name":"Rutland St & Sunnydale Ave"}},{"type":"Feature","geometry":{"type":"Point","coordinates":[-122.40793,37.71135]},"properties":{"stop_id":"17046","stop_code":"17046","stop_name":"Rutland St & Visitacion Ave"}},{"type":"Feature","geometry":{"type":"Point","coordinates":[-122.40028,37.79418]},"properties":{"stop_id":"16290","stop_code":"16290","stop_name":"Sacramento St & Battery St"}},{"type":"Feature","geometry":{"type":"Point","coordinates":[-122.43085,37.79019]},"properties":{"stop_id":"16292","stop_code":"16292","stop_name":"Sacramento St & Buchanan St"}},{"type":"Feature","geometry":{"type":"Point","coordinates":[-122.4306,37.79036]},"properties":{"stop_id":"16291","stop_code":"16291","stop_name":"Sacramento St & Buchanan St"}},{"type":"Feature","geometry":{"type":"Point","coordinates":[-122.45656,37.78691]},"properties":{"stop_id":"16293","stop_code":"16293","stop_name":"Sacramento St & Cherry St"}},{"type":"Feature","geometry":{"type":"Point","coordinates":[-122.3976,37.79455]},"properties":{"stop_id":"16294","stop_code":"16294","stop_name":"Sacramento St & Davis St"}},{"type":"Feature","geometry":{"type":"Point","coordinates":[-122.43429,37.78988]},"properties":{"stop_id":"16295","stop_code":"16295","stop_name":"Sacramento St & Fillmore St"}},{"type":"Feature","geometry":{"type":"Point","coordinates":[-122.43382,37.78981]},"properties":{"stop_id":"16296","stop_code":"16296","stop_name":"Sacramento St & Fillmore St"}},{"type":"Feature","geometry":{"type":"Point","coordinates":[-122.42407,37.79118]},"properties":{"stop_id":"16297","stop_code":"16297","stop_name":"Sacramento St & Franklin St"}},{"type":"Feature","geometry":{"type":"Point","coordinates":[-122.42613,37.79092]},"properties":{"stop_id":"16298","stop_code":"16298","stop_name":"Sacramento St & Gough St"}},{"type":"Feature","geometry":{"type":"Point","coordinates":[-122.40631,37.79341]},"properties":{"stop_id":"16299","stop_code":"16299","stop_name":"Sacramento St & Grant Ave"}},{"type":"Feature","geometry":{"type":"Point","coordinates":[-122.41749,37.79199]},"properties":{"stop_id":"16300","stop_code":"16300","stop_name":"Sacramento St & Hyde St"}},{"type":"Feature","geometry":{"type":"Point","coordinates":[-122.4142,37.79242]},"properties":{"stop_id":"16301","stop_code":"16301","stop_name":"Sacramento St & Jones St"}},{"type":"Feature","geometry":{"type":"Point","coordinates":[-122.40482,37.79362]},"properties":{"stop_id":"16302","stop_code":"16302","stop_name":"Sacramento St & Kearny St"}},{"type":"Feature","geometry":{"type":"Point","coordinates":[-122.4293,37.7904]},"properties":{"stop_id":"16306","stop_code":"16306","stop_name":"Sacramento St & Laguna St"}},{"type":"Feature","geometry":{"type":"Point","coordinates":[-122.42888,37.79057]},"properties":{"stop_id":"16305","stop_code":"16305","stop_name":"Sacramento St & Laguna St"}},{"type":"Feature","geometry":{"type":"Point","coordinates":[-122.4195,37.79175]},"properties":{"stop_id":"16303","stop_code":"16303","stop_name":"Sacramento St & Larkin St"}},{"type":"Feature","geometry":{"type":"Point","coordinates":[-122.41587,37.79221]},"properties":{"stop_id":"16304","stop_code":"16304","stop_name":"Sacramento St & Leavenworth St"}},{"type":"Feature","geometry":{"type":"Point","coordinates":[-122.4031,37.79382]},"properties":{"stop_id":"16307","stop_code":"16307","stop_name":"Sacramento St & Montgomery St"}},{"type":"Feature","geometry":{"type":"Point","coordinates":[-122.4276,37.79061]},"properties":{"stop_id":"16310","stop_code":"16310","stop_name":"Sacramento St & Octavia St"}},{"type":"Feature","geometry":{"type":"Point","coordinates":[-122.42746,37.79076]},"properties":{"stop_id":"16309","stop_code":"16309","stop_name":"Sacramento St & Octavia St"}},{"type":"Feature","geometry":{"type":"Point","coordinates":[-122.42118,37.79155]},"properties":{"stop_id":"16311","stop_code":"16311","stop_name":"Sacramento St & Polk St"}},{"type":"Feature","geometry":{"type":"Point","coordinates":[-122.40926,37.79305]},"properties":{"stop_id":"16312","stop_code":"16312","stop_name":"Sacramento St & Powell St"}},{"type":"Feature","geometry":{"type":"Point","coordinates":[-122.44706,37.78818]},"properties":{"stop_id":"16313","stop_code":"16313","stop_name":"Sacramento St & Presidio Ave"}},{"type":"Feature","geometry":{"type":"Point","coordinates":[-122.40145,37.79406]},"properties":{"stop_id":"16314","stop_code":"16314","stop_name":"Sacramento St & Sansome St"}},{"type":"Feature","geometry":{"type":"Point","coordinates":[-122.4119,37.79271]},"properties":{"stop_id":"16315","stop_code":"16315","stop_name":"Sacramento St & Sproule Ln"}},{"type":"Feature","geometry":{"type":"Point","coordinates":[-122.40755,37.79328]},"properties":{"stop_id":"16316","stop_code":"16316","stop_name":"Sacramento St & Stockton St"}},{"type":"Feature","geometry":{"type":"Point","coordinates":[-122.42227,37.79141]},"properties":{"stop_id":"16317","stop_code":"16317","stop_name":"Sacramento St & Van Ness Ave"}},{"type":"Feature","geometry":{"type":"Point","coordinates":[-122.43225,37.79013]},"properties":{"stop_id":"16319","stop_code":"16319","stop_name":"Sacramento St & Webster St"}},{"type":"Feature","geometry":{"type":"Point","coordinates":[-122.4325,37.78999]},"properties":{"stop_id":"16320","stop_code":"16320","stop_name":"Sacramento St & Webster St"}},{"type":"Feature","geometry":{"type":"Point","coordinates":[-122.45913,37.71129]},"properties":{"stop_id":"16323","stop_code":"16323","stop_name":"Sagamore St & Capitol Ave"}},{"type":"Feature","geometry":{"type":"Point","coordinates":[-122.45888,37.71149]},"properties":{"stop_id":"16322","stop_code":"16322","stop_name":"Sagamore St & Capitol Ave"}},{"type":"Feature","geometry":{"type":"Point","coordinates":[-122.46198,37.71128]},"properties":{"stop_id":"16324","stop_code":"16324","stop_name":"Sagamore St & Orizaba Ave"}},{"type":"Feature","geometry":{"type":"Point","coordinates":[-122.46958,37.73486]},"properties":{"stop_id":"16507","stop_code":"16507","stop_name":"Saint Francis Blvd & San Fernando Way"}},{"type":"Feature","geometry":{"type":"Point","coordinates":[-122.4698,37.73471]},"properties":{"stop_id":"16508","stop_code":"16508","stop_name":"Saint Francis Blvd & San Fernando Way"}},{"type":"Feature","geometry":{"type":"Point","coordinates":[-122.46785,37.73494]},"properties":{"stop_id":"16505","stop_code":"16505","stop_name":"Saint Francis Blvd & Santa Ana Ave"}},{"type":"Feature","geometry":{"type":"Point","coordinates":[-122.46807,37.73479]},"properties":{"stop_id":"16506","stop_code":"16506","stop_name":"Saint Francis Blvd & Santa Ana Ave"}},{"type":"Feature","geometry":{"type":"Point","coordinates":[-122.46636,37.73486]},"properties":{"stop_id":"16504","stop_code":"16504","stop_name":"Saint Francis Blvd & Santa Clara Ave"}},{"type":"Feature","geometry":{"type":"Point","coordinates":[-122.4023,37.71246]},"properties":{"stop_id":"16352","stop_code":"16352","stop_name":"San Bruno Ave & Arleta Ave"}},{"type":"Feature","geometry":{"type":"Point","coordinates":[-122.40367,37.72797]},"properties":{"stop_id":"16355","stop_code":"16355","stop_name":"San Bruno Ave & Bacon St"}},{"type":"Feature","geometry":{"type":"Point","coordinates":[-122.40368,37.72754]},"properties":{"stop_id":"16357","stop_code":"16357","stop_name":"San Bruno Ave & Bacon St"}},{"type":"Feature","geometry":{"type":"Point","coordinates":[-122.40226,37.7241]},"properties":{"stop_id":"16358","stop_code":"16358","stop_name":"San Bruno Ave & Dwight St"}},{"type":"Feature","geometry":{"type":"Point","coordinates":[-122.40463,37.72991]},"properties":{"stop_id":"17900","stop_code":"17900","stop_name":"San Bruno Ave & Felton St"}},{"type":"Feature","geometry":{"type":"Point","coordinates":[-122.40011,37.71804]},"properties":{"stop_id":"17899","stop_code":"17899","stop_name":"San Bruno Ave & Harkness Ave"}},{"type":"Feature","geometry":{"type":"Point","coordinates":[-122.40127,37.72175]},"properties":{"stop_id":"16361","stop_code":"16361","stop_name":"San Bruno Ave & Mansell St"}},{"type":"Feature","geometry":{"type":"Point","coordinates":[-122.40083,37.7211]},"properties":{"stop_id":"16360","stop_code":"16360","stop_name":"San Bruno Ave & Mansell St"}},{"type":"Feature","geometry":{"type":"Point","coordinates":[-122.4021,37.72418]},"properties":{"stop_id":"16362","stop_code":"16362","stop_name":"San Bruno Ave & Paul Ave"}},{"type":"Feature","geometry":{"type":"Point","coordinates":[-122.40186,37.72365]},"properties":{"stop_id":"16363","stop_code":"16363","stop_name":"San Bruno Ave & Paul Ave"}},{"type":"Feature","geometry":{"type":"Point","coordinates":[-122.40563,37.73223]},"properties":{"stop_id":"16365","stop_code":"16365","stop_name":"San Bruno Ave & Silver Ave"}},{"type":"Feature","geometry":{"type":"Point","coordinates":[-122.40535,37.73202]},"properties":{"stop_id":"16364","stop_code":"16364","stop_name":"San Bruno Ave & Silver Ave"}},{"type":"Feature","geometry":{"type":"Point","coordinates":[-122.40216,37.71385]},"properties":{"stop_id":"16366","stop_code":"16366","stop_name":"San Bruno Ave & Somerset St"}},{"type":"Feature","geometry":{"type":"Point","coordinates":[-122.40199,37.71339]},"properties":{"stop_id":"17191","stop_code":"17191","stop_name":"San Bruno Ave & Somerset St"}},{"type":"Feature","geometry":{"type":"Point","coordinates":[-122.40462,37.73026]},"properties":{"stop_id":"16367","stop_code":"16367","stop_name":"San Bruno Ave & Thornton Ave"}},{"type":"Feature","geometry":{"type":"Point","coordinates":[-122.40054,37.71907]},"properties":{"stop_id":"16369","stop_code":"16369","stop_name":"San Bruno Ave & Ward St"}},{"type":"Feature","geometry":{"type":"Point","coordinates":[-122.40301,37.72637]},"properties":{"stop_id":"16373","stop_code":"16373","stop_name":"San Bruno Ave & Wayland St"}},{"type":"Feature","geometry":{"type":"Point","coordinates":[-122.39995,37.71677]},"properties":{"stop_id":"16371","stop_code":"16371","stop_name":"San Bruno Ave & Wilde Ave"}},{"type":"Feature","geometry":{"type":"Point","coordinates":[-122.40275,37.72531]},"properties":{"stop_id":"16372","stop_code":"16372","stop_name":"San Bruno Ave & Woolsey St"}},{"type":"Feature","geometry":{"type":"Point","coordinates":[-122.45215,37.71415]},"properties":{"stop_id":"16257","stop_code":"16257","stop_name":"San Jose Ave & Farallones St"}},{"type":"Feature","geometry":{"type":"Point","coordinates":[-122.45228,37.71396]},"properties":{"stop_id":"16259","stop_code":"16259","stop_name":"San Jose Ave & Farallones St"}},{"type":"Feature","geometry":{"type":"Point","coordinates":[-122.44655,37.72063]},"properties":{"stop_id":"17164","stop_code":"17164","stop_name":"San Jose Ave & Geneva Ave"}},{"type":"Feature","geometry":{"type":"Point","coordinates":[-122.44622,37.72124]},"properties":{"stop_id":"17778","stop_code":"17778","stop_name":"San Jose Ave & Geneva Ave"}},{"type":"Feature","geometry":{"type":"Point","coordinates":[-122.4472,37.7201]},"properties":{"stop_id":"16262","stop_code":"16262","stop_name":"San Jose Ave & Geneva Ave"}},{"type":"Feature","geometry":{"type":"Point","coordinates":[-122.44651,37.72102]},"properties":{"stop_id":"18080","stop_code":"18080","stop_name":"San Jose Ave & Geneva Ave"}},{"type":"Feature","geometry":{"type":"Point","coordinates":[-122.44647,37.72083]},"properties":{"stop_id":"16260","stop_code":"16260","stop_name":"San Jose Ave & Geneva Ave"}},{"type":"Feature","geometry":{"type":"Point","coordinates":[-122.43385,37.7324]},"properties":{"stop_id":"14788","stop_code":"14788","stop_name":"San Jose Ave/Glen Park Station"}},{"type":"Feature","geometry":{"type":"Point","coordinates":[-122.43342,37.73253]},"properties":{"stop_id":"14787","stop_code":"14787","stop_name":"San Jose Ave/Glen Park Station"}},{"type":"Feature","geometry":{"type":"Point","coordinates":[-122.45043,37.71608]},"properties":{"stop_id":"16266","stop_code":"16266","stop_name":"San Jose Ave & Lakeview Ave"}},{"type":"Feature","geometry":{"type":"Point","coordinates":[-122.45037,37.71633]},"properties":{"stop_id":"16265","stop_code":"16265","stop_name":"San Jose Ave & Lakeview Ave"}},{"type":"Feature","geometry":{"type":"Point","coordinates":[-122.44765,37.71942]},"properties":{"stop_id":"16269","stop_code":"16269","stop_name":"San Jose Ave & Niagra Ave"}},{"type":"Feature","geometry":{"type":"Point","coordinates":[-122.4447,37.72308]},"properties":{"stop_id":"16274","stop_code":"16274","stop_name":"San Jose Ave & Ocean Ave"}},{"type":"Feature","geometry":{"type":"Point","coordinates":[-122.44479,37.72286]},"properties":{"stop_id":"16275","stop_code":"16275","stop_name":"San Jose Ave & Ocean Ave"}},{"type":"Feature","geometry":{"type":"Point","coordinates":[-122.42416,37.73974]},"properties":{"stop_id":"16277","stop_code":"16277","stop_name":"San Jose Ave & Randall St"}},{"type":"Feature","geometry":{"type":"Point","coordinates":[-122.42432,37.73938]},"properties":{"stop_id":"16280","stop_code":"16280","stop_name":"San Jose Ave & Randall St"}},{"type":"Feature","geometry":{"type":"Point","coordinates":[-122.44002,37.729]},"properties":{"stop_id":"16285","stop_code":"16285","stop_name":"San Jose Ave & Santa Rosa Ave"}},{"type":"Feature","geometry":{"type":"Point","coordinates":[-122.43992,37.72899]},"properties":{"stop_id":"16284","stop_code":"16284","stop_name":"San Jose Ave & Santa Rosa Ave"}},{"type":"Feature","geometry":{"type":"Point","coordinates":[-122.44236,37.72588]},"properties":{"stop_id":"16287","stop_code":"16287","stop_name":"San Jose Ave & Santa Ynez Ave"}},{"type":"Feature","geometry":{"type":"Point","coordinates":[-122.44244,37.72568]},"properties":{"stop_id":"16288","stop_code":"16288","stop_name":"San Jose Ave & Santa Ynez Ave"}},{"type":"Feature","geometry":{"type":"Point","coordinates":[-122.40122,37.79318]},"properties":{"stop_id":"16327","stop_code":"16327","stop_name":"Sansome St & California St"}},{"type":"Feature","geometry":{"type":"Point","coordinates":[-122.40149,37.79447]},"properties":{"stop_id":"16328","stop_code":"16328","stop_name":"Sansome St & Clay St"}},{"type":"Feature","geometry":{"type":"Point","coordinates":[-122.40191,37.79653]},"properties":{"stop_id":"17863","stop_code":"17863","stop_name":"Sansome St & Jackson St"}},{"type":"Feature","geometry":{"type":"Point","coordinates":[-122.40086,37.79202]},"properties":{"stop_id":"16332","stop_code":"16332","stop_name":"Sansome St & Pine St"}},{"type":"Feature","geometry":{"type":"Point","coordinates":[-122.40131,37.79406]},"properties":{"stop_id":"16333","stop_code":"16333","stop_name":"Sansome St & Sacramento St"}},{"type":"Feature","geometry":{"type":"Point","coordinates":[-122.40165,37.79597]},"properties":{"stop_id":"16337","stop_code":"16337","stop_name":"Sansome St & Washington St"}},{"type":"Feature","geometry":{"type":"Point","coordinates":[-122.4658,37.7332]},"properties":{"stop_id":"16374","stop_code":"16374","stop_name":"Santa Clara Ave & Monterey Blvd"}},{"type":"Feature","geometry":{"type":"Point","coordinates":[-122.46615,37.73486]},"properties":{"stop_id":"16375","stop_code":"16375","stop_name":"Santa Clara Ave & Saint Francis Blvd"}},{"type":"Feature","geometry":{"type":"Point","coordinates":[-122.47049,37.74508]},"properties":{"stop_id":"16467","stop_code":"16467","stop_name":"Santiago St & 14th Ave"}},{"type":"Feature","geometry":{"type":"Point","coordinates":[-122.4735,37.74507]},"properties":{"stop_id":"16468","stop_code":"16468","stop_name":"Santiago St & 17th Ave"}},{"type":"Feature","geometry":{"type":"Point","coordinates":[-122.41444,37.71334]},"properties":{"stop_id":"17333","stop_code":"17333","stop_name":"Sawyer St & Visitacion Ave"}},{"type":"Feature","geometry":{"type":"Point","coordinates":[-122.41193,37.70916]},"properties":{"stop_id":"16383","stop_code":"16383","stop_name":"Schwerin St & Garrison Ave"}},{"type":"Feature","geometry":{"type":"Point","coordinates":[-122.41204,37.70934]},"properties":{"stop_id":"16382","stop_code":"16382","stop_name":"Schwerin St & Garrison Ave"}},{"type":"Feature","geometry":{"type":"Point","coordinates":[-122.41326,37.70657]},"properties":{"stop_id":"16384","stop_code":"16384","stop_name":"Schwerin St & Geneva Ave"}},{"type":"Feature","geometry":{"type":"Point","coordinates":[-122.41294,37.7069]},"properties":{"stop_id":"16385","stop_code":"16385","stop_name":"Schwerin St & Macdonald Ave"}},{"type":"Feature","geometry":{"type":"Point","coordinates":[-122.41136,37.71049]},"properties":{"stop_id":"16386","stop_code":"16386","stop_name":"Schwerin St & Sunnydale Ave"}},{"type":"Feature","geometry":{"type":"Point","coordinates":[-122.4116,37.71034]},"properties":{"stop_id":"16387","stop_code":"16387","stop_name":"Schwerin St & Sunnydale Ave"}},{"type":"Feature","geometry":{"type":"Point","coordinates":[-122.41234,37.70826]},"properties":{"stop_id":"16388","stop_code":"16388","stop_name":"Schwerin St & Velasco Ave"}},{"type":"Feature","geometry":{"type":"Point","coordinates":[-122.41257,37.70815]},"properties":{"stop_id":"16389","stop_code":"16389","stop_name":"Schwerin St & Velasco Ave"}},{"type":"Feature","geometry":{"type":"Point","coordinates":[-122.37109,37.8191]},"properties":{"stop_id":"18122","stop_code":"18122","stop_name":"Seven Seas Ave & Bruton St"}},{"type":"Feature","geometry":{"type":"Point","coordinates":[-122.37134,37.81977]},"properties":{"stop_id":"18121","stop_code":"18121","stop_name":"Seven Seas Ave & Bruton St"}},{"type":"Feature","geometry":{"type":"Point","coordinates":[-122.37298,37.82196]},"properties":{"stop_id":"18149","stop_code":"18149","stop_name":"Seven Seas Ave & Johnson St"}},{"type":"Feature","geometry":{"type":"Point","coordinates":[-122.37197,37.8167]},"properties":{"stop_id":"18018","stop_code":"18018","stop_name":"Shoreline Access Road"}},{"type":"Feature","geometry":{"type":"Point","coordinates":[-122.43318,37.72959]},"properties":{"stop_id":"16394","stop_code":"16394","stop_name":"Silver Ave & Alemany Blvd"}},{"type":"Feature","geometry":{"type":"Point","coordinates":[-122.43326,37.72979]},"properties":{"stop_id":"16393","stop_code":"16393","stop_name":"Silver Ave & Alemany Blvd"}},{"type":"Feature","geometry":{"type":"Point","coordinates":[-122.40257,37.73433]},"properties":{"stop_id":"16395","stop_code":"16395","stop_name":"Silver Ave & Augusta St"}},{"type":"Feature","geometry":{"type":"Point","coordinates":[-122.40436,37.73305]},"properties":{"stop_id":"16397","stop_code":"16397","stop_name":"Silver Ave & Bay Shore Blvd"}},{"type":"Feature","geometry":{"type":"Point","coordinates":[-122.41084,37.73091]},"properties":{"stop_id":"16396","stop_code":"16396","stop_name":"Silver Ave & Boylston St"}},{"type":"Feature","geometry":{"type":"Point","coordinates":[-122.41917,37.72901]},"properties":{"stop_id":"16399","stop_code":"16399","stop_name":"Silver Ave & Cambridge St"}},{"type":"Feature","geometry":{"type":"Point","coordinates":[-122.4194,37.72913]},"properties":{"stop_id":"16398","stop_code":"16398","stop_name":"Silver Ave & Cambridge St"}},{"type":"Feature","geometry":{"type":"Point","coordinates":[-122.4043,37.73327]},"properties":{"stop_id":"16400","stop_code":"16400","stop_name":"Silver Ave & Charter Oak Ave"}},{"type":"Feature","geometry":{"type":"Point","coordinates":[-122.42609,37.72856]},"properties":{"stop_id":"16402","stop_code":"16402","stop_name":"Silver Ave & Congdon St"}},{"type":"Feature","geometry":{"type":"Point","coordinates":[-122.42587,37.72871]},"properties":{"stop_id":"16401","stop_code":"16401","stop_name":"Silver Ave & Congdon St"}},{"type":"Feature","geometry":{"type":"Point","coordinates":[-122.41361,37.72984]},"properties":{"stop_id":"16405","stop_code":"16405","stop_name":"Silver Ave & Dartmouth St"}},{"type":"Feature","geometry":{"type":"Point","coordinates":[-122.41298,37.72993]},"properties":{"stop_id":"16404","stop_code":"16404","stop_name":"Silver Ave & Dartmouth St"}},{"type":"Feature","geometry":{"type":"Point","coordinates":[-122.42257,37.7289]},"properties":{"stop_id":"16406","stop_code":"16406","stop_name":"Silver Ave & Gambier St"}},{"type":"Feature","geometry":{"type":"Point","coordinates":[-122.42279,37.72875]},"properties":{"stop_id":"16407","stop_code":"16407","stop_name":"Silver Ave & Gambier St"}},{"type":"Feature","geometry":{"type":"Point","coordinates":[-122.4102,37.73097]},"properties":{"stop_id":"16408","stop_code":"16408","stop_name":"Silver Ave & Holyoke St"}},{"type":"Feature","geometry":{"type":"Point","coordinates":[-122.42857,37.72861]},"properties":{"stop_id":"17431","stop_code":"17431","stop_name":"Silver Ave & Lisbon St"}},{"type":"Feature","geometry":{"type":"Point","coordinates":[-122.42879,37.72847]},"properties":{"stop_id":"16410","stop_code":"16410","stop_name":"Silver Ave & Lisbon St"}},{"type":"Feature","geometry":{"type":"Point","coordinates":[-122.40899,37.73133]},"properties":{"stop_id":"16412","stop_code":"16412","stop_name":"Silver Ave & Merrill St"}},{"type":"Feature","geometry":{"type":"Point","coordinates":[-122.40885,37.7315]},"properties":{"stop_id":"16411","stop_code":"16411","stop_name":"Silver Ave & Merrill St"}},{"type":"Feature","geometry":{"type":"Point","coordinates":[-122.4314,37.7289]},"properties":{"stop_id":"16413","stop_code":"16413","stop_name":"Silver Ave & Mission St"}},{"type":"Feature","geometry":{"type":"Point","coordinates":[-122.43122,37.72866]},"properties":{"stop_id":"16415","stop_code":"16415","stop_name":"Silver Ave & Mission St"}},{"type":"Feature","geometry":{"type":"Point","coordinates":[-122.43111,37.72878]},"properties":{"stop_id":"16414","stop_code":"16414","stop_name":"Silver Ave & Mission St"}},{"type":"Feature","geometry":{"type":"Point","coordinates":[-122.39663,37.7371]},"properties":{"stop_id":"16416","stop_code":"16416","stop_name":"Silver Ave & Palou Ave"}},{"type":"Feature","geometry":{"type":"Point","coordinates":[-122.41611,37.72901]},"properties":{"stop_id":"16417","stop_code":"16417","stop_name":"Silver Ave & Princeton St"}},{"type":"Feature","geometry":{"type":"Point","coordinates":[-122.41627,37.72883]},"properties":{"stop_id":"16418","stop_code":"16418","stop_name":"Silver Ave & Princeton St"}},{"type":"Feature","geometry":{"type":"Point","coordinates":[-122.39862,37.73632]},"properties":{"stop_id":"16419","stop_code":"16419","stop_name":"Silver Ave & Revere Ave"}},{"type":"Feature","geometry":{"type":"Point","coordinates":[-122.39889,37.73636]},"properties":{"stop_id":"16420","stop_code":"16420","stop_name":"Silver Ave & Revere Ave"}},{"type":"Feature","geometry":{"type":"Point","coordinates":[-122.40568,37.73245]},"properties":{"stop_id":"16422","stop_code":"16422","stop_name":"Silver Ave & San Bruno Ave"}},{"type":"Feature","geometry":{"type":"Point","coordinates":[-122.40567,37.73241]},"properties":{"stop_id":"16421","stop_code":"16421","stop_name":"Silver Ave & San Bruno Ave"}},{"type":"Feature","geometry":{"type":"Point","coordinates":[-122.40159,37.73477]},"properties":{"stop_id":"17288","stop_code":"17288","stop_name":"Silver Ave & Santa Fe Ave"}},{"type":"Feature","geometry":{"type":"Point","coordinates":[-122.40107,37.73527]},"properties":{"stop_id":"16424","stop_code":"16424","stop_name":"Silver Ave & Topeka Ave"}},{"type":"Feature","geometry":{"type":"Point","coordinates":[-122.50245,37.72639]},"properties":{"stop_id":"16431","stop_code":"16431","stop_name":"Skyline Blvd & Harding Rd"}},{"type":"Feature","geometry":{"type":"Point","coordinates":[-122.49922,37.73115]},"properties":{"stop_id":"16432","stop_code":"16432","stop_name":"Skyline Blvd & Lake Merced Blvd"}},{"type":"Feature","geometry":{"type":"Point","coordinates":[-122.49649,37.73351]},"properties":{"stop_id":"17815","stop_code":"17815","stop_name":"Skyline Blvd & Sloat Blvd"}},{"type":"Feature","geometry":{"type":"Point","coordinates":[-122.49752,37.73313]},"properties":{"stop_id":"16434","stop_code":"16434","stop_name":"Skyline Blvd & Sloat Blvd"}},{"type":"Feature","geometry":{"type":"Point","coordinates":[-122.49667,37.73369]},"properties":{"stop_id":"16433","stop_code":"16433","stop_name":"Skyline Blvd & Sloat Blvd"}},{"type":"Feature","geometry":{"type":"Point","coordinates":[-122.50169,37.72822]},"properties":{"stop_id":"16429","stop_code":"16429","stop_name":"Skyline Blvd & Zoo Rd"}},{"type":"Feature","geometry":{"type":"Point","coordinates":[-122.45009,37.75122]},"properties":{"stop_id":"16426","stop_code":"16426","stop_name":"Skyview Way & Aquavista Way"}},{"type":"Feature","geometry":{"type":"Point","coordinates":[-122.45045,37.74892]},"properties":{"stop_id":"16427","stop_code":"16427","stop_name":"Skyview Way & City View Way"}},{"type":"Feature","geometry":{"type":"Point","coordinates":[-122.45033,37.74994]},"properties":{"stop_id":"16428","stop_code":"16428","stop_name":"Skyview Way & Gladeview Dr"}},{"type":"Feature","geometry":{"type":"Point","coordinates":[-122.47527,37.73449]},"properties":{"stop_id":"16436","stop_code":"16436","stop_name":"Sloat Blvd & 19th Ave"}},{"type":"Feature","geometry":{"type":"Point","coordinates":[-122.47449,37.73478]},"properties":{"stop_id":"16435","stop_code":"16435","stop_name":"Sloat Blvd & 19th Ave"}},{"type":"Feature","geometry":{"type":"Point","coordinates":[-122.47724,37.73448]},"properties":{"stop_id":"16438","stop_code":"16438","stop_name":"Sloat Blvd & 21st Ave"}},{"type":"Feature","geometry":{"type":"Point","coordinates":[-122.47738,37.73475]},"properties":{"stop_id":"16437","stop_code":"16437","stop_name":"Sloat Blvd & 21st Ave"}},{"type":"Feature","geometry":{"type":"Point","coordinates":[-122.47962,37.7344]},"properties":{"stop_id":"16439","stop_code":"16439","stop_name":"Sloat Blvd & 23rd Ave"}},{"type":"Feature","geometry":{"type":"Point","coordinates":[-122.48218,37.73429]},"properties":{"stop_id":"16440","stop_code":"16440","stop_name":"Sloat Blvd & 26th Ave"}},{"type":"Feature","geometry":{"type":"Point","coordinates":[-122.49161,37.73414]},"properties":{"stop_id":"16441","stop_code":"16441","stop_name":"Sloat Blvd & 34th Ave"}},{"type":"Feature","geometry":{"type":"Point","coordinates":[-122.49342,37.73405]},"properties":{"stop_id":"16442","stop_code":"16442","stop_name":"Sloat Blvd & 36th Ave"}},{"type":"Feature","geometry":{"type":"Point","coordinates":[-122.49345,37.73379]},"properties":{"stop_id":"16443","stop_code":"16443","stop_name":"Sloat Blvd & 36th Ave"}},{"type":"Feature","geometry":{"type":"Point","coordinates":[-122.49677,37.73391]},"properties":{"stop_id":"16445","stop_code":"16445","stop_name":"Sloat Blvd & 39th Ave"}},{"type":"Feature","geometry":{"type":"Point","coordinates":[-122.49896,37.73413]},"properties":{"stop_id":"16447","stop_code":"16447","stop_name":"Sloat Blvd & 41st Ave"}},{"type":"Feature","geometry":{"type":"Point","coordinates":[-122.49929,37.73457]},"properties":{"stop_id":"16446","stop_code":"16446","stop_name":"Sloat Blvd & 41st Ave"}},{"type":"Feature","geometry":{"type":"Point","coordinates":[-122.50278,37.73537]},"properties":{"stop_id":"16451","stop_code":"16451","stop_name":"Sloat Blvd & 45th Ave"}},{"type":"Feature","geometry":{"type":"Point","coordinates":[-122.50341,37.7356]},"properties":{"stop_id":"16450","stop_code":"16450","stop_name":"Sloat Blvd & 45th Ave"}},{"type":"Feature","geometry":{"type":"Point","coordinates":[-122.50493,37.73539]},"properties":{"stop_id":"17208","stop_code":"17208","stop_name":"Sloat Blvd & 47th Ave"}},{"type":"Feature","geometry":{"type":"Point","coordinates":[-122.50573,37.73564]},"properties":{"stop_id":"16453","stop_code":"16453","stop_name":"Sloat Blvd & 47th Ave"}},{"type":"Feature","geometry":{"type":"Point","coordinates":[-122.4916,37.73385]},"properties":{"stop_id":"16454","stop_code":"16454","stop_name":"Sloat Blvd & Clearfield Dr"}},{"type":"Feature","geometry":{"type":"Point","coordinates":[-122.48926,37.73424]},"properties":{"stop_id":"16455","stop_code":"16455","stop_name":"Sloat Blvd & Constanso Way"}},{"type":"Feature","geometry":{"type":"Point","coordinates":[-122.48006,37.73465]},"properties":{"stop_id":"16456","stop_code":"16456","stop_name":"Sloat Blvd & Crestlake Dr"}},{"type":"Feature","geometry":{"type":"Point","coordinates":[-122.48623,37.73438]},"properties":{"stop_id":"16457","stop_code":"16457","stop_name":"Sloat Blvd & El Mirasol Pl"}},{"type":"Feature","geometry":{"type":"Point","coordinates":[-122.48968,37.73396]},"properties":{"stop_id":"16458","stop_code":"16458","stop_name":"Sloat Blvd & Everglade Dr"}},{"type":"Feature","geometry":{"type":"Point","coordinates":[-122.48394,37.73421]},"properties":{"stop_id":"16459","stop_code":"16459","stop_name":"Sloat Blvd & Forest View Dr"}},{"type":"Feature","geometry":{"type":"Point","coordinates":[-122.48224,37.73456]},"properties":{"stop_id":"16460","stop_code":"16460","stop_name":"Sloat Blvd & Paraiso Pl"}},{"type":"Feature","geometry":{"type":"Point","coordinates":[-122.49649,37.73368]},"properties":{"stop_id":"16461","stop_code":"16461","stop_name":"Sloat Blvd & Skyline Blvd"}},{"type":"Feature","geometry":{"type":"Point","coordinates":[-122.48583,37.73412]},"properties":{"stop_id":"16462","stop_code":"16462","stop_name":"Sloat Blvd & Sylvan Dr"}},{"type":"Feature","geometry":{"type":"Point","coordinates":[-122.48395,37.73448]},"properties":{"stop_id":"16463","stop_code":"16463","stop_name":"Sloat Blvd & Vale Ave"}},{"type":"Feature","geometry":{"type":"Point","coordinates":[-122.47187,37.73478]},"properties":{"stop_id":"16464","stop_code":"16464","stop_name":"Sloat Blvd & West Portal Ave"}},{"type":"Feature","geometry":{"type":"Point","coordinates":[-122.47188,37.73457]},"properties":{"stop_id":"16465","stop_code":"16465","stop_name":"Sloat Blvd & West Portal Ave"}},{"type":"Feature","geometry":{"type":"Point","coordinates":[-122.43151,37.71071]},"properties":{"stop_id":"16469","stop_code":"16469","stop_name":"South Hill Blvd & Chicago Way"}},{"type":"Feature","geometry":{"type":"Point","coordinates":[-122.43218,37.71215]},"properties":{"stop_id":"16470","stop_code":"16470","stop_name":"South Hill Blvd & Prague St"}},{"type":"Feature","geometry":{"type":"Point","coordinates":[-122.43177,37.71123]},"properties":{"stop_id":"16471","stop_code":"16471","stop_name":"South Hill Blvd & Rolph St"}},{"type":"Feature","geometry":{"type":"Point","coordinates":[-122.4321,37.7117]},"properties":{"stop_id":"16472","stop_code":"16472","stop_name":"South Hill Blvd & Rolph St"}},{"type":"Feature","geometry":{"type":"Point","coordinates":[-122.41617,37.75227]},"properties":{"stop_id":"17532","stop_code":"17532","stop_name":"South Van Ness Ave & 24th St"}},{"type":"Feature","geometry":{"type":"Point","coordinates":[-122.41924,37.7751]},"properties":{"stop_id":"18088","stop_code":"18088","stop_name":"South Van Ness Ave & Market St"}},{"type":"Feature","geometry":{"type":"Point","coordinates":[-122.39122,37.79019]},"properties":{"stop_id":"17995","stop_code":"17995","stop_name":"Spear St & Folsom St"}},{"type":"Feature","geometry":{"type":"Point","coordinates":[-122.39528,37.7934]},"properties":{"stop_id":"16475","stop_code":"16475","stop_name":"Spear St & Market St"}},{"type":"Feature","geometry":{"type":"Point","coordinates":[-122.39405,37.79244]},"properties":{"stop_id":"17994","stop_code":"17994","stop_name":"Spear St & Mission St"}},{"type":"Feature","geometry":{"type":"Point","coordinates":[-122.45291,37.76645]},"properties":{"stop_id":"16478","stop_code":"16478","stop_name":"Stanyan St & Frederick St"}},{"type":"Feature","geometry":{"type":"Point","coordinates":[-122.45471,37.7746]},"properties":{"stop_id":"16479","stop_code":"16479","stop_name":"Stanyan St & Fulton St"}},{"type":"Feature","geometry":{"type":"Point","coordinates":[-122.45419,37.77282]},"properties":{"stop_id":"16480","stop_code":"16480","stop_name":"Stanyan St & Hayes St"}},{"type":"Feature","geometry":{"type":"Point","coordinates":[-122.45434,37.77277]},"properties":{"stop_id":"16481","stop_code":"16481","stop_name":"Stanyan St & Hayes St"}},{"type":"Feature","geometry":{"type":"Point","coordinates":[-122.45378,37.77086]},"properties":{"stop_id":"16482","stop_code":"16482","stop_name":"Stanyan St & Oak St"}},{"type":"Feature","geometry":{"type":"Point","coordinates":[-122.45346,37.76833]},"properties":{"stop_id":"16483","stop_code":"16483","stop_name":"Stanyan St & Waller St"}},{"type":"Feature","geometry":{"type":"Point","coordinates":[-122.42409,37.78505]},"properties":{"stop_id":"16425","stop_code":"16425","stop_name":"Starr King Way & Gough St"}},{"type":"Feature","geometry":{"type":"Point","coordinates":[-122.46933,37.71028]},"properties":{"stop_id":"16484","stop_code":"16484","stop_name":"St Charles Ave & Alemany Blvd"}},{"type":"Feature","geometry":{"type":"Point","coordinates":[-122.46932,37.70874]},"properties":{"stop_id":"16485","stop_code":"16485","stop_name":"St Charles Ave & Belle Ave"}},{"type":"Feature","geometry":{"type":"Point","coordinates":[-122.43561,37.78884]},"properties":{"stop_id":"16486","stop_code":"16486","stop_name":"Steiner St & California St"}},{"type":"Feature","geometry":{"type":"Point","coordinates":[-122.43686,37.79586]},"properties":{"stop_id":"16487","stop_code":"16487","stop_name":"Steiner St & Green St"}},{"type":"Feature","geometry":{"type":"Point","coordinates":[-122.43707,37.79606]},"properties":{"stop_id":"16488","stop_code":"16488","stop_name":"Steiner St & Green St"}},{"type":"Feature","geometry":{"type":"Point","coordinates":[-122.43556,37.78933]},"properties":{"stop_id":"16489","stop_code":"16489","stop_name":"Steiner St & Sacramento St"}},{"type":"Feature","geometry":{"type":"Point","coordinates":[-122.43705,37.79678]},"properties":{"stop_id":"16490","stop_code":"16490","stop_name":"Steiner St & Union St"}},{"type":"Feature","geometry":{"type":"Point","coordinates":[-122.43721,37.79668]},"properties":{"stop_id":"16491","stop_code":"16491","stop_name":"Steiner St & Union St"}},{"type":"Feature","geometry":{"type":"Point","coordinates":[-122.43685,37.7949]},"properties":{"stop_id":"16493","stop_code":"16493","stop_name":"Steiner St & Vallejo St"}},{"type":"Feature","geometry":{"type":"Point","coordinates":[-122.43667,37.79491]},"properties":{"stop_id":"16492","stop_code":"16492","stop_name":"Steiner St & Vallejo St"}},{"type":"Feature","geometry":{"type":"Point","coordinates":[-122.39454,37.79441]},"properties":{"stop_id":"16501","stop_code":"16501","stop_name":"Steuart St & Market St"}},{"type":"Feature","geometry":{"type":"Point","coordinates":[-122.39442,37.79427]},"properties":{"stop_id":"16497","stop_code":"16497","stop_name":"Steuart St & Mission St"}},{"type":"Feature","geometry":{"type":"Point","coordinates":[-122.39344,37.7933]},"properties":{"stop_id":"16498","stop_code":"16498","stop_name":"Steuart St & Mission St"}},{"type":"Feature","geometry":{"type":"Point","coordinates":[-122.43151,37.73182]},"properties":{"stop_id":"16509","stop_code":"16509","stop_name":"Still St & Lyell St"}},{"type":"Feature","geometry":{"type":"Point","coordinates":[-122.40779,37.79381]},"properties":{"stop_id":"16511","stop_code":"16511","stop_name":"Stockton St & Clay St"}},{"type":"Feature","geometry":{"type":"Point","coordinates":[-122.40887,37.79913]},"properties":{"stop_id":"16512","stop_code":"16512","stop_name":"Stockton St & Columbus Ave"}},{"type":"Feature","geometry":{"type":"Point","coordinates":[-122.40905,37.79928]},"properties":{"stop_id":"16513","stop_code":"16513","stop_name":"Stockton St & Columbus Ave"}},{"type":"Feature","geometry":{"type":"Point","coordinates":[-122.40946,37.80142]},"properties":{"stop_id":"16515","stop_code":"16515","stop_name":"Stockton St & Filbert St"}},{"type":"Feature","geometry":{"type":"Point","coordinates":[-122.40673,37.7877]},"properties":{"stop_id":"16516","stop_code":"16516","stop_name":"Stockton St & Geary St"}},{"type":"Feature","geometry":{"type":"Point","coordinates":[-122.4095,37.80221]},"properties":{"stop_id":"16518","stop_code":"16518","stop_name":"Stockton St & Greenwich St"}},{"type":"Feature","geometry":{"type":"Point","coordinates":[-122.40966,37.80235]},"properties":{"stop_id":"16517","stop_code":"16517","stop_name":"Stockton St & Greenwich St"}},{"type":"Feature","geometry":{"type":"Point","coordinates":[-122.40969,37.80313]},"properties":{"stop_id":"16519","stop_code":"16519","stop_name":"Stockton St & Lombard St"}},{"type":"Feature","geometry":{"type":"Point","coordinates":[-122.40829,37.79631]},"properties":{"stop_id":"16520","stop_code":"16520","stop_name":"Stockton St & Pacific Ave"}},{"type":"Feature","geometry":{"type":"Point","coordinates":[-122.40862,37.79716]},"properties":{"stop_id":"16521","stop_code":"16521","stop_name":"Stockton St & Pacific Ave"}},{"type":"Feature","geometry":{"type":"Point","coordinates":[-122.40788,37.79348]},"properties":{"stop_id":"16522","stop_code":"16522","stop_name":"Stockton St & Sacramento St"}},{"type":"Feature","geometry":{"type":"Point","coordinates":[-122.40716,37.78997]},"properties":{"stop_id":"16524","stop_code":"16524","stop_name":"Stockton St & Sutter St"}},{"type":"Feature","geometry":{"type":"Point","coordinates":[-122.40705,37.79013]},"properties":{"stop_id":"16523","stop_code":"16523","stop_name":"Stockton St & Sutter St"}},{"type":"Feature","geometry":{"type":"Point","coordinates":[-122.40928,37.80054]},"properties":{"stop_id":"16525","stop_code":"16525","stop_name":"Stockton St & Union St"}},{"type":"Feature","geometry":{"type":"Point","coordinates":[-122.40812,37.79471]},"properties":{"stop_id":"16526","stop_code":"16526","stop_name":"Stockton St & Washington St"}},{"type":"Feature","geometry":{"type":"Point","coordinates":[-122.40804,37.79488]},"properties":{"stop_id":"18117","stop_code":"18117","stop_name":"Stockton St & Washington St"}},{"type":"Feature","geometry":{"type":"Point","coordinates":[-122.40801,37.79486]},"properties":{"stop_id":"18116","stop_code":"18116","stop_name":"Stockton St & Washington St"}},{"type":"Feature","geometry":{"type":"Point","coordinates":[-122.40525,37.7088]},"properties":{"stop_id":"17297","stop_code":"17297","stop_name":"Sunnydale Ave & Bay Shore Blvd"}},{"type":"Feature","geometry":{"type":"Point","coordinates":[-122.40545,37.70901]},"properties":{"stop_id":"16569","stop_code":"16569","stop_name":"Sunnydale Ave & Bay Shore Blvd"}},{"type":"Feature","geometry":{"type":"Point","coordinates":[-122.40961,37.7102]},"properties":{"stop_id":"16571","stop_code":"16571","stop_name":"Sunnydale Ave & Cora St"}},{"type":"Feature","geometry":{"type":"Point","coordinates":[-122.40937,37.70996]},"properties":{"stop_id":"16570","stop_code":"16570","stop_name":"Sunnydale Ave & Cora St"}},{"type":"Feature","geometry":{"type":"Point","coordinates":[-122.41302,37.71098]},"properties":{"stop_id":"16573","stop_code":"16573","stop_name":"Sunnydale Ave & Garrison Ave"}},{"type":"Feature","geometry":{"type":"Point","coordinates":[-122.4241,37.7141]},"properties":{"stop_id":"16575","stop_code":"16575","stop_name":"Sunnydale Ave / Mclaren School"}},{"type":"Feature","geometry":{"type":"Point","coordinates":[-122.42367,37.71413]},"properties":{"stop_id":"16574","stop_code":"16574","stop_name":"Sunnydale Ave / Mclaren School"}},{"type":"Feature","geometry":{"type":"Point","coordinates":[-122.40851,37.70986]},"properties":{"stop_id":"16576","stop_code":"16576","stop_name":"Sunnydale Ave & Rutland St"}},{"type":"Feature","geometry":{"type":"Point","coordinates":[-122.41521,37.71163]},"properties":{"stop_id":"16580","stop_code":"16580","stop_name":"Sunnydale Ave & Sawyer St"}},{"type":"Feature","geometry":{"type":"Point","coordinates":[-122.4115,37.71059]},"properties":{"stop_id":"16582","stop_code":"16582","stop_name":"Sunnydale Ave & Schwerin St"}},{"type":"Feature","geometry":{"type":"Point","coordinates":[-122.40669,37.70935]},"properties":{"stop_id":"16583","stop_code":"16583","stop_name":"Sunnydale Ave & Talbert St"}},{"type":"Feature","geometry":{"type":"Point","coordinates":[-122.407,37.70935]},"properties":{"stop_id":"16584","stop_code":"16584","stop_name":"Sunnydale Ave & Talbert St"}},{"type":"Feature","geometry":{"type":"Point","coordinates":[-122.42215,37.71359]},"properties":{"stop_id":"18160","stop_code":"18160","stop_name":"Sunnyvale Ave & W.Access Rd"}},{"type":"Feature","geometry":{"type":"Point","coordinates":[-122.49565,37.76114]},"properties":{"stop_id":"16530","stop_code":"16530","stop_name":"Sunset Blvd & Judah St"}},{"type":"Feature","geometry":{"type":"Point","coordinates":[-122.4959,37.76066]},"properties":{"stop_id":"16529","stop_code":"16529","stop_name":"Sunset Blvd & Judah St"}},{"type":"Feature","geometry":{"type":"Point","coordinates":[-122.49565,37.75688]},"properties":{"stop_id":"16535","stop_code":"16535","stop_name":"Sunset Blvd & Lawton St"}},{"type":"Feature","geometry":{"type":"Point","coordinates":[-122.49538,37.7574]},"properties":{"stop_id":"16536","stop_code":"16536","stop_name":"Sunset Blvd & Lawton St"}},{"type":"Feature","geometry":{"type":"Point","coordinates":[-122.49537,37.75316]},"properties":{"stop_id":"16539","stop_code":"16539","stop_name":"Sunset Blvd & Noriega St"}},{"type":"Feature","geometry":{"type":"Point","coordinates":[-122.49512,37.7537]},"properties":{"stop_id":"16540","stop_code":"16540","stop_name":"Sunset Blvd & Noriega St"}},{"type":"Feature","geometry":{"type":"Point","coordinates":[-122.49387,37.73171]},"properties":{"stop_id":"16541","stop_code":"16541","stop_name":"Sunset Blvd & Ocean Ave"}},{"type":"Feature","geometry":{"type":"Point","coordinates":[-122.49362,37.73183]},"properties":{"stop_id":"16542","stop_code":"16542","stop_name":"Sunset Blvd & Ocean Ave"}},{"type":"Feature","geometry":{"type":"Point","coordinates":[-122.49502,37.7518]},"properties":{"stop_id":"16543","stop_code":"16543","stop_name":"Sunset Blvd & Ortega St"}},{"type":"Feature","geometry":{"type":"Point","coordinates":[-122.49517,37.75131]},"properties":{"stop_id":"16544","stop_code":"16544","stop_name":"Sunset Blvd & Ortega St"}},{"type":"Feature","geometry":{"type":"Point","coordinates":[-122.49495,37.74771]},"properties":{"stop_id":"16548","stop_code":"16548","stop_name":"Sunset Blvd & Quintara St"}},{"type":"Feature","geometry":{"type":"Point","coordinates":[-122.49477,37.74807]},"properties":{"stop_id":"16547","stop_code":"16547","stop_name":"Sunset Blvd & Quintara St"}},{"type":"Feature","geometry":{"type":"Point","coordinates":[-122.49458,37.7463]},"properties":{"stop_id":"16550","stop_code":"16550","stop_name":"Sunset Blvd & Rivera St"}},{"type":"Feature","geometry":{"type":"Point","coordinates":[-122.49481,37.74584]},"properties":{"stop_id":"18159","stop_code":"18159","stop_name":"Sunset Blvd & Rivera St"}},{"type":"Feature","geometry":{"type":"Point","coordinates":[-122.49482,37.74607]},"properties":{"stop_id":"16549","stop_code":"16549","stop_name":"Sunset Blvd & Rivera St"}},{"type":"Feature","geometry":{"type":"Point","coordinates":[-122.49459,37.74197]},"properties":{"stop_id":"16555","stop_code":"16555","stop_name":"Sunset Blvd & Taraval St"}},{"type":"Feature","geometry":{"type":"Point","coordinates":[-122.49434,37.74251]},"properties":{"stop_id":"16556","stop_code":"16556","stop_name":"Sunset Blvd & Taraval St"}},{"type":"Feature","geometry":{"type":"Point","coordinates":[-122.49434,37.73824]},"properties":{"stop_id":"16559","stop_code":"16559","stop_name":"Sunset Blvd & Vicente St"}},{"type":"Feature","geometry":{"type":"Point","coordinates":[-122.49407,37.73874]},"properties":{"stop_id":"16560","stop_code":"16560","stop_name":"Sunset Blvd & Vicente St"}},{"type":"Feature","geometry":{"type":"Point","coordinates":[-122.49406,37.73478]},"properties":{"stop_id":"16564","stop_code":"16564","stop_name":"Sunset Blvd & Yorba St"}},{"type":"Feature","geometry":{"type":"Point","coordinates":[-122.49378,37.73485]},"properties":{"stop_id":"16563","stop_code":"16563","stop_name":"Sunset Blvd & Yorba St"}},{"type":"Feature","geometry":{"type":"Point","coordinates":[-122.43351,37.76929]},"properties":{"stop_id":"17318","stop_code":"17318","stop_name":"Sunset Tunnel East Portal"}},{"type":"Feature","geometry":{"type":"Point","coordinates":[-122.44307,37.78489]},"properties":{"stop_id":"16585","stop_code":"16585","stop_name":"Sutter St & Baker St"}},{"type":"Feature","geometry":{"type":"Point","coordinates":[-122.44331,37.78477]},"properties":{"stop_id":"16586","stop_code":"16586","stop_name":"Sutter St & Baker St"}},{"type":"Feature","geometry":{"type":"Point","coordinates":[-122.42961,37.7865]},"properties":{"stop_id":"16588","stop_code":"16588","stop_name":"Sutter St & Buchanan St"}},{"type":"Feature","geometry":{"type":"Point","coordinates":[-122.42986,37.78658]},"properties":{"stop_id":"16587","stop_code":"16587","stop_name":"Sutter St & Buchanan St"}},{"type":"Feature","geometry":{"type":"Point","coordinates":[-122.43943,37.78526]},"properties":{"stop_id":"16590","stop_code":"16590","stop_name":"Sutter St & Divisadero St"}},{"type":"Feature","geometry":{"type":"Point","coordinates":[-122.43973,37.78531]},"properties":{"stop_id":"16589","stop_code":"16589","stop_name":"Sutter St & Divisadero St"}},{"type":"Feature","geometry":{"type":"Point","coordinates":[-122.43283,37.78609]},"properties":{"stop_id":"16592","stop_code":"16592","stop_name":"Sutter St & Fillmore St"}},{"type":"Feature","geometry":{"type":"Point","coordinates":[-122.43315,37.78616]},"properties":{"stop_id":"16591","stop_code":"16591","stop_name":"Sutter St & Fillmore St"}},{"type":"Feature","geometry":{"type":"Point","coordinates":[-122.42492,37.78721]},"properties":{"stop_id":"16593","stop_code":"16593","stop_name":"Sutter St & Gough St"}},{"type":"Feature","geometry":{"type":"Point","coordinates":[-122.41691,37.78822]},"properties":{"stop_id":"16594","stop_code":"16594","stop_name":"Sutter St & Hyde St"}},{"type":"Feature","geometry":{"type":"Point","coordinates":[-122.41362,37.78864]},"properties":{"stop_id":"16595","stop_code":"16595","stop_name":"Sutter St & Jones St"}},{"type":"Feature","geometry":{"type":"Point","coordinates":[-122.40438,37.78982]},"properties":{"stop_id":"16596","stop_code":"16596","stop_name":"Sutter St & Kearny St"}},{"type":"Feature","geometry":{"type":"Point","coordinates":[-122.42846,37.78665]},"properties":{"stop_id":"16600","stop_code":"16600","stop_name":"Sutter St & Laguna St"}},{"type":"Feature","geometry":{"type":"Point","coordinates":[-122.42871,37.78672]},"properties":{"stop_id":"16599","stop_code":"16599","stop_name":"Sutter St & Laguna St"}},{"type":"Feature","geometry":{"type":"Point","coordinates":[-122.41854,37.78801]},"properties":{"stop_id":"16597","stop_code":"16597","stop_name":"Sutter St & Larkin St"}},{"type":"Feature","geometry":{"type":"Point","coordinates":[-122.41527,37.78843]},"properties":{"stop_id":"16598","stop_code":"16598","stop_name":"Sutter St & Leavenworth St"}},{"type":"Feature","geometry":{"type":"Point","coordinates":[-122.41032,37.78906]},"properties":{"stop_id":"16601","stop_code":"16601","stop_name":"Sutter St & Mason St"}},{"type":"Feature","geometry":{"type":"Point","coordinates":[-122.42706,37.78693]},"properties":{"stop_id":"16602","stop_code":"16602","stop_name":"Sutter St & Octavia St"}},{"type":"Feature","geometry":{"type":"Point","coordinates":[-122.4202,37.7878]},"properties":{"stop_id":"16603","stop_code":"16603","stop_name":"Sutter St & Polk St"}},{"type":"Feature","geometry":{"type":"Point","coordinates":[-122.40868,37.78927]},"properties":{"stop_id":"16604","stop_code":"16604","stop_name":"Sutter St & Powell St"}},{"type":"Feature","geometry":{"type":"Point","coordinates":[-122.44617,37.78438]},"properties":{"stop_id":"16605","stop_code":"16605","stop_name":"Sutter St & Presidio Ave"}},{"type":"Feature","geometry":{"type":"Point","coordinates":[-122.40067,37.7903]},"properties":{"stop_id":"16606","stop_code":"16606","stop_name":"Sutter St & Sansome St"}},{"type":"Feature","geometry":{"type":"Point","coordinates":[-122.43832,37.7854]},"properties":{"stop_id":"16608","stop_code":"16608","stop_name":"Sutter St & Scott St"}},{"type":"Feature","geometry":{"type":"Point","coordinates":[-122.43808,37.78552]},"properties":{"stop_id":"16607","stop_code":"16607","stop_name":"Sutter St & Scott St"}},{"type":"Feature","geometry":{"type":"Point","coordinates":[-122.43479,37.78594]},"properties":{"stop_id":"16609","stop_code":"16609","stop_name":"Sutter St & Steiner St"}},{"type":"Feature","geometry":{"type":"Point","coordinates":[-122.43503,37.78579]},"properties":{"stop_id":"16610","stop_code":"16610","stop_name":"Sutter St & Steiner St"}},{"type":"Feature","geometry":{"type":"Point","coordinates":[-122.40703,37.78948]},"properties":{"stop_id":"16611","stop_code":"16611","stop_name":"Sutter St & Stockton St"}},{"type":"Feature","geometry":{"type":"Point","coordinates":[-122.41196,37.78886]},"properties":{"stop_id":"16612","stop_code":"16612","stop_name":"Sutter St & Taylor St"}},{"type":"Feature","geometry":{"type":"Point","coordinates":[-122.42154,37.78763]},"properties":{"stop_id":"16613","stop_code":"16613","stop_name":"Sutter St & Van Ness Ave"}},{"type":"Feature","geometry":{"type":"Point","coordinates":[-122.47331,37.74313]},"properties":{"stop_id":"16615","stop_code":"16615","stop_name":"Taraval St & 17th Ave"}},{"type":"Feature","geometry":{"type":"Point","coordinates":[-122.47544,37.74311]},"properties":{"stop_id":"16616","stop_code":"16616","stop_name":"Taraval St & 19th Ave"}},{"type":"Feature","geometry":{"type":"Point","coordinates":[-122.47582,37.74297]},"properties":{"stop_id":"16617","stop_code":"16617","stop_name":"Taraval St & 19th Ave"}},{"type":"Feature","geometry":{"type":"Point","coordinates":[-122.47843,37.74289]},"properties":{"stop_id":"16619","stop_code":"16619","stop_name":"Taraval St & 22nd Ave"}},{"type":"Feature","geometry":{"type":"Point","coordinates":[-122.48045,37.74287]},"properties":{"stop_id":"16620","stop_code":"16620","stop_name":"Taraval St & 23rd Ave"}},{"type":"Feature","geometry":{"type":"Point","coordinates":[-122.48308,37.74278]},"properties":{"stop_id":"16622","stop_code":"16622","stop_name":"Taraval St & 26th Ave"}},{"type":"Feature","geometry":{"type":"Point","coordinates":[-122.48338,37.74268]},"properties":{"stop_id":"16623","stop_code":"16623","stop_name":"Taraval St & 26th Ave"}},{"type":"Feature","geometry":{"type":"Point","coordinates":[-122.48768,37.74249]},"properties":{"stop_id":"16627","stop_code":"16627","stop_name":"Taraval St & 30th Ave"}},{"type":"Feature","geometry":{"type":"Point","coordinates":[-122.48734,37.74259]},"properties":{"stop_id":"16626","stop_code":"16626","stop_name":"Taraval St & 30th Ave"}},{"type":"Feature","geometry":{"type":"Point","coordinates":[-122.4895,37.74249]},"properties":{"stop_id":"16628","stop_code":"16628","stop_name":"Taraval St & 32nd Ave"}},{"type":"Feature","geometry":{"type":"Point","coordinates":[-122.4898,37.7424]},"properties":{"stop_id":"16629","stop_code":"16629","stop_name":"Taraval St & 32nd Ave"}},{"type":"Feature","geometry":{"type":"Point","coordinates":[-122.49805,37.74212]},"properties":{"stop_id":"16632","stop_code":"16632","stop_name":"Taraval St & 40th Ave"}},{"type":"Feature","geometry":{"type":"Point","coordinates":[-122.49832,37.74199]},"properties":{"stop_id":"16633","stop_code":"16633","stop_name":"Taraval St & 40th Ave"}},{"type":"Feature","geometry":{"type":"Point","coordinates":[-122.5002,37.74202]},"properties":{"stop_id":"16634","stop_code":"16634","stop_name":"Taraval St & 42nd Ave"}},{"type":"Feature","geometry":{"type":"Point","coordinates":[-122.50046,37.7419]},"properties":{"stop_id":"16635","stop_code":"16635","stop_name":"Taraval St & 42nd Ave"}},{"type":"Feature","geometry":{"type":"Point","coordinates":[-122.50235,37.74192]},"properties":{"stop_id":"16636","stop_code":"16636","stop_name":"Taraval St & 44th Ave"}},{"type":"Feature","geometry":{"type":"Point","coordinates":[-122.50261,37.7418]},"properties":{"stop_id":"16637","stop_code":"16637","stop_name":"Taraval St & 44th Ave"}},{"type":"Feature","geometry":{"type":"Point","coordinates":[-122.50449,37.74182]},"properties":{"stop_id":"16638","stop_code":"16638","stop_name":"Taraval St & 46th Ave"}},{"type":"Feature","geometry":{"type":"Point","coordinates":[-122.49436,37.74229]},"properties":{"stop_id":"16640","stop_code":"16640","stop_name":"Taraval St & Sunset Blvd"}},{"type":"Feature","geometry":{"type":"Point","coordinates":[-122.49451,37.74219]},"properties":{"stop_id":"16641","stop_code":"16641","stop_name":"Taraval St & Sunset Blvd"}},{"type":"Feature","geometry":{"type":"Point","coordinates":[-122.41519,37.80523]},"properties":{"stop_id":"16642","stop_code":"16642","stop_name":"Taylor St & Bay St"}},{"type":"Feature","geometry":{"type":"Point","coordinates":[-122.41531,37.80526]},"properties":{"stop_id":"16644","stop_code":"16644","stop_name":"Taylor St & Bay St"}},{"type":"Feature","geometry":{"type":"Point","coordinates":[-122.415,37.80376]},"properties":{"stop_id":"16645","stop_code":"16645","stop_name":"Taylor St & Columbus Ave"}},{"type":"Feature","geometry":{"type":"Point","coordinates":[-122.41495,37.80438]},"properties":{"stop_id":"16646","stop_code":"16646","stop_name":"Taylor St & Francisco St"}},{"type":"Feature","geometry":{"type":"Point","coordinates":[-122.46892,37.77053]},"properties":{"stop_id":"14772","stop_code":"14772","stop_name":"Tea Garden Dr/Deyoung Museum"}},{"type":"Feature","geometry":{"type":"Point","coordinates":[-122.40574,37.80185]},"properties":{"stop_id":"16654","stop_code":"16654","stop_name":"Telegraph Hill Blvd & Filbert St"}},{"type":"Feature","geometry":{"type":"Point","coordinates":[-122.40646,37.8026]},"properties":{"stop_id":"16656","stop_code":"16656","stop_name":"Telegraph Hill Blvd & Greenwich St"}},{"type":"Feature","geometry":{"type":"Point","coordinates":[-122.40662,37.80272]},"properties":{"stop_id":"16655","stop_code":"16655","stop_name":"Telegraph Hill Blvd & Greenwich St"}},{"type":"Feature","geometry":{"type":"Point","coordinates":[-122.44663,37.7377]},"properties":{"stop_id":"16662","stop_code":"16662","stop_name":"Teresita Blvd & Bella Vista Way"}},{"type":"Feature","geometry":{"type":"Point","coordinates":[-122.44625,37.73897]},"properties":{"stop_id":"16664","stop_code":"16664","stop_name":"Teresita Blvd & El Sereno Ct"}},{"type":"Feature","geometry":{"type":"Point","coordinates":[-122.44605,37.73893]},"properties":{"stop_id":"16663","stop_code":"16663","stop_name":"Teresita Blvd & El Sereno Ct"}},{"type":"Feature","geometry":{"type":"Point","coordinates":[-122.45118,37.74306]},"properties":{"stop_id":"16665","stop_code":"16665","stop_name":"Teresita Blvd & Evelyn Way"}},{"type":"Feature","geometry":{"type":"Point","coordinates":[-122.44633,37.73552]},"properties":{"stop_id":"16668","stop_code":"16668","stop_name":"Teresita Blvd & Foerster St"}},{"type":"Feature","geometry":{"type":"Point","coordinates":[-122.44646,37.73569]},"properties":{"stop_id":"16666","stop_code":"16666","stop_name":"Teresita Blvd & Foerster St"}},{"type":"Feature","geometry":{"type":"Point","coordinates":[-122.44878,37.73434]},"properties":{"stop_id":"16667","stop_code":"16667","stop_name":"Teresita Blvd & Foerster St"}},{"type":"Feature","geometry":{"type":"Point","coordinates":[-122.45139,37.74349]},"properties":{"stop_id":"16669","stop_code":"16669","stop_name":"Teresita Blvd & Fowler Ave"}},{"type":"Feature","geometry":{"type":"Point","coordinates":[-122.44773,37.73989]},"properties":{"stop_id":"16670","stop_code":"16670","stop_name":"Teresita Blvd & Gaviota Way"}},{"type":"Feature","geometry":{"type":"Point","coordinates":[-122.44801,37.73985]},"properties":{"stop_id":"16671","stop_code":"16671","stop_name":"Teresita Blvd & Gaviota Way"}},{"type":"Feature","geometry":{"type":"Point","coordinates":[-122.45053,37.74173]},"properties":{"stop_id":"16673","stop_code":"16673","stop_name":"Teresita Blvd & Isola Way"}},{"type":"Feature","geometry":{"type":"Point","coordinates":[-122.45047,37.74184]},"properties":{"stop_id":"16672","stop_code":"16672","stop_name":"Teresita Blvd & Isola Way"}},{"type":"Feature","geometry":{"type":"Point","coordinates":[-122.45065,37.7426]},"properties":{"stop_id":"16676","stop_code":"16676","stop_name":"Teresita Blvd & Marietta Dr"}},{"type":"Feature","geometry":{"type":"Point","coordinates":[-122.44634,37.73748]},"properties":{"stop_id":"16675","stop_code":"16675","stop_name":"Teresita Blvd & Marietta Dr"}},{"type":"Feature","geometry":{"type":"Point","coordinates":[-122.4521,37.74508]},"properties":{"stop_id":"16677","stop_code":"16677","stop_name":"Teresita Blvd & Portola Dr"}},{"type":"Feature","geometry":{"type":"Point","coordinates":[-122.44918,37.74071]},"properties":{"stop_id":"16679","stop_code":"16679","stop_name":"Teresita Blvd & Reposa Way"}},{"type":"Feature","geometry":{"type":"Point","coordinates":[-122.44922,37.74097]},"properties":{"stop_id":"16678","stop_code":"16678","stop_name":"Teresita Blvd & Reposa Way"}},{"type":"Feature","geometry":{"type":"Point","coordinates":[-122.4455,37.73457]},"properties":{"stop_id":"16681","stop_code":"16681","stop_name":"Teresita Blvd & Stillings Ave"}},{"type":"Feature","geometry":{"type":"Point","coordinates":[-122.44528,37.73447]},"properties":{"stop_id":"16680","stop_code":"16680","stop_name":"Teresita Blvd & Stillings Ave"}},{"type":"Feature","geometry":{"type":"Point","coordinates":[-122.40628,37.80694]},"properties":{"stop_id":"14501","stop_code":"14501","stop_name":"The Embarcadero & Bay St"}},{"type":"Feature","geometry":{"type":"Point","coordinates":[-122.40603,37.80663]},"properties":{"stop_id":"14502","stop_code":"14502","stop_name":"The Embarcadero & Bay St"}},{"type":"Feature","geometry":{"type":"Point","coordinates":[-122.38795,37.78455]},"properties":{"stop_id":"17447","stop_code":"17447","stop_name":"The Embarcadero & Brannan St"}},{"type":"Feature","geometry":{"type":"Point","coordinates":[-122.38798,37.78463]},"properties":{"stop_id":"17145","stop_code":"17145","stop_name":"The Embarcadero & Brannan St"}},{"type":"Feature","geometry":{"type":"Point","coordinates":[-122.38814,37.78436]},"properties":{"stop_id":"14506","stop_code":"14506","stop_name":"The Embarcadero & Brannan St"}},{"type":"Feature","geometry":{"type":"Point","coordinates":[-122.39743,37.7989]},"properties":{"stop_id":"14504","stop_code":"14504","stop_name":"The Embarcadero & Broadway"}},{"type":"Feature","geometry":{"type":"Point","coordinates":[-122.39787,37.79955]},"properties":{"stop_id":"14503","stop_code":"14503","stop_name":"The Embarcadero & Broadway"}},{"type":"Feature","geometry":{"type":"Point","coordinates":[-122.39355,37.79489]},"properties":{"stop_id":"14513","stop_code":"14513","stop_name":"The Embarcadero & Ferry Building"}},{"type":"Feature","geometry":{"type":"Point","coordinates":[-122.39377,37.79483]},"properties":{"stop_id":"17283","stop_code":"17283","stop_name":"The Embarcadero & Ferry Building"}},{"type":"Feature","geometry":{"type":"Point","coordinates":[-122.38984,37.79075]},"properties":{"stop_id":"14510","stop_code":"14510","stop_name":"The Embarcadero & Folsom St"}},{"type":"Feature","geometry":{"type":"Point","coordinates":[-122.38977,37.79073]},"properties":{"stop_id":"14508","stop_code":"14508","stop_name":"The Embarcadero & Folsom St"}},{"type":"Feature","geometry":{"type":"Point","coordinates":[-122.3899,37.79056]},"properties":{"stop_id":"14511","stop_code":"14511","stop_name":"The Embarcadero & Folsom St"}},{"type":"Feature","geometry":{"type":"Point","coordinates":[-122.38969,37.79048]},"properties":{"stop_id":"14509","stop_code":"14509","stop_name":"The Embarcadero & Folsom St"}},{"type":"Feature","geometry":{"type":"Point","coordinates":[-122.39937,37.80126]},"properties":{"stop_id":"14517","stop_code":"14517","stop_name":"The Embarcadero & Green St"}},{"type":"Feature","geometry":{"type":"Point","coordinates":[-122.39892,37.8006]},"properties":{"stop_id":"14518","stop_code":"14518","stop_name":"The Embarcadero & Green St"}},{"type":"Feature","geometry":{"type":"Point","coordinates":[-122.40103,37.80296]},"properties":{"stop_id":"14516","stop_code":"14516","stop_name":"The Embarcadero & Greenwich St"}},{"type":"Feature","geometry":{"type":"Point","coordinates":[-122.40111,37.80326]},"properties":{"stop_id":"14515","stop_code":"14515","stop_name":"The Embarcadero & Greenwich St"}},{"type":"Feature","geometry":{"type":"Point","coordinates":[-122.39107,37.79216]},"properties":{"stop_id":"14520","stop_code":"14520","stop_name":"The Embarcadero & Howard St"}},{"type":"Feature","geometry":{"type":"Point","coordinates":[-122.40331,37.80502]},"properties":{"stop_id":"14529","stop_code":"14529","stop_name":"The Embarcadero & Sansome St"}},{"type":"Feature","geometry":{"type":"Point","coordinates":[-122.41029,37.80835]},"properties":{"stop_id":"14530","stop_code":"14530","stop_name":"The Embarcadero & Stockton St"}},{"type":"Feature","geometry":{"type":"Point","coordinates":[-122.38832,37.7836]},"properties":{"stop_id":"14531","stop_code":"14531","stop_name":"The Embarcadero & Townsend St"}},{"type":"Feature","geometry":{"type":"Point","coordinates":[-122.39567,37.79709]},"properties":{"stop_id":"14532","stop_code":"14532","stop_name":"The Embarcadero & Washington St"}},{"type":"Feature","geometry":{"type":"Point","coordinates":[-122.39518,37.79635]},"properties":{"stop_id":"14534","stop_code":"14534","stop_name":"The Embarcadero & Washington St"}},{"type":"Feature","geometry":{"type":"Point","coordinates":[-122.39746,37.71876]},"properties":{"stop_id":"17376","stop_code":"17376","stop_name":"Third St & Le Conte Ave"}},{"type":"Feature","geometry":{"type":"Point","coordinates":[-122.38757,37.7491]},"properties":{"stop_id":"17378","stop_code":"17378","stop_name":"Third St & Marin St"}},{"type":"Feature","geometry":{"type":"Point","coordinates":[-122.38741,37.74895]},"properties":{"stop_id":"17377","stop_code":"17377","stop_name":"Third St & Marin St"}},{"type":"Feature","geometry":{"type":"Point","coordinates":[-122.38895,37.76418]},"properties":{"stop_id":"17382","stop_code":"17382","stop_name":"Third St & Mariposa St"}},{"type":"Feature","geometry":{"type":"Point","coordinates":[-122.38876,37.76443]},"properties":{"stop_id":"17381","stop_code":"17381","stop_name":"Third St & Mariposa St"}},{"type":"Feature","geometry":{"type":"Point","coordinates":[-122.38856,37.76052]},"properties":{"stop_id":"17355","stop_code":"17355","stop_name":"Third Street & 20th St"}},{"type":"Feature","geometry":{"type":"Point","coordinates":[-122.38859,37.76037]},"properties":{"stop_id":"17362","stop_code":"17362","stop_name":"Third Street & 20th St"}},{"type":"Feature","geometry":{"type":"Point","coordinates":[-122.388,37.75541]},"properties":{"stop_id":"17354","stop_code":"17354","stop_name":"Third Street & 23rd St"}},{"type":"Feature","geometry":{"type":"Point","coordinates":[-122.38805,37.75526]},"properties":{"stop_id":"17363","stop_code":"17363","stop_name":"Third Street & 23rd St"}},{"type":"Feature","geometry":{"type":"Point","coordinates":[-122.39422,37.72549]},"properties":{"stop_id":"17343","stop_code":"17343","stop_name":"Third Street & Carroll Ave"}},{"type":"Feature","geometry":{"type":"Point","coordinates":[-122.39439,37.72524]},"properties":{"stop_id":"17344","stop_code":"17344","stop_name":"Third Street & Carroll Ave"}},{"type":"Feature","geometry":{"type":"Point","coordinates":[-122.38803,37.74273]},"properties":{"stop_id":"17365","stop_code":"17365","stop_name":"Third Street & Evans Ave"}},{"type":"Feature","geometry":{"type":"Point","coordinates":[-122.38792,37.74273]},"properties":{"stop_id":"17352","stop_code":"17352","stop_name":"Third Street & Evans Ave"}},{"type":"Feature","geometry":{"type":"Point","coordinates":[-122.39578,37.7222]},"properties":{"stop_id":"17342","stop_code":"17342","stop_name":"Third Street/Gilman/Paul"}},{"type":"Feature","geometry":{"type":"Point","coordinates":[-122.39561,37.72245]},"properties":{"stop_id":"17347","stop_code":"17347","stop_name":"Third Street/Gilman/Paul"}},{"type":"Feature","geometry":{"type":"Point","coordinates":[-122.38888,37.73992]},"properties":{"stop_id":"17404","stop_code":"17404","stop_name":"Third Street/Hudson/Innes"}},{"type":"Feature","geometry":{"type":"Point","coordinates":[-122.38893,37.73993]},"properties":{"stop_id":"17390","stop_code":"17390","stop_name":"Third Street/Hudson/Innes"}},{"type":"Feature","geometry":{"type":"Point","coordinates":[-122.38973,37.73765]},"properties":{"stop_id":"17391","stop_code":"17391","stop_name":"Third Street/Kirkwood/La Salle"}},{"type":"Feature","geometry":{"type":"Point","coordinates":[-122.38969,37.73764]},"properties":{"stop_id":"17403","stop_code":"17403","stop_name":"Third Street/Kirkwood/La Salle"}},{"type":"Feature","geometry":{"type":"Point","coordinates":[-122.39747,37.71881]},"properties":{"stop_id":"17400","stop_code":"17400","stop_name":"Third Street & Le Conte Ave"}},{"type":"Feature","geometry":{"type":"Point","coordinates":[-122.3977,37.71864]},"properties":{"stop_id":"17394","stop_code":"17394","stop_name":"Third Street & Le Conte Ave"}},{"type":"Feature","geometry":{"type":"Point","coordinates":[-122.38744,37.749]},"properties":{"stop_id":"17353","stop_code":"17353","stop_name":"Third Street & Marin St"}},{"type":"Feature","geometry":{"type":"Point","coordinates":[-122.38752,37.7491]},"properties":{"stop_id":"17364","stop_code":"17364","stop_name":"Third Street & Marin St"}},{"type":"Feature","geometry":{"type":"Point","coordinates":[-122.38968,37.77298]},"properties":{"stop_id":"17358","stop_code":"17358","stop_name":"Third Street & Mission Rock St"}},{"type":"Feature","geometry":{"type":"Point","coordinates":[-122.38972,37.77283]},"properties":{"stop_id":"17359","stop_code":"17359","stop_name":"Third Street & Mission Rock St"}},{"type":"Feature","geometry":{"type":"Point","coordinates":[-122.39084,37.73436]},"properties":{"stop_id":"17402","stop_code":"17402","stop_name":"Third Street/Oakdale/Palou"}},{"type":"Feature","geometry":{"type":"Point","coordinates":[-122.39089,37.73435]},"properties":{"stop_id":"17392","stop_code":"17392","stop_name":"Third Street/Oakdale/Palou"}},{"type":"Feature","geometry":{"type":"Point","coordinates":[-122.3915,37.73226]},"properties":{"stop_id":"17401","stop_code":"17401","stop_name":"Third Street/Revere/Shafter"}},{"type":"Feature","geometry":{"type":"Point","coordinates":[-122.3916,37.73229]},"properties":{"stop_id":"17393","stop_code":"17393","stop_name":"Third Street/Revere/Shafter"}},{"type":"Feature","geometry":{"type":"Point","coordinates":[-122.3926,37.72929]},"properties":{"stop_id":"17345","stop_code":"17345","stop_name":"Third Street & Williams Ave"}},{"type":"Feature","geometry":{"type":"Point","coordinates":[-122.39268,37.72921]},"properties":{"stop_id":"17346","stop_code":"17346","stop_name":"Third Street & Williams Ave"}},{"type":"Feature","geometry":{"type":"Point","coordinates":[-122.39946,37.73167]},"properties":{"stop_id":"17760","stop_code":"17760","stop_name":"Thornton Dr & Scotia Ave"}},{"type":"Feature","geometry":{"type":"Point","coordinates":[-122.40572,37.7166]},"properties":{"stop_id":"17128","stop_code":"17128","stop_name":"Tioga Ave & Rutland St"}},{"type":"Feature","geometry":{"type":"Point","coordinates":[-122.39762,37.7333]},"properties":{"stop_id":"16702","stop_code":"16702","stop_name":"Topeka Ave & Bridge View Dr"}},{"type":"Feature","geometry":{"type":"Point","coordinates":[-122.39555,37.7318]},"properties":{"stop_id":"16703","stop_code":"16703","stop_name":"Topeka Ave & Newhall St"}},{"type":"Feature","geometry":{"type":"Point","coordinates":[-122.39527,37.73117]},"properties":{"stop_id":"16704","stop_code":"16704","stop_name":"Topeka Ave & Thornton Ave"}},{"type":"Feature","geometry":{"type":"Point","coordinates":[-122.39592,37.73201]},"properties":{"stop_id":"16705","stop_code":"16705","stop_name":"Topeka Ave & Venus St"}},{"type":"Feature","geometry":{"type":"Point","coordinates":[-122.39549,37.77658]},"properties":{"stop_id":"16695","stop_code":"16695","stop_name":"Townsend St & 4th St"}},{"type":"Feature","geometry":{"type":"Point","coordinates":[-122.39463,37.77728]},"properties":{"stop_id":"17235","stop_code":"17235","stop_name":"Townsend St & 4th St"}},{"type":"Feature","geometry":{"type":"Point","coordinates":[-122.39667,37.77565]},"properties":{"stop_id":"17957","stop_code":"17957","stop_name":"Townsend St & 5th St"}},{"type":"Feature","geometry":{"type":"Point","coordinates":[-122.40238,37.77114]},"properties":{"stop_id":"17960","stop_code":"17960","stop_name":"Townsend St & 7th St"}},{"type":"Feature","geometry":{"type":"Point","coordinates":[-122.39375,37.778]},"properties":{"stop_id":"18110","stop_code":"18110","stop_name":"Townsend St & Lusk St"}},{"type":"Feature","geometry":{"type":"Point","coordinates":[-122.39391,37.77788]},"properties":{"stop_id":"18109","stop_code":"18109","stop_name":"Townsend St & Lusk St"}},{"type":"Feature","geometry":{"type":"Point","coordinates":[-122.45818,37.77715]},"properties":{"stop_id":"16709","stop_code":"16709","stop_name":"Turk St & Arguello Blvd"}},{"type":"Feature","geometry":{"type":"Point","coordinates":[-122.44217,37.77929]},"properties":{"stop_id":"16710","stop_code":"16710","stop_name":"Turk St & Baker St"}},{"type":"Feature","geometry":{"type":"Point","coordinates":[-122.44215,37.77916]},"properties":{"stop_id":"16711","stop_code":"16711","stop_name":"Turk St & Baker St"}},{"type":"Feature","geometry":{"type":"Point","coordinates":[-122.4403,37.77951]},"properties":{"stop_id":"16712","stop_code":"16712","stop_name":"Turk St & Broderick St"}},{"type":"Feature","geometry":{"type":"Point","coordinates":[-122.44049,37.77936]},"properties":{"stop_id":"16713","stop_code":"16713","stop_name":"Turk St & Broderick St"}},{"type":"Feature","geometry":{"type":"Point","coordinates":[-122.44525,37.77891]},"properties":{"stop_id":"16716","stop_code":"16716","stop_name":"Turk St & Central Ave"}},{"type":"Feature","geometry":{"type":"Point","coordinates":[-122.44544,37.77876]},"properties":{"stop_id":"16717","stop_code":"16717","stop_name":"Turk St & Central Ave"}},{"type":"Feature","geometry":{"type":"Point","coordinates":[-122.4517,37.77809]},"properties":{"stop_id":"16714","stop_code":"16714","stop_name":"Turk St & Chabot Ter"}},{"type":"Feature","geometry":{"type":"Point","coordinates":[-122.45137,37.77801]},"properties":{"stop_id":"16715","stop_code":"16715","stop_name":"Turk St & Chabot Ter"}},{"type":"Feature","geometry":{"type":"Point","coordinates":[-122.41586,37.78262]},"properties":{"stop_id":"16718","stop_code":"16718","stop_name":"Turk St & Hyde St"}},{"type":"Feature","geometry":{"type":"Point","coordinates":[-122.41258,37.78304]},"properties":{"stop_id":"16719","stop_code":"16719","stop_name":"Turk St & Jones St"}},{"type":"Feature","geometry":{"type":"Point","coordinates":[-122.4172,37.78246]},"properties":{"stop_id":"16720","stop_code":"16720","stop_name":"Turk St & Larkin St"}},{"type":"Feature","geometry":{"type":"Point","coordinates":[-122.41422,37.78283]},"properties":{"stop_id":"16721","stop_code":"16721","stop_name":"Turk St & Leavenworth St"}},{"type":"Feature","geometry":{"type":"Point","coordinates":[-122.44379,37.77896]},"properties":{"stop_id":"16723","stop_code":"16723","stop_name":"Turk St & Lyon St"}},{"type":"Feature","geometry":{"type":"Point","coordinates":[-122.4436,37.77911]},"properties":{"stop_id":"16722","stop_code":"16722","stop_name":"Turk St & Lyon St"}},{"type":"Feature","geometry":{"type":"Point","coordinates":[-122.44714,37.77855]},"properties":{"stop_id":"16725","stop_code":"16725","stop_name":"Turk St & Masonic Ave"}},{"type":"Feature","geometry":{"type":"Point","coordinates":[-122.44721,37.77866]},"properties":{"stop_id":"16724","stop_code":"16724","stop_name":"Turk St & Masonic Ave"}},{"type":"Feature","geometry":{"type":"Point","coordinates":[-122.45348,37.77775]},"properties":{"stop_id":"16728","stop_code":"16728","stop_name":"Turk St & Parker Ave"}},{"type":"Feature","geometry":{"type":"Point","coordinates":[-122.45328,37.7779]},"properties":{"stop_id":"16727","stop_code":"16727","stop_name":"Turk St & Parker Ave"}},{"type":"Feature","geometry":{"type":"Point","coordinates":[-122.44992,37.77834]},"properties":{"stop_id":"16730","stop_code":"16730","stop_name":"Turk St & Roselyn Ter"}},{"type":"Feature","geometry":{"type":"Point","coordinates":[-122.44959,37.77824]},"properties":{"stop_id":"16729","stop_code":"16729","stop_name":"Turk St & Roselyn Ter"}},{"type":"Feature","geometry":{"type":"Point","coordinates":[-122.45537,37.77764]},"properties":{"stop_id":"16731","stop_code":"16731","stop_name":"Turk St & Stanyan St"}},{"type":"Feature","geometry":{"type":"Point","coordinates":[-122.45503,37.77756]},"properties":{"stop_id":"16732","stop_code":"16732","stop_name":"Turk St & Stanyan St"}},{"type":"Feature","geometry":{"type":"Point","coordinates":[-122.40938,37.78348]},"properties":{"stop_id":"16733","stop_code":"16733","stop_name":"Turk St & Taylor St"}},{"type":"Feature","geometry":{"type":"Point","coordinates":[-122.38918,37.7685]},"properties":{"stop_id":"17357","stop_code":"17357","stop_name":"Ucsf / Chase Center (16th St)"}},{"type":"Feature","geometry":{"type":"Point","coordinates":[-122.38937,37.76824]},"properties":{"stop_id":"17360","stop_code":"17360","stop_name":"Ucsf / Chase Center (16th Street)"}},{"type":"Feature","geometry":{"type":"Point","coordinates":[-122.38885,37.76439]},"properties":{"stop_id":"17356","stop_code":"17356","stop_name":"Ucsf Medical Center (Mariposa)"}},{"type":"Feature","geometry":{"type":"Point","coordinates":[-122.38886,37.76424]},"properties":{"stop_id":"17361","stop_code":"17361","stop_name":"Ucsf Medical Center (Mariposa)"}},{"type":"Feature","geometry":{"type":"Point","coordinates":[-122.47021,37.74136]},"properties":{"stop_id":"18137","stop_code":"18137","stop_name":"Ulloa St & 14th Ave"}},{"type":"Feature","geometry":{"type":"Point","coordinates":[-122.46997,37.7415]},"properties":{"stop_id":"18136","stop_code":"18136","stop_name":"Ulloa St & 14th Ave"}},{"type":"Feature","geometry":{"type":"Point","coordinates":[-122.48722,37.74072]},"properties":{"stop_id":"16735","stop_code":"16735","stop_name":"Ulloa St & 30th Ave"}},{"type":"Feature","geometry":{"type":"Point","coordinates":[-122.46541,37.74076]},"properties":{"stop_id":"18039","stop_code":"18039","stop_name":"Ulloa St & Claremont St"}},{"type":"Feature","geometry":{"type":"Point","coordinates":[-122.4688,37.74144]},"properties":{"stop_id":"16737","stop_code":"16737","stop_name":"Ulloa St & Forest Side Ave"}},{"type":"Feature","geometry":{"type":"Point","coordinates":[-122.46847,37.74153]},"properties":{"stop_id":"16736","stop_code":"16736","stop_name":"Ulloa St & Forest Side Ave"}},{"type":"Feature","geometry":{"type":"Point","coordinates":[-122.46616,37.74112]},"properties":{"stop_id":"16738","stop_code":"16738","stop_name":"Ulloa St & Lenox Way"}},{"type":"Feature","geometry":{"type":"Point","coordinates":[-122.46617,37.74101]},"properties":{"stop_id":"16744","stop_code":"16744","stop_name":"Ulloa St & West Portal Ave"}},{"type":"Feature","geometry":{"type":"Point","coordinates":[-122.46564,37.74073]},"properties":{"stop_id":"17976","stop_code":"17976","stop_name":"Ulloa St & West Portal Ave"}},{"type":"Feature","geometry":{"type":"Point","coordinates":[-122.40648,37.78715]},"properties":{"stop_id":"17877","stop_code":"17877","stop_name":"Union Square/Market St Station Northbound"}},{"type":"Feature","geometry":{"type":"Point","coordinates":[-122.40652,37.78713]},"properties":{"stop_id":"17874","stop_code":"17874","stop_name":"Union Square/Market St Station Southbound"}},{"type":"Feature","geometry":{"type":"Point","coordinates":[-122.44551,37.79575]},"properties":{"stop_id":"16746","stop_code":"16746","stop_name":"Union St & Baker St"}},{"type":"Feature","geometry":{"type":"Point","coordinates":[-122.44531,37.7959]},"properties":{"stop_id":"16745","stop_code":"16745","stop_name":"Union St & Baker St"}},{"type":"Feature","geometry":{"type":"Point","coordinates":[-122.43211,37.79758]},"properties":{"stop_id":"17056","stop_code":"17056","stop_name":"Union St & Buchanan St"}},{"type":"Feature","geometry":{"type":"Point","coordinates":[-122.4323,37.79743]},"properties":{"stop_id":"16748","stop_code":"16748","stop_name":"Union St & Buchanan St"}},{"type":"Feature","geometry":{"type":"Point","coordinates":[-122.41008,37.80041]},"properties":{"stop_id":"16750","stop_code":"16750","stop_name":"Union St & Columbus Ave"}},{"type":"Feature","geometry":{"type":"Point","coordinates":[-122.41031,37.80028]},"properties":{"stop_id":"16751","stop_code":"16751","stop_name":"Union St & Columbus Ave"}},{"type":"Feature","geometry":{"type":"Point","coordinates":[-122.44199,37.79632]},"properties":{"stop_id":"16752","stop_code":"16752","stop_name":"Union St & Divisadero St"}},{"type":"Feature","geometry":{"type":"Point","coordinates":[-122.44218,37.79617]},"properties":{"stop_id":"16753","stop_code":"16753","stop_name":"Union St & Divisadero St"}},{"type":"Feature","geometry":{"type":"Point","coordinates":[-122.43533,37.79704]},"properties":{"stop_id":"16755","stop_code":"16755","stop_name":"Union St & Fillmore St"}},{"type":"Feature","geometry":{"type":"Point","coordinates":[-122.43566,37.79712]},"properties":{"stop_id":"16754","stop_code":"16754","stop_name":"Union St & Fillmore St"}},{"type":"Feature","geometry":{"type":"Point","coordinates":[-122.42737,37.79806]},"properties":{"stop_id":"16757","stop_code":"16757","stop_name":"Union St & Gough St"}},{"type":"Feature","geometry":{"type":"Point","coordinates":[-122.42718,37.79821]},"properties":{"stop_id":"16756","stop_code":"16756","stop_name":"Union St & Gough St"}},{"type":"Feature","geometry":{"type":"Point","coordinates":[-122.40769,37.8006]},"properties":{"stop_id":"16759","stop_code":"16759","stop_name":"Union St & Grant Ave"}},{"type":"Feature","geometry":{"type":"Point","coordinates":[-122.4075,37.80068]},"properties":{"stop_id":"16758","stop_code":"16758","stop_name":"Union St & Grant Ave"}},{"type":"Feature","geometry":{"type":"Point","coordinates":[-122.41896,37.79927]},"properties":{"stop_id":"16760","stop_code":"16760","stop_name":"Union St & Hyde St"}},{"type":"Feature","geometry":{"type":"Point","coordinates":[-122.41915,37.79912]},"properties":{"stop_id":"16761","stop_code":"16761","stop_name":"Union St & Hyde St"}},{"type":"Feature","geometry":{"type":"Point","coordinates":[-122.41586,37.79954]},"properties":{"stop_id":"16763","stop_code":"16763","stop_name":"Union St & Jones St"}},{"type":"Feature","geometry":{"type":"Point","coordinates":[-122.41567,37.79969]},"properties":{"stop_id":"16762","stop_code":"16762","stop_name":"Union St & Jones St"}},{"type":"Feature","geometry":{"type":"Point","coordinates":[-122.4061,37.80076]},"properties":{"stop_id":"16765","stop_code":"16765","stop_name":"Union St & Kearny St"}},{"type":"Feature","geometry":{"type":"Point","coordinates":[-122.40596,37.80091]},"properties":{"stop_id":"16764","stop_code":"16764","stop_name":"Union St & Kearny St"}},{"type":"Feature","geometry":{"type":"Point","coordinates":[-122.43065,37.79764]},"properties":{"stop_id":"16771","stop_code":"16771","stop_name":"Union St & Laguna St"}},{"type":"Feature","geometry":{"type":"Point","coordinates":[-122.43046,37.79779]},"properties":{"stop_id":"16770","stop_code":"16770","stop_name":"Union St & Laguna St"}},{"type":"Feature","geometry":{"type":"Point","coordinates":[-122.42061,37.79907]},"properties":{"stop_id":"16766","stop_code":"16766","stop_name":"Union St & Larkin St"}},{"type":"Feature","geometry":{"type":"Point","coordinates":[-122.42053,37.79895]},"properties":{"stop_id":"16767","stop_code":"16767","stop_name":"Union St & Larkin St"}},{"type":"Feature","geometry":{"type":"Point","coordinates":[-122.41755,37.79945]},"properties":{"stop_id":"16768","stop_code":"16768","stop_name":"Union St & Leavenworth St"}},{"type":"Feature","geometry":{"type":"Point","coordinates":[-122.41751,37.79932]},"properties":{"stop_id":"16769","stop_code":"16769","stop_name":"Union St & Leavenworth St"}},{"type":"Feature","geometry":{"type":"Point","coordinates":[-122.41237,37.80011]},"properties":{"stop_id":"16773","stop_code":"16773","stop_name":"Union St & Mason St"}},{"type":"Feature","geometry":{"type":"Point","coordinates":[-122.41257,37.79996]},"properties":{"stop_id":"16774","stop_code":"16774","stop_name":"Union St & Mason St"}},{"type":"Feature","geometry":{"type":"Point","coordinates":[-122.40447,37.80109]},"properties":{"stop_id":"16775","stop_code":"16775","stop_name":"Union St & Montgomery St"}},{"type":"Feature","geometry":{"type":"Point","coordinates":[-122.40451,37.80096]},"properties":{"stop_id":"16776","stop_code":"16776","stop_name":"Union St & Montgomery St"}},{"type":"Feature","geometry":{"type":"Point","coordinates":[-122.43869,37.79674]},"properties":{"stop_id":"16777","stop_code":"16777","stop_name":"Union St & Pierce St"}},{"type":"Feature","geometry":{"type":"Point","coordinates":[-122.43888,37.79659]},"properties":{"stop_id":"16778","stop_code":"16778","stop_name":"Union St & Pierce St"}},{"type":"Feature","geometry":{"type":"Point","coordinates":[-122.42243,37.79868]},"properties":{"stop_id":"16780","stop_code":"16780","stop_name":"Union St & Polk St"}},{"type":"Feature","geometry":{"type":"Point","coordinates":[-122.4225,37.7988]},"properties":{"stop_id":"16779","stop_code":"16779","stop_name":"Union St & Polk St"}},{"type":"Feature","geometry":{"type":"Point","coordinates":[-122.40927,37.80037]},"properties":{"stop_id":"16782","stop_code":"16782","stop_name":"Union St & Stockton St"}},{"type":"Feature","geometry":{"type":"Point","coordinates":[-122.41402,37.79989]},"properties":{"stop_id":"16783","stop_code":"16783","stop_name":"Union St & Taylor St"}},{"type":"Feature","geometry":{"type":"Point","coordinates":[-122.41422,37.79974]},"properties":{"stop_id":"16785","stop_code":"16785","stop_name":"Union St & Taylor St"}},{"type":"Feature","geometry":{"type":"Point","coordinates":[-122.42415,37.79847]},"properties":{"stop_id":"16787","stop_code":"16787","stop_name":"Union St & Van Ness Ave"}},{"type":"Feature","geometry":{"type":"Point","coordinates":[-122.42424,37.79859]},"properties":{"stop_id":"16786","stop_code":"16786","stop_name":"Union St & Van Ness Ave"}},{"type":"Feature","geometry":{"type":"Point","coordinates":[-122.41339,37.72499]},"properties":{"stop_id":"16789","stop_code":"16789","stop_name":"University St & Bacon St"}},{"type":"Feature","geometry":{"type":"Point","coordinates":[-122.41354,37.72514]},"properties":{"stop_id":"16788","stop_code":"16788","stop_name":"University St & Bacon St"}},{"type":"Feature","geometry":{"type":"Point","coordinates":[-122.41439,37.72739]},"properties":{"stop_id":"16792","stop_code":"16792","stop_name":"University St & Felton St"}},{"type":"Feature","geometry":{"type":"Point","coordinates":[-122.41253,37.72273]},"properties":{"stop_id":"16793","stop_code":"16793","stop_name":"University St & Woolsey St"}},{"type":"Feature","geometry":{"type":"Point","coordinates":[-122.4428,37.76582]},"properties":{"stop_id":"16796","stop_code":"16796","stop_name":"Upper Ter & Buena Vista Ave West"}},{"type":"Feature","geometry":{"type":"Point","coordinates":[-122.44338,37.76545]},"properties":{"stop_id":"16797","stop_code":"16797","stop_name":"Upper Ter & Masonic Ave"}},{"type":"Feature","geometry":{"type":"Point","coordinates":[-122.50411,37.78183]},"properties":{"stop_id":"15511","stop_code":"15511","stop_name":"V.A. Hospital"}},{"type":"Feature","geometry":{"type":"Point","coordinates":[-122.42074,37.75186]},"properties":{"stop_id":"16877","stop_code":"16877","stop_name":"Valencia St & 24th St"}},{"type":"Feature","geometry":{"type":"Point","coordinates":[-122.42059,37.75028]},"properties":{"stop_id":"16879","stop_code":"16879","stop_name":"Valencia St & 25th St"}},{"type":"Feature","geometry":{"type":"Point","coordinates":[-122.42025,37.74666]},"properties":{"stop_id":"16882","stop_code":"16882","stop_name":"Valencia St & Cesar Chavez St"}},{"type":"Feature","geometry":{"type":"Point","coordinates":[-122.41998,37.74594]},"properties":{"stop_id":"17902","stop_code":"17902","stop_name":"Valencia St & Mission St"}},{"type":"Feature","geometry":{"type":"Point","coordinates":[-122.38883,37.72707]},"properties":{"stop_id":"16840","stop_code":"16840","stop_name":"Van Dyke Ave & Jennings St"}},{"type":"Feature","geometry":{"type":"Point","coordinates":[-122.38854,37.72703]},"properties":{"stop_id":"16839","stop_code":"16839","stop_name":"Van Dyke Ave & Jennings St"}},{"type":"Feature","geometry":{"type":"Point","coordinates":[-122.39027,37.72789]},"properties":{"stop_id":"16842","stop_code":"16842","stop_name":"Van Dyke Ave & Keith St"}},{"type":"Feature","geometry":{"type":"Point","coordinates":[-122.39042,37.72808]},"properties":{"stop_id":"16841","stop_code":"16841","stop_name":"Van Dyke Ave & Keith St"}},{"type":"Feature","geometry":{"type":"Point","coordinates":[-122.425,37.80429]},"properties":{"stop_id":"16806","stop_code":"16806","stop_name":"Van Ness Ave & Bay St"}},{"type":"Feature","geometry":{"type":"Point","coordinates":[-122.42192,37.78845]},"properties":{"stop_id":"18092","stop_code":"18092","stop_name":"Van Ness Ave & Bush St"}},{"type":"Feature","geometry":{"type":"Point","coordinates":[-122.4249,37.80243]},"properties":{"stop_id":"16801","stop_code":"16801","stop_name":"Van Ness Ave & Chestnut St"}},{"type":"Feature","geometry":{"type":"Point","coordinates":[-122.42464,37.80258]},"properties":{"stop_id":"16800","stop_code":"16800","stop_name":"Van Ness Ave & Chestnut St"}},{"type":"Feature","geometry":{"type":"Point","coordinates":[-122.42266,37.79213]},"properties":{"stop_id":"18093","stop_code":"18093","stop_name":"Van Ness Ave & Clay St"}},{"type":"Feature","geometry":{"type":"Point","coordinates":[-122.42078,37.78285]},"properties":{"stop_id":"18090","stop_code":"18090","stop_name":"Van Ness Ave & Eddy St"}},{"type":"Feature","geometry":{"type":"Point","coordinates":[-122.42087,37.78292]},"properties":{"stop_id":"18103","stop_code":"18103","stop_name":"Van Ness Ave & Eddy St"}},{"type":"Feature","geometry":{"type":"Point","coordinates":[-122.42137,37.78565]},"properties":{"stop_id":"18091","stop_code":"18091","stop_name":"Van Ness Ave & Geary Blvd"}},{"type":"Feature","geometry":{"type":"Point","coordinates":[-122.4231,37.79396]},"properties":{"stop_id":"18099","stop_code":"18099","stop_name":"Van Ness Ave & Jackson St"}},{"type":"Feature","geometry":{"type":"Point","coordinates":[-122.41931,37.77517]},"properties":{"stop_id":"18105","stop_code":"18105","stop_name":"Van Ness Ave & Market St"}},{"type":"Feature","geometry":{"type":"Point","coordinates":[-122.42022,37.78003]},"properties":{"stop_id":"18089","stop_code":"18089","stop_name":"Van Ness Ave & Mcallister St"}},{"type":"Feature","geometry":{"type":"Point","coordinates":[-122.4203,37.7801]},"properties":{"stop_id":"18104","stop_code":"18104","stop_name":"Van Ness Ave & Mcallister St"}},{"type":"Feature","geometry":{"type":"Point","coordinates":[-122.42535,37.80484]},"properties":{"stop_id":"17476","stop_code":"17476","stop_name":"Van Ness Ave & North Point St"}},{"type":"Feature","geometry":{"type":"Point","coordinates":[-122.42542,37.80507]},"properties":{"stop_id":"16820","stop_code":"16820","stop_name":"Van Ness Ave & North Point St"}},{"type":"Feature","geometry":{"type":"Point","coordinates":[-122.42546,37.80485]},"properties":{"stop_id":"16819","stop_code":"16819","stop_name":"Van Ness Ave & North Point St"}},{"type":"Feature","geometry":{"type":"Point","coordinates":[-122.42121,37.78478]},"properties":{"stop_id":"18102","stop_code":"18102","stop_name":"Van Ness Ave & O'Farrell St"}},{"type":"Feature","geometry":{"type":"Point","coordinates":[-122.4232,37.79478]},"properties":{"stop_id":"18094","stop_code":"18094","stop_name":"Van Ness Ave & Pacific St"}},{"type":"Feature","geometry":{"type":"Point","coordinates":[-122.42257,37.79131]},"properties":{"stop_id":"18100","stop_code":"18100","stop_name":"Van Ness Ave & Sacramento St"}},{"type":"Feature","geometry":{"type":"Point","coordinates":[-122.42178,37.78757]},"properties":{"stop_id":"18101","stop_code":"18101","stop_name":"Van Ness Ave & Sutter St"}},{"type":"Feature","geometry":{"type":"Point","coordinates":[-122.42404,37.79858]},"properties":{"stop_id":"18097","stop_code":"18097","stop_name":"Van Ness Ave & Union St"}},{"type":"Feature","geometry":{"type":"Point","coordinates":[-122.42396,37.79851]},"properties":{"stop_id":"18096","stop_code":"18096","stop_name":"Van Ness Ave & Union St"}},{"type":"Feature","geometry":{"type":"Point","coordinates":[-122.42366,37.79672]},"properties":{"stop_id":"18098","stop_code":"18098","stop_name":"Van Ness Ave & Vallejo St"}},{"type":"Feature","geometry":{"type":"Point","coordinates":[-122.4236,37.7968]},"properties":{"stop_id":"18095","stop_code":"18095","stop_name":"Van Ness Ave & Vallejo St"}},{"type":"Feature","geometry":{"type":"Point","coordinates":[-122.41934,37.77523]},"properties":{"stop_id":"16996","stop_code":"16996","stop_name":"Van Ness Station Outbound"}},{"type":"Feature","geometry":{"type":"Point","coordinates":[-122.39991,37.73037]},"properties":{"stop_id":"16844","stop_code":"16844","stop_name":"Vesta St & Phelps St"}},{"type":"Feature","geometry":{"type":"Point","coordinates":[-122.48713,37.73877]},"properties":{"stop_id":"16835","stop_code":"16835","stop_name":"Vicente St & 30th Ave"}},{"type":"Feature","geometry":{"type":"Point","coordinates":[-122.40449,37.71057]},"properties":{"stop_id":"16847","stop_code":"16847","stop_name":"Visitacion Ave & Bay Shore Blvd"}},{"type":"Feature","geometry":{"type":"Point","coordinates":[-122.41263,37.71273]},"properties":{"stop_id":"16846","stop_code":"16846","stop_name":"Visitacion Ave & Britton St"}},{"type":"Feature","geometry":{"type":"Point","coordinates":[-122.41237,37.71276]},"properties":{"stop_id":"16845","stop_code":"16845","stop_name":"Visitacion Ave & Britton St"}},{"type":"Feature","geometry":{"type":"Point","coordinates":[-122.40898,37.71168]},"properties":{"stop_id":"16848","stop_code":"16848","stop_name":"Visitacion Ave & Cora St"}},{"type":"Feature","geometry":{"type":"Point","coordinates":[-122.40779,37.71149]},"properties":{"stop_id":"16850","stop_code":"16850","stop_name":"Visitacion Ave & Rutland St"}},{"type":"Feature","geometry":{"type":"Point","coordinates":[-122.40827,37.71147]},"properties":{"stop_id":"16851","stop_code":"16851","stop_name":"Visitacion Ave & Rutland St"}},{"type":"Feature","geometry":{"type":"Point","coordinates":[-122.41453,37.71324]},"properties":{"stop_id":"16853","stop_code":"16853","stop_name":"Visitacion Ave & Sawyer St"}},{"type":"Feature","geometry":{"type":"Point","coordinates":[-122.41424,37.71328]},"properties":{"stop_id":"16852","stop_code":"16852","stop_name":"Visitacion Ave & Sawyer St"}},{"type":"Feature","geometry":{"type":"Point","coordinates":[-122.41085,37.71218]},"properties":{"stop_id":"16855","stop_code":"16855","stop_name":"Visitacion Ave & Schwerin St"}},{"type":"Feature","geometry":{"type":"Point","coordinates":[-122.4105,37.71225]},"properties":{"stop_id":"16854","stop_code":"16854","stop_name":"Visitacion Ave & Schwerin St"}},{"type":"Feature","geometry":{"type":"Point","coordinates":[-122.41394,37.71621]},"properties":{"stop_id":"17057","stop_code":"17057","stop_name":"Visitacion Valley Middle School"}},{"type":"Feature","geometry":{"type":"Point","coordinates":[-122.45997,37.75376]},"properties":{"stop_id":"16911","stop_code":"16911","stop_name":"Warren Dr & Christopher Dr"}},{"type":"Feature","geometry":{"type":"Point","coordinates":[-122.46108,37.75447]},"properties":{"stop_id":"16912","stop_code":"16912","stop_name":"Warren Dr & Devonshire Way"}},{"type":"Feature","geometry":{"type":"Point","coordinates":[-122.46313,37.75869]},"properties":{"stop_id":"16913","stop_code":"16913","stop_name":"Warren Dr & Locksley Ave"}},{"type":"Feature","geometry":{"type":"Point","coordinates":[-122.45635,37.75534]},"properties":{"stop_id":"16914","stop_code":"16914","stop_name":"Warren Dr & Oakpark Dr"}},{"type":"Feature","geometry":{"type":"Point","coordinates":[-122.41469,37.79404]},"properties":{"stop_id":"16920","stop_code":"16920","stop_name":"Washington St & Jones St"}},{"type":"Feature","geometry":{"type":"Point","coordinates":[-122.4198,37.79341]},"properties":{"stop_id":"16921","stop_code":"16921","stop_name":"Washington St & Larkin St"}},{"type":"Feature","geometry":{"type":"Point","coordinates":[-122.41629,37.79383]},"properties":{"stop_id":"16922","stop_code":"16922","stop_name":"Washington St & Leavenworth St"}},{"type":"Feature","geometry":{"type":"Point","coordinates":[-122.41136,37.79453]},"properties":{"stop_id":"16924","stop_code":"16924","stop_name":"Washington St & Mason St"}},{"type":"Feature","geometry":{"type":"Point","coordinates":[-122.41153,37.79444]},"properties":{"stop_id":"16925","stop_code":"16925","stop_name":"Washington St & Mason St"}},{"type":"Feature","geometry":{"type":"Point","coordinates":[-122.41004,37.79463]},"properties":{"stop_id":"16927","stop_code":"16927","stop_name":"Washington St & Powell St"}},{"type":"Feature","geometry":{"type":"Point","coordinates":[-122.41301,37.79425]},"properties":{"stop_id":"16929","stop_code":"16929","stop_name":"Washington St & Taylor St"}},{"type":"Feature","geometry":{"type":"Point","coordinates":[-122.43284,37.79172]},"properties":{"stop_id":"16931","stop_code":"16931","stop_name":"Washington St & Webster St"}},{"type":"Feature","geometry":{"type":"Point","coordinates":[-122.50435,37.73613]},"properties":{"stop_id":"16932","stop_code":"16932","stop_name":"Wawona/46th Ave /Sf Zoo"}},{"type":"Feature","geometry":{"type":"Point","coordinates":[-122.42191,37.71346]},"properties":{"stop_id":"18163","stop_code":"18163","stop_name":"Western Access Road & Sunnyvale Ave"}},{"type":"Feature","geometry":{"type":"Point","coordinates":[-122.46914,37.73785]},"properties":{"stop_id":"16896","stop_code":"16896","stop_name":"West Portal Ave & 14th Ave"}},{"type":"Feature","geometry":{"type":"Point","coordinates":[-122.46904,37.73809]},"properties":{"stop_id":"17306","stop_code":"17306","stop_name":"West Portal Ave & 14th Ave"}},{"type":"Feature","geometry":{"type":"Point","coordinates":[-122.46898,37.73806]},"properties":{"stop_id":"17125","stop_code":"17125","stop_name":"West Portal Ave & 14th Ave"}},{"type":"Feature","geometry":{"type":"Point","coordinates":[-122.46904,37.73786]},"properties":{"stop_id":"16898","stop_code":"16898","stop_name":"West Portal Ave & 14th Ave"}},{"type":"Feature","geometry":{"type":"Point","coordinates":[-122.47052,37.73649]},"properties":{"stop_id":"16899","stop_code":"16899","stop_name":"West Portal Ave & 15th Ave"}},{"type":"Feature","geometry":{"type":"Point","coordinates":[-122.47134,37.73504]},"properties":{"stop_id":"17205","stop_code":"17205","stop_name":"West Portal Ave & Sloat Blvd"}},{"type":"Feature","geometry":{"type":"Point","coordinates":[-122.46698,37.73984]},"properties":{"stop_id":"16904","stop_code":"16904","stop_name":"West Portal Ave & Vicente St"}},{"type":"Feature","geometry":{"type":"Point","coordinates":[-122.47162,37.73481]},"properties":{"stop_id":"16503","stop_code":"16503","stop_name":"West Portal/Sloat/St Francis Circle"}},{"type":"Feature","geometry":{"type":"Point","coordinates":[-122.47145,37.73483]},"properties":{"stop_id":"17109","stop_code":"17109","stop_name":"West Portal/Sloat/St Francis Circle"}},{"type":"Feature","geometry":{"type":"Point","coordinates":[-122.46522,37.74152]},"properties":{"stop_id":"16740","stop_code":"16740","stop_name":"West Portal Station"}},{"type":"Feature","geometry":{"type":"Point","coordinates":[-122.46553,37.74139]},"properties":{"stop_id":"16739","stop_code":"16739","stop_name":"West Portal Station"}},{"type":"Feature","geometry":{"type":"Point","coordinates":[-122.38332,37.73334]},"properties":{"stop_id":"16982","stop_code":"16982","stop_name":"Whitney Young Cir & Progress St"}},{"type":"Feature","geometry":{"type":"Point","coordinates":[-122.38308,37.73325]},"properties":{"stop_id":"16983","stop_code":"16983","stop_name":"Whitney Young Cir & Progress St"}},{"type":"Feature","geometry":{"type":"Point","coordinates":[-122.40124,37.71636]},"properties":{"stop_id":"16944","stop_code":"16944","stop_name":"Wilde Ave & Brussels St"}},{"type":"Feature","geometry":{"type":"Point","coordinates":[-122.40718,37.71782]},"properties":{"stop_id":"16945","stop_code":"16945","stop_name":"Wilde Ave & Delta St"}},{"type":"Feature","geometry":{"type":"Point","coordinates":[-122.40025,37.71661]},"properties":{"stop_id":"16946","stop_code":"16946","stop_name":"Wilde Ave & Girard St"}},{"type":"Feature","geometry":{"type":"Point","coordinates":[-122.4023,37.71629]},"properties":{"stop_id":"16949","stop_code":"16949","stop_name":"Wilde Ave & Goettingen St"}},{"type":"Feature","geometry":{"type":"Point","coordinates":[-122.40521,37.71735]},"properties":{"stop_id":"17061","stop_code":"17061","stop_name":"Wilde Ave & Rutland St"}},{"type":"Feature","geometry":{"type":"Point","coordinates":[-122.39295,37.72938]},"properties":{"stop_id":"16968","stop_code":"16968","stop_name":"Williams Ave & 3rd St"}},{"type":"Feature","geometry":{"type":"Point","coordinates":[-122.39285,37.72925]},"properties":{"stop_id":"16969","stop_code":"16969","stop_name":"Williams Ave & 3rd St"}},{"type":"Feature","geometry":{"type":"Point","coordinates":[-122.39525,37.72973]},"properties":{"stop_id":"16970","stop_code":"16970","stop_name":"Williams Ave & Reddy St"}},{"type":"Feature","geometry":{"type":"Point","coordinates":[-122.47574,37.72688]},"properties":{"stop_id":"16951","stop_code":"16951","stop_name":"Winston Dr & 20th Ave"}},{"type":"Feature","geometry":{"type":"Point","coordinates":[-122.47592,37.72702]},"properties":{"stop_id":"16950","stop_code":"16950","stop_name":"Winston Dr & 20th Ave"}},{"type":"Feature","geometry":{"type":"Point","coordinates":[-122.47849,37.72806]},"properties":{"stop_id":"16952","stop_code":"16952","stop_name":"Winston Dr & Buckingham Way"}},{"type":"Feature","geometry":{"type":"Point","coordinates":[-122.47893,37.72829]},"properties":{"stop_id":"16953","stop_code":"16953","stop_name":"Winston Dr & Buckingham Way"}},{"type":"Feature","geometry":{"type":"Point","coordinates":[-122.4833,37.72712]},"properties":{"stop_id":"16954","stop_code":"16954","stop_name":"Winston Dr & Lake Merced Blvd"}},{"type":"Feature","geometry":{"type":"Point","coordinates":[-122.48331,37.72698]},"properties":{"stop_id":"16955","stop_code":"16955","stop_name":"Winston Dr & Lake Merced Blvd"}},{"type":"Feature","geometry":{"type":"Point","coordinates":[-122.39839,37.75204]},"properties":{"stop_id":"13513","stop_code":"13513","stop_name":"Wisconsin St &  25th St"}},{"type":"Feature","geometry":{"type":"Point","coordinates":[-122.39856,37.75229]},"properties":{"stop_id":"16961","stop_code":"16961","stop_name":"Wisconsin St & 25th St"}},{"type":"Feature","geometry":{"type":"Point","coordinates":[-122.39867,37.75345]},"properties":{"stop_id":"16964","stop_code":"16964","stop_name":"Wisconsin St & Connecticut St"}},{"type":"Feature","geometry":{"type":"Point","coordinates":[-122.45644,37.74649]},"properties":{"stop_id":"16933","stop_code":"16933","stop_name":"Woodside Ave & Balceta Ave"}},{"type":"Feature","geometry":{"type":"Point","coordinates":[-122.45535,37.74638]},"properties":{"stop_id":"16934","stop_code":"16934","stop_name":"Woodside Ave & Hernandez Ave"}},{"type":"Feature","geometry":{"type":"Point","coordinates":[-122.45559,37.74628]},"properties":{"stop_id":"16935","stop_code":"16935","stop_name":"Woodside Ave & Hernandez Ave"}},{"type":"Feature","geometry":{"type":"Point","coordinates":[-122.45222,37.74562]},"properties":{"stop_id":"16938","stop_code":"16938","stop_name":"Woodside Ave & Portola Dr"}},{"type":"Feature","geometry":{"type":"Point","coordinates":[-122.45243,37.74577]},"properties":{"stop_id":"16937","stop_code":"16937","stop_name":"Woodside Ave & Portola Dr"}},{"type":"Feature","geometry":{"type":"Point","coordinates":[-122.45406,37.74569]},"properties":{"stop_id":"16940","stop_code":"16940","stop_name":"Woodside Ave & Ulloa St"}},{"type":"Feature","geometry":{"type":"Point","coordinates":[-122.45383,37.74577]},"properties":{"stop_id":"16939","stop_code":"16939","stop_name":"Woodside Ave & Ulloa St"}},{"type":"Feature","geometry":{"type":"Point","coordinates":[-122.40941,37.72349]},"properties":{"stop_id":"16971","stop_code":"16971","stop_name":"Woolsey St & Bowdoin St"}},{"type":"Feature","geometry":{"type":"Point","coordinates":[-122.40961,37.72338]},"properties":{"stop_id":"16972","stop_code":"16972","stop_name":"Woolsey St & Bowdoin St"}},{"type":"Feature","geometry":{"type":"Point","coordinates":[-122.40864,37.72362]},"properties":{"stop_id":"16979","stop_code":"16979","stop_name":"Woolsey St & Hamilton St"}},{"type":"Feature","geometry":{"type":"Point","coordinates":[-122.40841,37.72374]},"properties":{"stop_id":"16978","stop_code":"16978","stop_name":"Woolsey St & Hamilton St"}},{"type":"Feature","geometry":{"type":"Point","coordinates":[-122.41238,37.72271]},"properties":{"stop_id":"16980","stop_code":"16980","stop_name":"Woolsey St & University St"}},{"type":"Feature","geometry":{"type":"Point","coordinates":[-122.45896,37.7336]},"properties":{"stop_id":"16985","stop_code":"16985","stop_name":"Yerba Buena Ave & Brentwood Ave"}},{"type":"Feature","geometry":{"type":"Point","coordinates":[-122.45919,37.7337]},"properties":{"stop_id":"16986","stop_code":"16986","stop_name":"Yerba Buena Ave & Brentwood Ave"}},{"type":"Feature","geometry":{"type":"Point","coordinates":[-122.45966,37.73456]},"properties":{"stop_id":"16987","stop_code":"16987","stop_name":"Yerba Buena Ave & Hazelwood Ave"}},{"type":"Feature","geometry":{"type":"Point","coordinates":[-122.4597,37.73439]},"properties":{"stop_id":"16988","stop_code":"16988","stop_name":"Yerba Buena Ave & Hazelwood Ave"}},{"type":"Feature","geometry":{"type":"Point","coordinates":[-122.46055,37.73531]},"properties":{"stop_id":"16989","stop_code":"16989","stop_name":"Yerba Buena Ave & Ravenwood Dr"}},{"type":"Feature","geometry":{"type":"Point","coordinates":[-122.45872,37.73262]},"properties":{"stop_id":"16990","stop_code":"16990","stop_name":"Yerba Buena Ave & Saint Elmo Way"}},{"type":"Feature","geometry":{"type":"Point","coordinates":[-122.40155,37.78236]},"properties":{"stop_id":"17878","stop_code":"17878","stop_name":"Yerba Buena/Moscone Station Northbound"}},{"type":"Feature","geometry":{"type":"Point","coordinates":[-122.40173,37.78238]},"properties":{"stop_id":"17873","stop_code":"17873","stop_name":"Yerba Buena/Moscone Station Southbound"}},{"type":"Feature","geometry":{"type":"Point","coordinates":[-122.50159,37.7307]},"properties":{"stop_id":"17624","stop_code":"17624","stop_name":"Zoo Rd & Amory Rd"}},{"type":"Feature","geometry":{"type":"Point","coordinates":[-122.50185,37.72857]},"properties":{"stop_id":"17951","stop_code":"17951","stop_name":"Zoo Rd & Skyline Blvd"}},{"type":"Feature","geometry":{"type":"Point","coordinates":[-122.44342,37.80365]},"properties":{"stop_id":"17621","stop_code":"17621","stop_name":"Beach St & Divisadero St"}},{"type":"Feature","geometry":{"type":"Point","coordinates":[-122.44329,37.80285]},"properties":{"stop_id":"15457","stop_code":"15457","stop_name":"North Point St & Divisadero St"}},{"type":"Feature","geometry":{"type":"Point","coordinates":[-122.44183,37.80308]},"properties":{"stop_id":"16376","stop_code":"16376","stop_name":"Scott St & North Point St"}},{"type":"Feature","geometry":{"type":"Point","coordinates":[-122.43696,37.80445]},"properties":{"stop_id":"14607","stop_code":"14607","stop_name":"Fillmore St & Beach St"}},{"type":"Feature","geometry":{"type":"Point","coordinates":[-122.43395,37.78974]},"properties":{"stop_id":"14638","stop_code":"14638","stop_name":"Fillmore St & Sacramento St"}},{"type":"Feature","geometry":{"type":"Point","coordinates":[-122.46677,37.73968]},"properties":{"stop_id":"16837","stop_code":"16837","stop_name":"Vicente St & West Portal Ave"}}]}