{"type":"FeatureCollection","features":[{"type":"Feature","geometry":{"type":"LineString","coordinates":[[-122.50435,37.73613],[-122.50427,37.73797],[-122.50441,37.73983],[-122.50453,37.74168],[-122.50261,37.7418],[-122.50046,37.7419],[-122.49832,37.74199],[-122.49451,37.74219],[-122.4898,37.7424],[-122.48768,37.74249],[-122.48338,37.74268],[-122.47843,37.74289],[-122.47582,37.74297],[-122.47331,37.74313],[-122.47021,37.74136],[-122.46522,37.74152],[-122.45862,37.74835],[-122.43523,37.76262],[-122.42917,37.76719],[-122.41925,37.77513],[-122.41335,37.77971],[-122.40709,37.78465],[-122.40135,37.78922],[-122.39682,37.79285]]},"properties":{"route_id":"L","route_gtfs_id":"SF:L","route_short_name":"L","route_name":"TARAVAL","direction":"1","route_color":"942D83"}},{"type":"Feature","geometry":{"type":"LineString","coordinates":[[-122.39704,37.79277],[-122.40213,37.78879],[-122.40782,37.7843],[-122.41422,37.77924],[-122.41934,37.77523],[-122.42932,37.76733],[-122.43529,37.76268],[-122.45919,37.74817],[-122.46553,37.74139],[-122.46997,37.7415],[-122.4713,37.74312],[-122.47544,37.74311],[-122.48045,37.74287],[-122.48308,37.74278],[-122.48734,37.74259],[-122.4895,37.74249],[-122.49436,37.74229],[-122.49805,37.74212],[-122.5002,37.74202],[-122.50235,37.74192],[-122.50449,37.74182],[-122.50458,37.74],[-122.50444,37.73814],[-122.50541,37.73699]]},"properties":{"route_id":"L","route_gtfs_id":"SF:L","route_short_name":"L","route_name":"TARAVAL","direction":"0","route_color":"942D83"}},{"type":"Feature","geometry":{"type":"LineString","coordinates":[[-122.49959,37.78502],[-122.49969,37.78498],[-122.49461,37.78165],[-122.49352,37.7815],[-122.49339,37.77981],[-122.49325,37.77786],[-122.49313,37.776],[-122.49458,37.7759],[-122.4972,37.77578],[-122.5004,37.77564],[-122.50362,37.77548],[-122.50596,37.77521],[-122.50583,37.77354],[-122.50777,37.77342],[-122.51006,37.77321],[-122.51079,37.77142],[-122.51046,37.76737],[-122.50957,37.76393],[-122.50627,37.76405],[-122.50614,37.76237],[-122.50602,37.76052],[-122.50589,37.75865],[-122.50575,37.75678],[-122.50562,37.75493],[-122.50548,37.75284],[-122.50537,37.75119],[-122.50524,37.74933],[-122.5051,37.74746],[-122.50497,37.74559],[-122.50483,37.74374],[-122.50471,37.74185],[-122.50458,37.74],[-122.50444,37.73814],[-122.50537,37.73602],[-122.50493,37.73539],[-122.50278,37.73537],[-122.49896,37.73413],[-122.49752,37.73313],[-122.49406,37.72942],[-122.48629,37.72944],[-122.48331,37.72698],[-122.47893,37.72829],[-122.47574,37.72688],[-122.47523,37.7259]]},"properties":{"route_id":"18","route_gtfs_id":"SF:18","route_short_name":"18","route_name":"46TH AVENUE","direction":"0","route_color":"005B95"}},{"type":"Feature","geometry":{"type":"LineString","coordinates":[[-122.47523,37.7259],[-122.47594,37.72687],[-122.47849,37.72806],[-122.4833,37.72712],[-122.4864,37.72963],[-122.49409,37.72949],[-122.49667,37.73369],[-122.49929,37.73457],[-122.50341,37.7356],[-122.50414,37.73611],[-122.50427,37.73797],[-122.50441,37.73983],[-122.50453,37.74168],[-122.50466,37.74357],[-122.5048,37.74542],[-122.50493,37.74729],[-122.50507,37.74916],[-122.50519,37.75102],[-122.50532,37.75283],[-122.50545,37.75476],[-122.50558,37.75661],[-122.50572,37.75849],[-122.5059,37.7604],[-122.50597,37.76221],[-122.50611,37.76403],[-122.50741,37.76419],[-122.5093,37.76415],[-122.51028,37.76788],[-122.50984,37.77169],[-122.50988,37.77321],[-122.50799,37.77329],[-122.50567,37.77357],[-122.5058,37.77524],[-122.50384,37.77535],[-122.50062,37.7755],[-122.49742,37.77565],[-122.4942,37.77579],[-122.49297,37.77603],[-122.49308,37.77769],[-122.49322,37.77955]]},"properties":{"route_id":"18","route_gtfs_id":"SF:18","route_short_name":"18","route_name":"46TH AVENUE","direction":"1","route_color":"005B95"}},{"type":"Feature","geometry":{"type":"LineString","coordinates":[[-122.4232,37.80638],[-122.4237,37.80502],[-122.42341,37.80353],[-122.42303,37.80167],[-122.42247,37.79893],[-122.42181,37.79568],[-122.42141,37.79369],[-122.42106,37.79193],[-122.42053,37.78936],[-122.42021,37.78766],[-122.41969,37.78507],[-122.41902,37.78306],[-122.41736,37.78327],[-122.4158,37.78265],[-122.41542,37.78078],[-122.41516,37.77935],[-122.4146,37.7785],[-122.41303,37.77724],[-122.41161,37.77613],[-122.40992,37.77477],[-122.40838,37.77354],[-122.40693,37.77245],[-122.40539,37.77118],[-122.40315,37.76976],[-122.40307,37.76878],[-122.40299,37.76749],[-122.40288,37.76621],[-122.40271,37.76489],[-122.40256,37.76327],[-122.4024,37.76199],[-122.40233,37.76088],[-122.40218,37.75943],[-122.40207,37.7585],[-122.40191,37.75688],[-122.40184,37.75617],[-122.40167,37.75433],[-122.40161,37.75352],[-122.40147,37.75211],[-122.40134,37.75073],[-122.40002,37.75075],[-122.39839,37.75204],[-122.39662,37.75224],[-122.39649,37.75103],[-122.39638,37.74987],[-122.39671,37.74829],[-122.39396,37.74603],[-122.39047,37.74404],[-122.38859,37.74298],[-122.38786,37.74263],[-122.38451,37.7407],[-122.38281,37.73972],[-122.38108,37.73876],[-122.37925,37.73767],[-122.37952,37.73707],[-122.37947,37.73502],[-122.37954,37.73417],[-122.37717,37.73271],[-122.37588,37.73199],[-122.37404,37.73093],[-122.37213,37.72987],[-122.36991,37.729],[-122.36703,37.72879]]},"properties":{"route_id":"19","route_gtfs_id":"SF:19","route_short_name":"19","route_name":"POLK","direction":"0","route_color":"005B95"}},{"type":"Feature","geometry":{"type":"LineString","coordinates":[[-122.36703,37.72879],[-122.37015,37.7289],[-122.37187,37.72988],[-122.37376,37.73094],[-122.37561,37.732],[-122.37723,37.73291],[-122.37936,37.73439],[-122.37932,37.73516],[-122.37932,37.73701],[-122.3808,37.73877],[-122.38297,37.74],[-122.38456,37.7409],[-122.38641,37.74195],[-122.38831,37.74299],[-122.39053,37.74424],[-122.39392,37.74616],[-122.39654,37.74826],[-122.39622,37.75],[-122.39638,37.75133],[-122.39648,37.75229],[-122.39734,37.7539],[-122.39867,37.75345],[-122.39856,37.75229],[-122.39866,37.75111],[-122.40015,37.75086],[-122.40112,37.75072],[-122.40212,37.75083],[-122.40222,37.75189],[-122.40248,37.75443],[-122.40169,37.75451],[-122.40057,37.75489],[-122.40082,37.75744],[-122.40087,37.75802],[-122.40103,37.75967],[-122.40112,37.76093],[-122.40124,37.76221],[-122.40137,37.7635],[-122.40152,37.76476],[-122.40163,37.76606],[-122.40266,37.76644],[-122.40273,37.76725],[-122.40284,37.76857],[-122.4033,37.76989],[-122.40238,37.77114],[-122.40337,37.77327],[-122.40501,37.77459],[-122.40646,37.77573],[-122.4079,37.77686],[-122.40922,37.77793],[-122.41103,37.77933],[-122.4124,37.78031],[-122.41472,37.77878],[-122.41654,37.7789],[-122.41684,37.78038],[-122.41711,37.78169],[-122.41742,37.78323],[-122.41779,37.78508],[-122.41825,37.78614],[-122.4199,37.78703],[-122.42043,37.78977],[-122.42083,37.79174],[-122.42119,37.7935],[-122.42173,37.79619],[-122.42233,37.79901],[-122.4228,37.80148],[-122.42323,37.80365],[-122.42349,37.80524],[-122.42208,37.80635],[-122.4232,37.80638]]},"properties":{"route_id":"19","route_gtfs_id":"SF:19","route_short_name":"19","route_name":"POLK","direction":"1","route_color":"005B95"}},{"type":"Feature","geometry":{"type":"LineString","coordinates":[[-122.50573,37.73564],[-122.50493,37.73539],[-122.50278,37.73537],[-122.49896,37.73413],[-122.49649,37.73368],[-122.49345,37.73379],[-122.4916,37.73385],[-122.48968,37.73396],[-122.48583,37.73412],[-122.48394,37.73421],[-122.48218,37.73429],[-122.47962,37.7344],[-122.47724,37.73448],[-122.47527,37.73449],[-122.47188,37.73457],[-122.4698,37.73471],[-122.46807,37.73479],[-122.46636,37.73486],[-122.4658,37.7332],[-122.46455,37.73228],[-122.46186,37.72997],[-122.45909,37.73069],[-122.45765,37.73087],[-122.45583,37.73127],[-122.45308,37.73147],[-122.45124,37.73147],[-122.44854,37.73148],[-122.44669,37.73148],[-122.44398,37.73151],[-122.44213,37.73151],[-122.43985,37.73152],[-122.43415,37.73351],[-122.42952,37.73332],[-122.42794,37.73347],[-122.42592,37.73404],[-122.42406,37.73525],[-122.42182,37.73507],[-122.41973,37.73497],[-122.41821,37.7349],[-122.41694,37.73483],[-122.41505,37.73473],[-122.4138,37.73467],[-122.41128,37.73491],[-122.40677,37.73986],[-122.40561,37.74238],[-122.40334,37.74189],[-122.40162,37.74097],[-122.39853,37.73825],[-122.39672,37.73722],[-122.39481,37.7361],[-122.39292,37.73503],[-122.39086,37.73385],[-122.38918,37.73291],[-122.38731,37.73185],[-122.38542,37.73082],[-122.38358,37.72973],[-122.38268,37.73015],[-122.38137,37.72938],[-122.37932,37.72822],[-122.38019,37.72798],[-122.38142,37.72868],[-122.38273,37.72942],[-122.38515,37.7308],[-122.38705,37.73186],[-122.38889,37.73292],[-122.39083,37.73402]]},"properties":{"route_id":"23","route_gtfs_id":"SF:23","route_short_name":"23","route_name":"MONTEREY","direction":"1","route_color":"005B95"}},{"type":"Feature","geometry":{"type":"LineString","coordinates":[[-122.39083,37.73402],[-122.39266,37.73503],[-122.39454,37.7361],[-122.39637,37.73716],[-122.39824,37.73821],[-122.40055,37.73953],[-122.40142,37.74097],[-122.40417,37.74253],[-122.40712,37.73946],[-122.40731,37.73837],[-122.41117,37.73501],[-122.41359,37.7348],[-122.41568,37.73489],[-122.41672,37.73497],[-122.41863,37.73506],[-122.42013,37.73514],[-122.42257,37.73524],[-122.42446,37.73542],[-122.4267,37.73372],[-122.42933,37.73349],[-122.4313,37.73321],[-122.43422,37.73345],[-122.43777,37.73167],[-122.43963,37.73167],[-122.44191,37.73166],[-122.44461,37.73164],[-122.44647,37.73163],[-122.44917,37.73161],[-122.45145,37.73161],[-122.45329,37.73161],[-122.45565,37.73145],[-122.45732,37.73112],[-122.46043,37.73055],[-122.4615,37.73008],[-122.46397,37.73203],[-122.4655,37.73315],[-122.46615,37.73486],[-122.46785,37.73494],[-122.46958,37.73486],[-122.47187,37.73478],[-122.47449,37.73478],[-122.47738,37.73475],[-122.48006,37.73465],[-122.48224,37.73456],[-122.48395,37.73448],[-122.48623,37.73438],[-122.48926,37.73424],[-122.49161,37.73414],[-122.49342,37.73405],[-122.49677,37.73391],[-122.49929,37.73457],[-122.50341,37.7356],[-122.50573,37.73564]]},"properties":{"route_id":"23","route_gtfs_id":"SF:23","route_short_name":"23","route_name":"MONTEREY","direction":"0","route_color":"005B95"}},{"type":"Feature","geometry":{"type":"LineString","coordinates":[[-122.40703,37.73957],[-122.40781,37.73969],[-122.40975,37.73979],[-122.41199,37.73978],[-122.41366,37.739],[-122.41455,37.73892],[-122.41639,37.73909],[-122.41846,37.7393],[-122.41997,37.73992],[-122.4209,37.74029],[-122.42267,37.74101],[-122.42204,37.74241],[-122.42403,37.7423],[-122.42637,37.74216],[-122.4286,37.74202],[-122.43079,37.74188],[-122.43104,37.7433],[-122.43117,37.74493],[-122.43132,37.74654],[-122.43177,37.74827],[-122.43363,37.74815],[-122.43383,37.7496],[-122.43401,37.7512],[-122.43405,37.75189],[-122.43416,37.75278],[-122.43431,37.75441],[-122.43447,37.75596],[-122.43464,37.75763],[-122.43479,37.75916],[-122.43493,37.76084],[-122.43508,37.76237],[-122.43525,37.76416],[-122.43538,37.76561],[-122.43558,37.76761],[-122.43571,37.76895],[-122.43698,37.77133],[-122.43735,37.77318],[-122.43774,37.77506],[-122.4383,37.77786],[-122.43894,37.78059],[-122.43941,37.78337],[-122.43981,37.78534]]},"properties":{"route_id":"24","route_gtfs_id":"SF:24","route_short_name":"24","route_name":"DIVISADERO","direction":"1","route_color":"005B95"}},{"type":"Feature","geometry":{"type":"LineString","coordinates":[[-122.43994,37.78515],[-122.43953,37.78316],[-122.43894,37.78059],[-122.43842,37.77768],[-122.43787,37.77489],[-122.43749,37.77305],[-122.4371,37.77105],[-122.43596,37.76918],[-122.43571,37.76742],[-122.43557,37.76583],[-122.43544,37.76427],[-122.43527,37.7624],[-122.43505,37.76086],[-122.43491,37.75939],[-122.43477,37.75778],[-122.43462,37.7561],[-122.43448,37.75464],[-122.43432,37.7529],[-122.43425,37.75208],[-122.43411,37.75131],[-122.43404,37.74981],[-122.43389,37.7482],[-122.43164,37.74817],[-122.43148,37.74668],[-122.43134,37.74519],[-122.43118,37.74331],[-122.43101,37.74201],[-122.42902,37.74191],[-122.42676,37.74204],[-122.42446,37.74217],[-122.42217,37.74231],[-122.42251,37.74085],[-122.42093,37.7402],[-122.41969,37.7397],[-122.41872,37.73931],[-122.41658,37.73904],[-122.41461,37.73883],[-122.41343,37.73892],[-122.41211,37.73957],[-122.41017,37.73971],[-122.40703,37.73957]]},"properties":{"route_id":"24","route_gtfs_id":"SF:24","route_short_name":"24","route_name":"DIVISADERO","direction":"0","route_color":"005B95"}},{"type":"Feature","geometry":{"type":"LineString","coordinates":[[-122.37098,37.81606],[-122.37134,37.81977],[-122.3728,37.82405],[-122.37006,37.8252],[-122.37176,37.82828],[-122.37348,37.82982],[-122.37525,37.82985],[-122.37722,37.82818],[-122.3774,37.82695],[-122.37499,37.82325],[-122.37298,37.82196],[-122.37109,37.8191],[-122.37197,37.8167],[-122.39615,37.78992],[-122.39605,37.78999]]},"properties":{"route_id":"25","route_gtfs_id":"SF:25","route_short_name":"25","route_name":"TREASURE ISLAND","direction":"1","route_color":"005B95"}},{"type":"Feature","geometry":{"type":"LineString","coordinates":[[-122.39605,37.78999],[-122.37098,37.81606]]},"properties":{"route_id":"25","route_gtfs_id":"SF:25","route_short_name":"25","route_name":"TREASURE ISLAND","direction":"0","route_color":"005B95"}},{"type":"Feature","geometry":{"type":"LineString","coordinates":[[-122.41833,37.75232],[-122.42074,37.75186],[-122.42059,37.75028],[-122.42006,37.74806],[-122.41808,37.7481],[-122.41382,37.74815],[-122.41163,37.7482],[-122.40976,37.74823],[-122.40873,37.74951],[-122.40889,37.75111],[-122.40909,37.75291],[-122.40919,37.75431],[-122.40942,37.75621],[-122.4095,37.75751],[-122.40966,37.75911],[-122.40991,37.76038],[-122.41004,37.76167],[-122.41016,37.76294],[-122.41028,37.76422],[-122.4104,37.76549],[-122.41524,37.76557],[-122.41553,37.76846],[-122.41396,37.7719],[-122.41132,37.77389],[-122.40977,37.77511],[-122.4079,37.77686],[-122.40922,37.77793],[-122.41103,37.77933],[-122.41274,37.78072],[-122.41397,37.78269],[-122.41453,37.7855],[-122.4147,37.78643],[-122.41487,37.78731],[-122.41509,37.78825],[-122.41527,37.78915],[-122.41548,37.79016],[-122.41567,37.79109],[-122.41586,37.79206],[-122.41604,37.79295],[-122.41638,37.79465],[-122.41829,37.7946],[-122.42129,37.79419],[-122.42315,37.79395]]},"properties":{"route_id":"27","route_gtfs_id":"SF:27","route_short_name":"27","route_name":"BRYANT","direction":"1","route_color":"005B95"}},{"type":"Feature","geometry":{"type":"LineString","coordinates":[[-122.42347,37.79474],[-122.4229,37.79478],[-122.42141,37.79369],[-122.4198,37.79341],[-122.41784,37.79287],[-122.41747,37.79111],[-122.4173,37.79017],[-122.41658,37.78915],[-122.41504,37.78931],[-122.41361,37.78869],[-122.41344,37.78781],[-122.41325,37.78686],[-122.41302,37.78574],[-122.41283,37.78481],[-122.41246,37.78296],[-122.41219,37.78117],[-122.41516,37.77935],[-122.4146,37.7785],[-122.41303,37.77724],[-122.41161,37.77613],[-122.40992,37.77477],[-122.41037,37.7724],[-122.41253,37.77069],[-122.41413,37.77183],[-122.41567,37.76846],[-122.41054,37.7653],[-122.41041,37.76402],[-122.41032,37.76314],[-122.4102,37.76187],[-122.41008,37.76058],[-122.40993,37.75933],[-122.40961,37.7574],[-122.40949,37.75572],[-122.40932,37.75415],[-122.40918,37.75273],[-122.40907,37.7513],[-122.40891,37.74969],[-122.40956,37.74837],[-122.41138,37.74834],[-122.41398,37.74834],[-122.41576,37.74831],[-122.41833,37.75232]]},"properties":{"route_id":"27","route_gtfs_id":"SF:27","route_short_name":"27","route_name":"BRYANT","direction":"0","route_color":"005B95"}},{"type":"Feature","geometry":{"type":"LineString","coordinates":[[-122.41214,37.80764],[-122.41424,37.80656],[-122.41741,37.80617],[-122.42023,37.8058],[-122.42189,37.80559],[-122.42399,37.80531],[-122.42546,37.80485],[-122.4249,37.80243],[-122.42807,37.80094],[-122.43133,37.80051],[-122.43627,37.79984],[-122.43956,37.79948],[-122.44286,37.79908],[-122.44695,37.80033],[-122.47502,37.80756],[-122.47587,37.80667],[-122.47274,37.7841],[-122.47248,37.78027],[-122.47214,37.77648],[-122.47191,37.77327],[-122.4774,37.76537],[-122.47731,37.76368],[-122.47711,37.7614],[-122.47678,37.75789],[-122.47653,37.75392],[-122.4764,37.75206],[-122.47614,37.7483],[-122.47601,37.74647],[-122.47574,37.74259],[-122.47553,37.73901],[-122.4752,37.73456],[-122.47501,37.73081],[-122.4751,37.72726],[-122.4753,37.72111],[-122.47297,37.71732],[-122.47191,37.71463],[-122.47132,37.71071],[-122.46876,37.70588]]},"properties":{"route_id":"28","route_gtfs_id":"SF:28","route_short_name":"28","route_name":"19TH AVENUE","direction":"0","route_color":"005B95"}},{"type":"Feature","geometry":{"type":"LineString","coordinates":[[-122.46876,37.70588],[-122.46903,37.70596],[-122.47099,37.71091],[-122.47126,37.71355],[-122.47318,37.71805],[-122.47515,37.72119],[-122.47468,37.72719],[-122.47476,37.7313],[-122.47497,37.73472],[-122.47531,37.73955],[-122.47554,37.74331],[-122.47583,37.74715],[-122.4759,37.74853],[-122.47619,37.75272],[-122.47637,37.75432],[-122.47663,37.75808],[-122.47696,37.76177],[-122.47704,37.76343],[-122.47724,37.76554],[-122.47165,37.77322],[-122.47192,37.77724],[-122.47222,37.78078],[-122.47253,37.7845],[-122.47502,37.80756],[-122.47587,37.80667],[-122.44745,37.80041],[-122.44248,37.79897],[-122.43916,37.7994],[-122.43588,37.79982],[-122.43094,37.80044],[-122.42768,37.80086],[-122.42464,37.80258],[-122.425,37.80429],[-122.42349,37.80524],[-122.42047,37.80563],[-122.41718,37.80605],[-122.41346,37.80652],[-122.41214,37.80764]]},"properties":{"route_id":"28","route_gtfs_id":"SF:28","route_short_name":"28","route_name":"19TH AVENUE","direction":"1","route_color":"005B95"}},{"type":"Feature","geometry":{"type":"LineString","coordinates":[[-122.48158,37.79208],[-122.48226,37.79025],[-122.48262,37.78847],[-122.48536,37.78737],[-122.48508,37.78361],[-122.48498,37.78215],[-122.48484,37.78025],[-122.48456,37.77642],[-122.4843,37.77269],[-122.47761,37.76553],[-122.4797,37.76543],[-122.48399,37.76522],[-122.48614,37.76513],[-122.48827,37.76503],[-122.49042,37.76494],[-122.49256,37.76484],[-122.49471,37.76475],[-122.49662,37.76436],[-122.4959,37.76066],[-122.49565,37.75688],[-122.49537,37.75316],[-122.49517,37.75131],[-122.49495,37.74771],[-122.49481,37.74584],[-122.49459,37.74197],[-122.49434,37.73824],[-122.49406,37.73478],[-122.49387,37.73171],[-122.48629,37.72944],[-122.48331,37.72698],[-122.47893,37.72829],[-122.47574,37.72688],[-122.4753,37.72111],[-122.47594,37.7201],[-122.47271,37.72149],[-122.4718,37.72161],[-122.47174,37.71973],[-122.46995,37.71959],[-122.46815,37.71959],[-122.46545,37.71961],[-122.46364,37.71979],[-122.46133,37.71995],[-122.45929,37.71995],[-122.45725,37.71996],[-122.45623,37.71996],[-122.4561,37.72177],[-122.45605,37.72377],[-122.45428,37.7234],[-122.45245,37.72303],[-122.44929,37.72286],[-122.44749,37.72294],[-122.4444,37.7229],[-122.44124,37.72326],[-122.43853,37.72357],[-122.43577,37.72294],[-122.43456,37.72238],[-122.43296,37.72161],[-122.43136,37.72085],[-122.42976,37.72012],[-122.42896,37.7197],[-122.42735,37.71893],[-122.4225,37.71778],[-122.41826,37.71862],[-122.41136,37.71877],[-122.40906,37.71938],[-122.40709,37.71989],[-122.40509,37.72042],[-122.4041,37.72068],[-122.40312,37.72093],[-122.40115,37.72144],[-122.40186,37.72365],[-122.4002,37.7234],[-122.39738,37.72273],[-122.39634,37.72248],[-122.39484,37.7229]]},"properties":{"route_id":"29","route_gtfs_id":"SF:29","route_short_name":"29","route_name":"SUNSET","direction":"0","route_color":"005B95"}},{"type":"Feature","geometry":{"type":"LineString","coordinates":[[-122.39484,37.7229],[-122.39332,37.72203],[-122.39145,37.72097],[-122.38959,37.71992],[-122.38827,37.71823],[-122.38699,37.7175],[-122.38921,37.71701],[-122.391,37.71804],[-122.39001,37.7192],[-122.39173,37.72035],[-122.3936,37.72141],[-122.39541,37.72246],[-122.39795,37.72301],[-122.39908,37.72329],[-122.40059,37.72365],[-122.40158,37.72388],[-122.40139,37.72154],[-122.40307,37.7211],[-122.40434,37.72077],[-122.40515,37.72057],[-122.40692,37.7201],[-122.40889,37.71958],[-122.41126,37.71896],[-122.4183,37.71876],[-122.42278,37.71779],[-122.42706,37.71896],[-122.42868,37.71973],[-122.42947,37.72011],[-122.43107,37.72088],[-122.43267,37.72164],[-122.43428,37.72241],[-122.43585,37.72315],[-122.43867,37.72367],[-122.44082,37.72343],[-122.44495,37.723],[-122.44693,37.72303],[-122.44978,37.72302],[-122.454,37.72346],[-122.45623,37.72364],[-122.45623,37.72193],[-122.45622,37.72011],[-122.45703,37.7201],[-122.45907,37.7201],[-122.46111,37.7201],[-122.46346,37.71999],[-122.46523,37.71976],[-122.46794,37.71975],[-122.46974,37.71974],[-122.47153,37.71972],[-122.47295,37.72159],[-122.47515,37.72119],[-122.47592,37.72702],[-122.47849,37.72806],[-122.4833,37.72712],[-122.4864,37.72963],[-122.49362,37.73183],[-122.49378,37.73485],[-122.49407,37.73874],[-122.49434,37.74251],[-122.49458,37.7463],[-122.49477,37.74807],[-122.49502,37.7518],[-122.49512,37.7537],[-122.49538,37.7574],[-122.49565,37.76114],[-122.49537,37.76456],[-122.49341,37.76471],[-122.48871,37.76488],[-122.48551,37.76502],[-122.48336,37.7651],[-122.47949,37.76528],[-122.47724,37.76554],[-122.48408,37.77235],[-122.48436,37.77619],[-122.48462,37.77992],[-122.48471,37.78195],[-122.48485,37.78381],[-122.48514,37.78754],[-122.48246,37.78839],[-122.48097,37.79209],[-122.48158,37.79208],[-122.48226,37.79025],[-122.48262,37.78847],[-122.48536,37.78737],[-122.4851,37.784]]},"properties":{"route_id":"29","route_gtfs_id":"SF:29","route_short_name":"29","route_name":"SUNSET","direction":"1","route_color":"005B95"}},{"type":"Feature","geometry":{"type":"LineString","coordinates":[[-122.4023,37.71246],[-122.40199,37.71339],[-122.39994,37.71482],[-122.40011,37.71804],[-122.40083,37.7211],[-122.4021,37.72418],[-122.40301,37.72637],[-122.40367,37.72797],[-122.40462,37.73026],[-122.40535,37.73202],[-122.40472,37.73321],[-122.40588,37.73488],[-122.40677,37.73986],[-122.40561,37.74238],[-122.40419,37.74462],[-122.40608,37.75164],[-122.40625,37.75342],[-122.40647,37.75541],[-122.40672,37.75786],[-122.40702,37.76074],[-122.40726,37.76328],[-122.40747,37.76603],[-122.40762,37.76733],[-122.4113,37.76981],[-122.41253,37.77069],[-122.41573,37.77333],[-122.41729,37.77431],[-122.41924,37.7751],[-122.42022,37.78003],[-122.42078,37.78285],[-122.42137,37.78565],[-122.42192,37.78845],[-122.42266,37.79213],[-122.4232,37.79478],[-122.4236,37.7968],[-122.42396,37.79851],[-122.42464,37.80258],[-122.425,37.80429],[-122.42535,37.80484]]},"properties":{"route_id":"90","route_gtfs_id":"SF:90","route_short_name":"90","route_name":"SAN BRUNO OWL","direction":"1","route_color":"666666"}},{"type":"Feature","geometry":{"type":"LineString","coordinates":[[-122.42535,37.80484],[-122.4249,37.80243],[-122.42404,37.79858],[-122.42366,37.79672],[-122.4231,37.79396],[-122.42257,37.79131],[-122.42178,37.78757],[-122.42121,37.78478],[-122.42087,37.78292],[-122.4203,37.7801],[-122.41931,37.77517],[-122.41689,37.77404],[-122.41538,37.77283],[-122.41249,37.77056],[-122.41074,37.76934],[-122.40797,37.76826],[-122.40769,37.76549],[-122.40741,37.76313],[-122.40717,37.76061],[-122.40694,37.7575],[-122.4067,37.75506],[-122.40649,37.75267],[-122.40458,37.74435],[-122.4054,37.74305],[-122.40712,37.73946],[-122.407,37.73773],[-122.40558,37.73425],[-122.40479,37.73296],[-122.40563,37.73223],[-122.40463,37.72991],[-122.40368,37.72754],[-122.40275,37.72531],[-122.40226,37.7241],[-122.40127,37.72175],[-122.40054,37.71907],[-122.39995,37.71677],[-122.40061,37.71479],[-122.40216,37.71385],[-122.40317,37.71213]]},"properties":{"route_id":"90","route_gtfs_id":"SF:90","route_short_name":"90","route_name":"SAN BRUNO OWL","direction":"0","route_color":"666666"}},{"type":"Feature","geometry":{"type":"LineString","coordinates":[[-122.46863,37.70628],[-122.45927,37.70662],[-122.45653,37.70741],[-122.45258,37.70881],[-122.44629,37.71147],[-122.44078,37.71664],[-122.43568,37.72338],[-122.43132,37.72872],[-122.42442,37.73591],[-122.42194,37.74241],[-122.4184,37.75236],[-122.41902,37.75911],[-122.41967,37.76512],[-122.41628,37.77491],[-122.41273,37.7777],[-122.40653,37.78272],[-122.40393,37.78464],[-122.40157,37.78651],[-122.39985,37.78787],[-122.39679,37.79026],[-122.39567,37.79253],[-122.39491,37.79426],[-122.39344,37.7933],[-122.39493,37.79196]]},"properties":{"route_id":"14R","route_gtfs_id":"SF:14R","route_short_name":"14R","route_name":"MISSION RAPID","direction":"1","route_color":"BF2B45"}},{"type":"Feature","geometry":{"type":"LineString","coordinates":[[-122.39493,37.79196],[-122.39592,37.79114],[-122.39749,37.78992],[-122.40024,37.78775],[-122.40249,37.78597],[-122.40452,37.78436],[-122.40664,37.78272],[-122.41355,37.77723],[-122.41729,37.77431],[-122.41974,37.7648],[-122.41909,37.75817],[-122.41853,37.75196],[-122.42199,37.74242],[-122.4247,37.73562],[-122.43135,37.72872],[-122.43597,37.72326],[-122.44115,37.71646],[-122.44649,37.71143],[-122.45332,37.70866],[-122.45708,37.70736],[-122.45906,37.70682]]},"properties":{"route_id":"14R","route_gtfs_id":"SF:14R","route_short_name":"14R","route_name":"MISSION RAPID","direction":"0","route_color":"BF2B45"}},{"type":"Feature","geometry":{"type":"LineString","coordinates":[[-122.41998,37.74594],[-122.42006,37.74806],[-122.4203,37.74508],[-122.42204,37.74241],[-122.42403,37.7423],[-122.42582,37.74191],[-122.42569,37.73993],[-122.42792,37.73711],[-122.42894,37.73646],[-122.4302,37.73563],[-122.43233,37.7346],[-122.43395,37.73447],[-122.43422,37.73345],[-122.43777,37.73167],[-122.43963,37.73167],[-122.44191,37.73166],[-122.44461,37.73164],[-122.44647,37.73163],[-122.44875,37.7317],[-122.44879,37.73299],[-122.4488,37.73419],[-122.44664,37.73399],[-122.44528,37.73447],[-122.44633,37.73552],[-122.44567,37.73679],[-122.44634,37.73748],[-122.44605,37.73893],[-122.44773,37.73989],[-122.44936,37.74082],[-122.45061,37.7402],[-122.45053,37.73923],[-122.45088,37.7382],[-122.45149,37.73782],[-122.45379,37.73671],[-122.45173,37.73773],[-122.45071,37.73818],[-122.45036,37.73924],[-122.45054,37.74004],[-122.44922,37.74097],[-122.45047,37.74184],[-122.45065,37.7426],[-122.45139,37.74349],[-122.4521,37.74508],[-122.45243,37.74577],[-122.45383,37.74577],[-122.45535,37.74638],[-122.45908,37.74723],[-122.45884,37.74833],[-122.46092,37.75071],[-122.45839,37.75171],[-122.45618,37.75163],[-122.45586,37.75307],[-122.45551,37.75368],[-122.45263,37.75346],[-122.45054,37.75362],[-122.45009,37.75122],[-122.45033,37.74994],[-122.45045,37.74892],[-122.45138,37.7489],[-122.45203,37.74926],[-122.45227,37.7513],[-122.45307,37.75128],[-122.45439,37.75134],[-122.45622,37.75149],[-122.45586,37.75307],[-122.45551,37.75368],[-122.45541,37.7553],[-122.45635,37.75534],[-122.45798,37.75368],[-122.45997,37.75376],[-122.46108,37.75447],[-122.46131,37.7554],[-122.46148,37.75691],[-122.4619,37.75772],[-122.46313,37.75869],[-122.46386,37.75843],[-122.46374,37.7566],[-122.46368,37.75489],[-122.46135,37.75112],[-122.45887,37.74812]]},"properties":{"route_id":"36","route_gtfs_id":"SF:36","route_short_name":"36","route_name":"TERESITA","direction":"1","route_color":"005B95"}},{"type":"Feature","geometry":{"type":"LineString","coordinates":[[-122.45887,37.74812],[-122.45644,37.74649],[-122.45559,37.74628],[-122.45406,37.74569],[-122.45222,37.74562],[-122.45323,37.74436],[-122.45118,37.74306],[-122.45053,37.74173],[-122.44936,37.74082],[-122.45061,37.7402],[-122.45053,37.73923],[-122.45088,37.7382],[-122.45149,37.73782],[-122.45379,37.73671],[-122.45173,37.73773],[-122.45071,37.73818],[-122.45036,37.73924],[-122.45054,37.74004],[-122.44918,37.74071],[-122.44801,37.73985],[-122.44625,37.73897],[-122.44663,37.7377],[-122.44587,37.73683],[-122.44646,37.73569],[-122.4455,37.73457],[-122.44636,37.73395],[-122.44878,37.73434],[-122.44895,37.73315],[-122.44854,37.73148],[-122.44669,37.73148],[-122.44398,37.73151],[-122.44213,37.73151],[-122.43985,37.73152],[-122.43415,37.73351],[-122.43384,37.73446],[-122.43191,37.73458],[-122.43028,37.73548],[-122.429,37.73633],[-122.42775,37.73714],[-122.42579,37.7389],[-122.4255,37.73962],[-122.42575,37.74202],[-122.42446,37.74217],[-122.42194,37.74241],[-122.41998,37.74594]]},"properties":{"route_id":"36","route_gtfs_id":"SF:36","route_short_name":"36","route_name":"TERESITA","direction":"0","route_color":"005B95"}},{"type":"Feature","geometry":{"type":"LineString","coordinates":[[-122.39549,37.78996],[-122.39815,37.79165],[-122.40049,37.79001],[-122.40248,37.78849],[-122.40366,37.788],[-122.40657,37.78763],[-122.40839,37.7874],[-122.41497,37.78656],[-122.42158,37.78574],[-122.42781,37.78503],[-122.43305,37.78439],[-122.43937,37.78343],[-122.44669,37.78254],[-122.45896,37.78131],[-122.46449,37.78109],[-122.4728,37.78067],[-122.4796,37.78036],[-122.48461,37.78022],[-122.49344,37.7798],[-122.4964,37.77967],[-122.50068,37.77947],[-122.50285,37.77965],[-122.50501,37.77984],[-122.50744,37.78004],[-122.50941,37.77902]]},"properties":{"route_id":"38R","route_gtfs_id":"SF:38R","route_short_name":"38R","route_name":"GEARY RAPID","direction":"0","route_color":"BF2B45"}},{"type":"Feature","geometry":{"type":"LineString","coordinates":[[-122.50941,37.77902],[-122.50626,37.77904],[-122.50277,37.77915],[-122.49983,37.77929],[-122.49662,37.77944],[-122.4934,37.77957],[-122.48456,37.78008],[-122.47923,37.78032],[-122.47183,37.78064],[-122.46412,37.781],[-122.45869,37.78115],[-122.44703,37.7822],[-122.43957,37.78318],[-122.43205,37.78438],[-122.42816,37.78485],[-122.42141,37.78466],[-122.41198,37.78585],[-122.40814,37.78632],[-122.40563,37.78664],[-122.40336,37.78767],[-122.39972,37.79048],[-122.39688,37.79194],[-122.39549,37.78996]]},"properties":{"route_id":"38R","route_gtfs_id":"SF:38R","route_short_name":"38R","route_name":"GEARY RAPID","direction":"1","route_color":"BF2B45"}},{"type":"Feature","geometry":{"type":"LineString","coordinates":[[-122.42287,37.794],[-122.4229,37.79478],[-122.42125,37.795],[-122.42003,37.79515],[-122.4184,37.79538],[-122.41674,37.79559],[-122.4151,37.79579],[-122.41347,37.79599],[-122.41181,37.79621],[-122.41017,37.79641],[-122.40829,37.79759],[-122.40635,37.79783],[-122.40396,37.79813],[-122.40234,37.79839],[-122.40191,37.79653],[-122.40132,37.79478],[-122.3991,37.79512],[-122.39785,37.79528],[-122.39528,37.7934],[-122.39405,37.79244],[-122.39122,37.79019],[-122.39326,37.7884],[-122.39556,37.78623],[-122.39545,37.78419],[-122.39768,37.78244],[-122.39991,37.78067],[-122.40214,37.77891],[-122.40436,37.77715],[-122.40644,37.7755],[-122.40851,37.77387],[-122.41037,37.7724],[-122.41253,37.77069],[-122.41413,37.77183],[-122.41567,37.76846],[-122.41542,37.76523],[-122.41509,37.76186],[-122.41479,37.75876],[-122.41448,37.75546],[-122.41413,37.75244],[-122.41405,37.751],[-122.41398,37.74834],[-122.41576,37.74831],[-122.41837,37.74823],[-122.42025,37.74666]]},"properties":{"route_id":"12","route_gtfs_id":"SF:12","route_short_name":"12","route_name":"FOLSOM-PACIFIC","direction":"0","route_color":"005B95"}},{"type":"Feature","geometry":{"type":"LineString","coordinates":[[-122.39396,37.79112],[-122.39567,37.79253],[-122.39635,37.79398],[-122.3976,37.79455],[-122.40028,37.79418],[-122.40131,37.79406],[-122.40165,37.79597],[-122.40237,37.79754],[-122.40358,37.79739],[-122.40522,37.79717],[-122.40673,37.79698],[-122.40858,37.79673],[-122.40999,37.79656],[-122.41162,37.79638],[-122.41327,37.79617],[-122.41491,37.79596],[-122.41655,37.79575],[-122.4182,37.79555],[-122.41986,37.79533],[-122.42148,37.79511],[-122.42287,37.794]]},"properties":{"route_id":"12","route_gtfs_id":"SF:12","route_short_name":"12","route_name":"FOLSOM-PACIFIC","direction":"1","route_color":"005B95"}},{"type":"Feature","geometry":{"type":"LineString","coordinates":[[-122.45998,37.70637],[-122.45653,37.70741],[-122.45258,37.70881],[-122.45006,37.70962],[-122.44845,37.71022],[-122.44629,37.71147],[-122.44475,37.71251],[-122.44264,37.71448],[-122.44078,37.71664],[-122.43926,37.71865],[-122.43712,37.72147],[-122.43568,37.72338],[-122.43351,37.72635],[-122.43132,37.72872],[-122.42927,37.73066],[-122.42592,37.73404],[-122.42442,37.73591],[-122.42396,37.73745],[-122.42387,37.73887],[-122.42276,37.74105],[-122.42194,37.74241],[-122.4194,37.74625],[-122.4181,37.74951],[-122.4184,37.75236],[-122.41871,37.75582],[-122.41902,37.75911],[-122.41935,37.76264],[-122.41967,37.76512],[-122.41993,37.76862],[-122.41978,37.77047],[-122.41849,37.77299],[-122.41628,37.77491],[-122.41431,37.77645],[-122.41273,37.7777],[-122.41051,37.77935],[-122.40831,37.78119],[-122.40653,37.78272],[-122.40393,37.78464],[-122.40157,37.78651],[-122.39985,37.78787],[-122.39679,37.79026],[-122.39567,37.79253],[-122.39491,37.79426],[-122.39344,37.7933]]},"properties":{"route_id":"14","route_gtfs_id":"SF:14","route_short_name":"14","route_name":"MISSION","direction":"1","route_color":"005B95"}},{"type":"Feature","geometry":{"type":"LineString","coordinates":[[-122.39344,37.7933],[-122.39435,37.79239],[-122.39592,37.79114],[-122.39749,37.78992],[-122.40024,37.78775],[-122.40249,37.78597],[-122.40452,37.78436],[-122.40664,37.78272],[-122.4091,37.78075],[-122.41135,37.77897],[-122.41355,37.77723],[-122.41518,37.77594],[-122.41729,37.77431],[-122.41917,37.77281],[-122.42037,37.7716],[-122.42002,37.7678],[-122.41974,37.7648],[-122.41946,37.76176],[-122.41909,37.75817],[-122.4188,37.75517],[-122.41853,37.75196],[-122.41818,37.74857],[-122.4203,37.74508],[-122.42199,37.74242],[-122.42287,37.74108],[-122.42404,37.73899],[-122.4242,37.73706],[-122.4247,37.73562],[-122.42682,37.73334],[-122.428,37.73217],[-122.42971,37.73045],[-122.43135,37.72872],[-122.43365,37.72635],[-122.43597,37.72326],[-122.43748,37.72128],[-122.43909,37.71915],[-122.44115,37.71646],[-122.44265,37.7147],[-122.44462,37.71285],[-122.44649,37.71143],[-122.44834,37.71048],[-122.45087,37.7095],[-122.45332,37.70866],[-122.45708,37.70736],[-122.45906,37.70682],[-122.45998,37.70637]]},"properties":{"route_id":"14","route_gtfs_id":"SF:14","route_short_name":"14","route_name":"MISSION","direction":"0","route_color":"005B95"}},{"type":"Feature","geometry":{"type":"LineString","coordinates":[[-122.39442,37.79427],[-122.39454,37.79441],[-122.39618,37.79347],[-122.39815,37.79192],[-122.40067,37.7903],[-122.40438,37.78982],[-122.40703,37.78948],[-122.40868,37.78927],[-122.41032,37.78906],[-122.41196,37.78886],[-122.41362,37.78864],[-122.41527,37.78843],[-122.41691,37.78822],[-122.41854,37.78801],[-122.4202,37.7878],[-122.42154,37.78763],[-122.42492,37.78721],[-122.42706,37.78693],[-122.42871,37.78672],[-122.42986,37.78658],[-122.43315,37.78616],[-122.43479,37.78594],[-122.43808,37.78552],[-122.43973,37.78531],[-122.44307,37.78489],[-122.4462,37.78453],[-122.44697,37.78726],[-122.44697,37.78768]]},"properties":{"route_id":"2","route_gtfs_id":"SF:2","route_short_name":"2","route_name":"SUTTER","direction":"0","route_color":"005B95"}},{"type":"Feature","geometry":{"type":"LineString","coordinates":[[-122.44697,37.78768],[-122.44617,37.78438],[-122.44331,37.78477],[-122.43943,37.78526],[-122.43832,37.7854],[-122.43503,37.78579],[-122.43283,37.78609],[-122.42961,37.7865],[-122.42846,37.78665],[-122.42767,37.78577],[-122.42665,37.78591],[-122.42476,37.78617],[-122.42145,37.78657],[-122.41956,37.7868],[-122.41772,37.78705],[-122.41626,37.78724],[-122.41459,37.78745],[-122.41295,37.78765],[-122.41132,37.78788],[-122.40793,37.7883],[-122.40599,37.78855],[-122.40274,37.78896],[-122.3992,37.79094],[-122.39702,37.79257],[-122.39528,37.7934],[-122.39442,37.79427]]},"properties":{"route_id":"2","route_gtfs_id":"SF:2","route_short_name":"2","route_name":"SUTTER","direction":"1","route_color":"005B95"}},{"type":"Feature","geometry":{"type":"LineString","coordinates":[[-122.39087,37.77106],[-122.39104,37.77051],[-122.38938,37.76871],[-122.39089,37.76686],[-122.3928,37.76672],[-122.39701,37.76649],[-122.39984,37.76629],[-122.40282,37.76611],[-122.40762,37.7658],[-122.41029,37.76566],[-122.41543,37.7654],[-122.41961,37.76515],[-122.42175,37.76499],[-122.42652,37.76471],[-122.42852,37.76458],[-122.42893,37.76751],[-122.42903,37.76932],[-122.42993,37.77031],[-122.43035,37.77203],[-122.43082,37.77427],[-122.4312,37.77611],[-122.43137,37.777],[-122.43169,37.77854],[-122.43196,37.77986],[-122.43233,37.78173],[-122.43263,37.78319],[-122.43281,37.7844],[-122.43324,37.78605],[-122.43357,37.78805],[-122.43456,37.79276],[-122.43484,37.79416],[-122.43644,37.79413],[-122.43667,37.79491],[-122.43686,37.79586],[-122.43705,37.79678],[-122.43549,37.79739],[-122.43595,37.79971],[-122.43623,37.80109],[-122.43668,37.80259]]},"properties":{"route_id":"22","route_gtfs_id":"SF:22","route_short_name":"22","route_name":"FILLMORE","direction":"1","route_color":"005B95"}},{"type":"Feature","geometry":{"type":"LineString","coordinates":[[-122.43668,37.80259],[-122.43679,37.80355],[-122.43721,37.80561],[-122.43713,37.80442],[-122.43681,37.80282],[-122.43647,37.80089],[-122.43605,37.79959],[-122.43566,37.79712],[-122.43721,37.79668],[-122.43707,37.79606],[-122.43685,37.7949],[-122.43628,37.79406],[-122.43488,37.7938],[-122.43461,37.79239],[-122.4341,37.78992],[-122.43366,37.78772],[-122.43327,37.78581],[-122.43306,37.78436],[-122.4327,37.78302],[-122.4324,37.78152],[-122.43214,37.7802],[-122.43176,37.77834],[-122.43147,37.77686],[-122.43121,37.7756],[-122.43087,37.77376],[-122.43054,37.7722],[-122.4297,37.77025],[-122.42917,37.7695],[-122.42905,37.76729],[-122.42872,37.76462],[-122.42629,37.76461],[-122.42206,37.76485],[-122.41984,37.76498],[-122.41605,37.76522],[-122.41041,37.76559],[-122.40761,37.76576],[-122.40286,37.76599],[-122.39991,37.7662],[-122.39702,37.76638],[-122.39253,37.76665],[-122.39072,37.76676],[-122.38923,37.76905],[-122.39087,37.77106]]},"properties":{"route_id":"22","route_gtfs_id":"SF:22","route_short_name":"22","route_name":"FILLMORE","direction":"0","route_color":"005B95"}},{"type":"Feature","geometry":{"type":"LineString","coordinates":[[-122.40668,37.75141],[-122.40722,37.75283],[-122.40625,37.75342],[-122.40647,37.75541],[-122.40672,37.75786],[-122.40702,37.76074],[-122.40726,37.76328],[-122.40762,37.7658],[-122.41029,37.76566],[-122.41543,37.7654],[-122.41974,37.7648],[-122.41951,37.7619],[-122.42173,37.76176],[-122.42396,37.76162],[-122.42624,37.76149],[-122.4282,37.76137],[-122.43046,37.76123],[-122.43269,37.76109],[-122.43515,37.76095],[-122.43815,37.76076],[-122.44109,37.76059],[-122.44354,37.76035],[-122.44445,37.75979],[-122.44448,37.75838],[-122.44594,37.75879],[-122.4463,37.7603],[-122.4468,37.76298],[-122.44595,37.76428],[-122.44588,37.76515],[-122.44628,37.76715],[-122.44666,37.76901],[-122.44685,37.76994],[-122.44873,37.76984],[-122.45284,37.76933],[-122.45378,37.77086],[-122.45419,37.77282],[-122.45474,37.77477],[-122.4583,37.77443],[-122.45852,37.77748],[-122.45876,37.78108],[-122.45896,37.78374],[-122.45909,37.7856]]},"properties":{"route_id":"33","route_gtfs_id":"SF:33","route_short_name":"33","route_name":"ASHBURY-18TH ST","direction":"1","route_color":"005B95"}},{"type":"Feature","geometry":{"type":"LineString","coordinates":[[-122.45683,37.78604],[-122.45925,37.78556],[-122.45907,37.78307],[-122.45896,37.78143],[-122.45865,37.77708],[-122.458,37.77428],[-122.45471,37.7746],[-122.45434,37.77277],[-122.45307,37.76917],[-122.44843,37.76978],[-122.44685,37.76916],[-122.44647,37.76731],[-122.44607,37.7653],[-122.44609,37.7643],[-122.44697,37.76301],[-122.44648,37.76086],[-122.44587,37.75867],[-122.44432,37.75822],[-122.44406,37.75841],[-122.44349,37.76024],[-122.44078,37.76049],[-122.43729,37.7607],[-122.43484,37.76085],[-122.43291,37.76096],[-122.43068,37.76109],[-122.42814,37.76125],[-122.42593,37.76139],[-122.42365,37.76152],[-122.42142,37.76166],[-122.41935,37.76264],[-122.41928,37.76502],[-122.41605,37.76522],[-122.41041,37.76559],[-122.40761,37.76576],[-122.40741,37.76313],[-122.40717,37.76061],[-122.40694,37.7575],[-122.4067,37.75506],[-122.40649,37.75267],[-122.40668,37.75141]]},"properties":{"route_id":"33","route_gtfs_id":"SF:33","route_short_name":"33","route_name":"ASHBURY-18TH ST","direction":"0","route_color":"005B95"}},{"type":"Feature","geometry":{"type":"LineString","coordinates":[[-122.40579,37.80266],[-122.40574,37.80185],[-122.40646,37.8026],[-122.40664,37.80299],[-122.40651,37.8037],[-122.40807,37.8035],[-122.40963,37.80328],[-122.40966,37.80235],[-122.40946,37.80142],[-122.40928,37.80054],[-122.40769,37.8006],[-122.4061,37.80076],[-122.40451,37.80096],[-122.40447,37.80109],[-122.40596,37.80091],[-122.4075,37.80068],[-122.41008,37.80041],[-122.41127,37.80295],[-122.41166,37.80477],[-122.41183,37.80574],[-122.41204,37.80667],[-122.41059,37.80688]]},"properties":{"route_id":"39","route_gtfs_id":"SF:39","route_short_name":"39","route_name":"COIT","direction":"1","route_color":"005B95"}},{"type":"Feature","geometry":{"type":"LineString","coordinates":[[-122.41059,37.80688],[-122.41029,37.80835],[-122.41251,37.80803],[-122.41218,37.8065],[-122.41191,37.80506],[-122.41146,37.80281],[-122.4111,37.80131],[-122.41031,37.80028],[-122.40927,37.80037],[-122.4095,37.80221],[-122.40969,37.80313],[-122.40804,37.80338],[-122.40653,37.80356],[-122.40679,37.80301],[-122.40662,37.80272],[-122.40568,37.80177],[-122.40579,37.80266]]},"properties":{"route_id":"39","route_gtfs_id":"SF:39","route_short_name":"39","route_name":"COIT","direction":"0","route_color":"005B95"}},{"type":"Feature","geometry":{"type":"LineString","coordinates":[[-122.39933,37.7842],[-122.40211,37.78637],[-122.40346,37.78805],[-122.40438,37.78982],[-122.40705,37.79013],[-122.40779,37.79381],[-122.40801,37.79486],[-122.40829,37.79631],[-122.40887,37.79913],[-122.41036,37.8005],[-122.41266,37.80209],[-122.41514,37.80379],[-122.41617,37.80452],[-122.41759,37.80549],[-122.42023,37.8058],[-122.42189,37.80559],[-122.42399,37.80531],[-122.42546,37.80485]]},"properties":{"route_id":"30","route_gtfs_id":"SF:30","route_short_name":"30","route_name":"STOCKTON","direction":"0","route_color":"005B95"}},{"type":"Feature","geometry":{"type":"LineString","coordinates":[[-122.46155,37.80278],[-122.45897,37.80356],[-122.45442,37.80415],[-122.44895,37.80482],[-122.44389,37.80456],[-122.4437,37.80377],[-122.44351,37.80284],[-122.44333,37.80191],[-122.44314,37.80097],[-122.44296,37.80009],[-122.43962,37.80031],[-122.43637,37.80074],[-122.4347,37.80095],[-122.43141,37.80137],[-122.4281,37.80183],[-122.42489,37.8022],[-122.425,37.80429],[-122.42495,37.80504],[-122.42349,37.80524],[-122.42211,37.80541],[-122.42047,37.80563],[-122.41784,37.80551],[-122.41597,37.80421],[-122.41464,37.80329],[-122.41365,37.8026],[-122.4116,37.80119],[-122.41051,37.80038],[-122.40905,37.79928],[-122.40862,37.79716],[-122.40812,37.79471],[-122.40788,37.79348],[-122.40716,37.78997],[-122.40673,37.7877],[-122.40568,37.78553],[-122.40412,37.78426],[-122.40133,37.78208],[-122.39463,37.77728]]},"properties":{"route_id":"30","route_gtfs_id":"SF:30","route_short_name":"30","route_name":"STOCKTON","direction":"1","route_color":"005B95"}},{"type":"Feature","geometry":{"type":"LineString","coordinates":[[-122.40821,37.78401],[-122.40938,37.78348],[-122.41258,37.78304],[-122.41422,37.78283],[-122.41586,37.78262],[-122.4172,37.78246],[-122.41769,37.78335],[-122.41904,37.78318],[-122.42061,37.78299],[-122.42427,37.78252],[-122.4273,37.78213],[-122.42895,37.78192],[-122.43224,37.7815],[-122.43551,37.78108],[-122.43716,37.78088],[-122.43894,37.78059],[-122.4403,37.77951],[-122.44217,37.77929],[-122.4436,37.77911],[-122.44525,37.77891],[-122.44721,37.77866],[-122.44992,37.77834],[-122.4517,37.77809],[-122.45328,37.7779],[-122.45537,37.77764],[-122.45886,37.77747],[-122.46175,37.7774],[-122.46416,37.77729],[-122.46604,37.7772],[-122.46817,37.7771],[-122.47031,37.777],[-122.47223,37.7769],[-122.47577,37.77676],[-122.47791,37.77666],[-122.48006,37.77656],[-122.48219,37.77647],[-122.48461,37.77636],[-122.48755,37.77622],[-122.48996,37.77611],[-122.49184,37.77602],[-122.49458,37.7759],[-122.4972,37.77578],[-122.5004,37.77564],[-122.50362,37.77548],[-122.50596,37.77521],[-122.50583,37.77354],[-122.50777,37.77342],[-122.50998,37.77356]]},"properties":{"route_id":"31","route_gtfs_id":"SF:31","route_short_name":"31","route_name":"BALBOA","direction":"0","route_color":"005B95"}},{"type":"Feature","geometry":{"type":"LineString","coordinates":[[-122.50998,37.77356],[-122.50988,37.77321],[-122.50799,37.77329],[-122.50567,37.77357],[-122.5058,37.77524],[-122.50384,37.77535],[-122.50062,37.7755],[-122.49742,37.77565],[-122.4942,37.77579],[-122.49206,37.77589],[-122.48991,37.77599],[-122.48777,37.77609],[-122.4843,37.77624],[-122.48242,37.77633],[-122.48027,37.77643],[-122.47813,37.77653],[-122.47599,37.77663],[-122.47241,37.77679],[-122.47053,37.77687],[-122.46839,37.77697],[-122.46626,37.77707],[-122.46385,37.77717],[-122.46197,37.77726],[-122.45818,37.77715],[-122.45503,37.77756],[-122.45348,37.77775],[-122.45137,37.77801],[-122.44959,37.77824],[-122.44714,37.77855]]},"properties":{"route_id":"31","route_gtfs_id":"SF:31","route_short_name":"31","route_name":"BALBOA","direction":"1","route_color":"005B95"}},{"type":"Feature","geometry":{"type":"LineString","coordinates":[[-122.43408,37.73349],[-122.43384,37.73446],[-122.43191,37.73458],[-122.43028,37.73548],[-122.429,37.73633],[-122.42775,37.73714],[-122.42825,37.73775],[-122.42946,37.73793],[-122.43101,37.73774],[-122.43281,37.73817],[-122.43361,37.74],[-122.43422,37.74019],[-122.43576,37.7402],[-122.43535,37.7416],[-122.43549,37.74308],[-122.4356,37.74469],[-122.43569,37.74547],[-122.43576,37.74629],[-122.43584,37.7471],[-122.43591,37.74789],[-122.43599,37.74868],[-122.43606,37.74949],[-122.43622,37.75108],[-122.43836,37.7511],[-122.4405,37.75098],[-122.44074,37.75241],[-122.44089,37.75401],[-122.44043,37.75504],[-122.43901,37.75536],[-122.43773,37.75581],[-122.43788,37.75741],[-122.43804,37.75903],[-122.43819,37.76063],[-122.43828,37.76159],[-122.43527,37.7624]]},"properties":{"route_id":"35","route_gtfs_id":"SF:35","route_short_name":"35","route_name":"EUREKA","direction":"1","route_color":"005B95"}},{"type":"Feature","geometry":{"type":"LineString","coordinates":[[-122.43527,37.7624],[-122.43505,37.76086],[-122.43491,37.75939],[-122.43477,37.75778],[-122.43597,37.75768],[-122.43787,37.75756],[-122.4379,37.75597],[-122.43774,37.75437],[-122.43875,37.75352],[-122.43854,37.75112],[-122.4364,37.75109],[-122.43621,37.74965],[-122.43616,37.74885],[-122.43607,37.74785],[-122.43599,37.74707],[-122.43592,37.74626],[-122.43586,37.74564],[-122.43576,37.74465],[-122.43566,37.74325],[-122.43548,37.74192],[-122.43572,37.74004],[-122.43443,37.74005],[-122.43407,37.73833],[-122.43219,37.73683],[-122.43118,37.73665],[-122.42953,37.73772],[-122.42829,37.73776],[-122.42792,37.73711],[-122.42894,37.73646],[-122.4302,37.73563],[-122.43233,37.7346],[-122.43395,37.73447],[-122.43408,37.73349]]},"properties":{"route_id":"35","route_gtfs_id":"SF:35","route_short_name":"35","route_name":"EUREKA","direction":"0","route_color":"005B95"}},{"type":"Feature","geometry":{"type":"LineString","coordinates":[[-122.42546,37.80485],[-122.4249,37.80243],[-122.42404,37.79858],[-122.42366,37.79672],[-122.4231,37.79396],[-122.42257,37.79131],[-122.42178,37.78757],[-122.42121,37.78478],[-122.42087,37.78292],[-122.4203,37.7801],[-122.41931,37.77517],[-122.41917,37.77281],[-122.42037,37.7716],[-122.42002,37.7678],[-122.41974,37.7648],[-122.41946,37.76176],[-122.41909,37.75817],[-122.4188,37.75517],[-122.41853,37.75196],[-122.41818,37.74857],[-122.4203,37.74508],[-122.42199,37.74242],[-122.42287,37.74108],[-122.42404,37.73899],[-122.4242,37.73706],[-122.4247,37.73562],[-122.42682,37.73334],[-122.428,37.73217],[-122.42971,37.73045],[-122.43135,37.72872],[-122.43365,37.72635],[-122.43614,37.72389],[-122.43867,37.72367],[-122.44082,37.72343],[-122.44495,37.723],[-122.44693,37.72303],[-122.44978,37.72302],[-122.45259,37.72372]]},"properties":{"route_id":"49","route_gtfs_id":"SF:49","route_short_name":"49","route_name":"VAN NESS-MISSION","direction":"0","route_color":"005B95"}},{"type":"Feature","geometry":{"type":"LineString","coordinates":[[-122.45259,37.72372],[-122.44929,37.72286],[-122.44749,37.72294],[-122.4444,37.7229],[-122.44124,37.72326],[-122.43853,37.72357],[-122.43589,37.72382],[-122.43351,37.72635],[-122.43132,37.72872],[-122.42927,37.73066],[-122.42592,37.73404],[-122.42442,37.73591],[-122.42396,37.73745],[-122.42387,37.73887],[-122.42276,37.74105],[-122.42194,37.74241],[-122.4194,37.74625],[-122.4181,37.74951],[-122.4184,37.75236],[-122.41871,37.75582],[-122.41902,37.75911],[-122.41935,37.76264],[-122.41967,37.76512],[-122.41993,37.76862],[-122.41978,37.77047],[-122.41924,37.7751],[-122.42022,37.78003],[-122.42078,37.78285],[-122.42137,37.78565],[-122.42192,37.78845],[-122.42266,37.79213],[-122.4232,37.79478],[-122.4236,37.7968],[-122.42396,37.79851],[-122.42464,37.80258],[-122.425,37.80429],[-122.42542,37.80507]]},"properties":{"route_id":"49","route_gtfs_id":"SF:49","route_short_name":"49","route_name":"VAN NESS-MISSION","direction":"1","route_color":"005B95"}},{"type":"Feature","geometry":{"type":"LineString","coordinates":[[-122.43219,37.80512],[-122.43142,37.80151],[-122.43627,37.79984],[-122.43956,37.79948],[-122.44286,37.79908],[-122.44716,37.79854],[-122.45185,37.79938],[-122.4545,37.80201],[-122.45576,37.8023],[-122.45389,37.80055],[-122.45254,37.79904],[-122.4517,37.79671],[-122.44761,37.79091],[-122.44726,37.78918],[-122.44697,37.78768],[-122.44629,37.78439],[-122.44593,37.78267],[-122.44757,37.78214],[-122.44716,37.77876],[-122.44655,37.77558],[-122.44624,37.77402],[-122.44573,37.77173],[-122.44542,37.77031],[-122.44873,37.76984],[-122.45077,37.76945],[-122.4502,37.76683],[-122.44996,37.76556],[-122.45008,37.7649],[-122.4511,37.76477],[-122.45288,37.76455],[-122.45453,37.76435],[-122.45697,37.76381],[-122.45875,37.76331],[-122.46074,37.76273],[-122.46285,37.7624],[-122.46435,37.76233],[-122.46624,37.76204],[-122.46615,37.76041],[-122.46602,37.75853],[-122.46388,37.75847],[-122.46374,37.7566],[-122.46368,37.75489],[-122.46135,37.75112],[-122.45887,37.74812],[-122.45816,37.74602],[-122.45718,37.74529],[-122.45663,37.74415],[-122.45548,37.74311],[-122.45652,37.74163],[-122.45927,37.74021],[-122.46008,37.73938],[-122.46146,37.73774],[-122.4608,37.73551],[-122.4597,37.73439],[-122.45919,37.7337],[-122.45872,37.73262],[-122.45777,37.73224],[-122.45753,37.73111],[-122.45583,37.73127],[-122.45308,37.73147],[-122.45124,37.73147],[-122.45121,37.72995],[-122.45117,37.72846],[-122.45244,37.72685],[-122.45243,37.72385],[-122.45007,37.72198],[-122.44738,37.72095],[-122.44355,37.71872],[-122.44101,37.71642],[-122.43759,37.71477],[-122.43668,37.71364],[-122.43799,37.7118],[-122.4385,37.71108],[-122.43747,37.71004],[-122.43507,37.71016],[-122.43483,37.70964],[-122.43422,37.70887],[-122.4325,37.70963],[-122.43138,37.71057],[-122.43177,37.71123],[-122.43218,37.71215],[-122.43295,37.71293]]},"properties":{"route_id":"43","route_gtfs_id":"SF:43","route_short_name":"43","route_name":"MASONIC","direction":"0","route_color":"005B95"}},{"type":"Feature","geometry":{"type":"LineString","coordinates":[[-122.43295,37.71293],[-122.4321,37.7117],[-122.43151,37.71071],[-122.43243,37.70983],[-122.43434,37.70897],[-122.43459,37.7095],[-122.43487,37.71018],[-122.43543,37.71094],[-122.43824,37.71115],[-122.4379,37.71167],[-122.43735,37.71246],[-122.43663,37.71346],[-122.43803,37.71514],[-122.44087,37.71647],[-122.44355,37.71893],[-122.44674,37.7208],[-122.44998,37.72212],[-122.45226,37.7241],[-122.45227,37.72692],[-122.45127,37.72829],[-122.44875,37.72849],[-122.44876,37.7298],[-122.44917,37.73161],[-122.45145,37.73161],[-122.45329,37.73161],[-122.45565,37.73145],[-122.45732,37.73112],[-122.45765,37.73209],[-122.45851,37.73261],[-122.45896,37.7336],[-122.45966,37.73456],[-122.46055,37.73531],[-122.46131,37.73787],[-122.46003,37.7392],[-122.45922,37.74008],[-122.45752,37.74088],[-122.45578,37.74197],[-122.45578,37.74347],[-122.45641,37.744],[-122.45709,37.74537],[-122.45908,37.74723],[-122.45884,37.74833],[-122.46092,37.75071],[-122.46357,37.75677],[-122.46409,37.75861],[-122.4658,37.75852],[-122.46595,37.76024],[-122.46608,37.76209],[-122.46414,37.7622],[-122.462,37.7623],[-122.46095,37.76252],[-122.45821,37.7633],[-122.45674,37.76372],[-122.4543,37.76424],[-122.45265,37.76443],[-122.4513,37.7646],[-122.44985,37.76479],[-122.44991,37.76594],[-122.45043,37.76853],[-122.45061,37.76946],[-122.44843,37.76978],[-122.4453,37.77035],[-122.44563,37.77196],[-122.44605,37.77406],[-122.44636,37.77571],[-122.447,37.77877],[-122.44736,37.78216],[-122.4458,37.78271],[-122.4462,37.78453],[-122.44674,37.78738],[-122.44704,37.78897],[-122.4474,37.79071],[-122.45152,37.79648],[-122.45242,37.79912],[-122.4545,37.80201],[-122.45576,37.8023],[-122.45389,37.80055],[-122.45172,37.79922],[-122.45013,37.79805],[-122.44753,37.7984],[-122.44511,37.79867],[-122.44248,37.79897],[-122.43916,37.7994],[-122.43588,37.79982],[-122.43123,37.80135],[-122.43334,37.80343],[-122.43219,37.80512]]},"properties":{"route_id":"43","route_gtfs_id":"SF:43","route_short_name":"43","route_name":"MASONIC","direction":"1","route_color":"005B95"}},{"type":"Feature","geometry":{"type":"LineString","coordinates":[[-122.44578,37.75041],[-122.44494,37.74912],[-122.44509,37.74808],[-122.4442,37.74715],[-122.44396,37.75085],[-122.44341,37.75208],[-122.443,37.75399],[-122.4428,37.75548],[-122.44328,37.75641],[-122.44415,37.7575],[-122.4459,37.75866],[-122.44508,37.75991],[-122.44439,37.76047],[-122.44404,37.7612],[-122.44294,37.76165],[-122.44112,37.76161],[-122.43962,37.76208],[-122.43529,37.76259],[-122.43332,37.76396],[-122.43114,37.76569],[-122.42909,37.76777],[-122.43111,37.76767],[-122.43327,37.76751],[-122.43584,37.76738],[-122.43721,37.7673],[-122.43808,37.76674],[-122.43833,37.76883],[-122.44021,37.76773],[-122.4428,37.76582],[-122.44338,37.76545],[-122.4433,37.76449],[-122.44301,37.76373],[-122.4437,37.76342],[-122.44537,37.76197],[-122.4467,37.76185],[-122.44768,37.76176],[-122.44898,37.76168],[-122.44938,37.76313],[-122.44971,37.76477],[-122.44991,37.76594],[-122.45043,37.76853],[-122.45061,37.76946],[-122.44843,37.76978],[-122.44538,37.77015]]},"properties":{"route_id":"37","route_gtfs_id":"SF:37","route_short_name":"37","route_name":"CORBETT","direction":"1","route_color":"005B95"}},{"type":"Feature","geometry":{"type":"LineString","coordinates":[[-122.44538,37.77015],[-122.44685,37.76994],[-122.44873,37.76984],[-122.45077,37.76945],[-122.4502,37.76683],[-122.44996,37.76556],[-122.44978,37.76462],[-122.44953,37.76326],[-122.44921,37.76171],[-122.44905,37.76093],[-122.44763,37.76092],[-122.44663,37.76094],[-122.44521,37.76195],[-122.44379,37.76324],[-122.44291,37.76373],[-122.44314,37.76449],[-122.44102,37.76536],[-122.4395,37.76649],[-122.43828,37.7667],[-122.43722,37.76716],[-122.43578,37.76728],[-122.43356,37.7674],[-122.43128,37.76754],[-122.42913,37.76767],[-122.4314,37.76569],[-122.43366,37.76391],[-122.43498,37.76302],[-122.43749,37.76241],[-122.44022,37.7619],[-122.44112,37.76171],[-122.44284,37.7618],[-122.44408,37.76133],[-122.44448,37.76048],[-122.44533,37.75993],[-122.44614,37.75894],[-122.44474,37.75783],[-122.44343,37.75645],[-122.44283,37.75535],[-122.44301,37.75412],[-122.44382,37.75287],[-122.44371,37.75168],[-122.44348,37.74995],[-122.44396,37.74897],[-122.44487,37.74703],[-122.4449,37.74806],[-122.44508,37.7493],[-122.44658,37.75039],[-122.4462,37.75176],[-122.44608,37.75235],[-122.44578,37.75041]]},"properties":{"route_id":"37","route_gtfs_id":"SF:37","route_short_name":"37","route_name":"CORBETT","direction":"0","route_color":"005B95"}},{"type":"Feature","geometry":{"type":"LineString","coordinates":[[-122.50998,37.77356],[-122.51006,37.77321],[-122.50939,37.77134],[-122.50631,37.77148],[-122.5033,37.77161],[-122.49991,37.77179],[-122.49679,37.77192],[-122.49288,37.7721],[-122.48919,37.77224],[-122.48717,37.77235],[-122.4841,37.77255],[-122.48061,37.77266],[-122.47652,37.77283],[-122.4717,37.77307],[-122.46761,37.77325],[-122.46574,37.77332],[-122.46384,37.77353],[-122.46125,37.77384],[-122.458,37.77428],[-122.45452,37.77476],[-122.45238,37.77499],[-122.44929,37.77537],[-122.44629,37.77577],[-122.44185,37.77731],[-122.43851,37.77773],[-122.43519,37.77815],[-122.43174,37.77862],[-122.42701,37.77921],[-122.42325,37.77963],[-122.42018,37.78005],[-122.41587,37.78061],[-122.41359,37.78089],[-122.40866,37.78339],[-122.40683,37.78484],[-122.40459,37.7866],[-122.40336,37.78767],[-122.39972,37.79048],[-122.39688,37.79194],[-122.39569,37.79009]]},"properties":{"route_id":"5","route_gtfs_id":"SF:5","route_short_name":"5","route_name":"FULTON","direction":"1","route_color":"005B95"}},{"type":"Feature","geometry":{"type":"LineString","coordinates":[[-122.39569,37.79009],[-122.39815,37.79165],[-122.40049,37.79001],[-122.40248,37.78849],[-122.40516,37.78639],[-122.40754,37.78447],[-122.40964,37.78285],[-122.41219,37.78117],[-122.41569,37.78073],[-122.41741,37.78051],[-122.42071,37.78009],[-122.42388,37.77971],[-122.42717,37.7793],[-122.43207,37.77864],[-122.43505,37.77824],[-122.43829,37.77782],[-122.44166,37.7774],[-122.4464,37.77584],[-122.44977,37.77541],[-122.45287,37.77501],[-122.45474,37.77477],[-122.45842,37.77435],[-122.46166,37.77395],[-122.46375,37.77381]]},"properties":{"route_id":"5","route_gtfs_id":"SF:5","route_short_name":"5","route_name":"FULTON","direction":"0","route_color":"005B95"}},{"type":"Feature","geometry":{"type":"LineString","coordinates":[[-122.38872,37.74034],[-122.38786,37.74263],[-122.38451,37.7407],[-122.38281,37.73972],[-122.38108,37.73876],[-122.37925,37.73767],[-122.37952,37.73707],[-122.37947,37.73502],[-122.37954,37.73417],[-122.38002,37.73347],[-122.37991,37.7325],[-122.38184,37.73332],[-122.38332,37.73334],[-122.38505,37.7332],[-122.38598,37.73315],[-122.38663,37.73258],[-122.38737,37.73206],[-122.38889,37.73292],[-122.39083,37.73402],[-122.39266,37.73503],[-122.39454,37.7361],[-122.39637,37.73716],[-122.39889,37.73636],[-122.40107,37.73527],[-122.40257,37.73433],[-122.4043,37.73327],[-122.40568,37.73245],[-122.40885,37.7315],[-122.41084,37.73091],[-122.41361,37.72984],[-122.41611,37.72901],[-122.4194,37.72913],[-122.42257,37.7289],[-122.42587,37.72871],[-122.42857,37.72861],[-122.43111,37.72878],[-122.43326,37.72979],[-122.42965,37.7314],[-122.43151,37.73182],[-122.43401,37.7336],[-122.43571,37.73392],[-122.44009,37.73501],[-122.4433,37.73661],[-122.44603,37.74139],[-122.45068,37.74448],[-122.45243,37.74577],[-122.45383,37.74577],[-122.45535,37.74638],[-122.45908,37.74723],[-122.45884,37.74833],[-122.46092,37.75071],[-122.46357,37.75677],[-122.46409,37.75861],[-122.4658,37.75852],[-122.46595,37.76024],[-122.46608,37.76209],[-122.46624,37.76429],[-122.46635,37.76585],[-122.46615,37.77044],[-122.46581,37.77364],[-122.46501,37.77526],[-122.46392,37.77715],[-122.46418,37.78088],[-122.46438,37.78305],[-122.46428,37.78501]]},"properties":{"route_id":"44","route_gtfs_id":"SF:44","route_short_name":"44","route_name":"O'SHAUGHNESSY","direction":"1","route_color":"005B95"}},{"type":"Feature","geometry":{"type":"LineString","coordinates":[[-122.46428,37.78501],[-122.46453,37.78303],[-122.46435,37.78077],[-122.46409,37.77699],[-122.46483,37.77538],[-122.46598,37.77348],[-122.46892,37.77053],[-122.46652,37.76569],[-122.46639,37.7638],[-122.46624,37.76204],[-122.46615,37.76041],[-122.46602,37.75853],[-122.46388,37.75847],[-122.46374,37.7566],[-122.46368,37.75489],[-122.46135,37.75112],[-122.45887,37.74812],[-122.45644,37.74649],[-122.45559,37.74628],[-122.45406,37.74569],[-122.45131,37.745],[-122.44597,37.74108],[-122.44378,37.73648],[-122.44007,37.73487],[-122.43597,37.73383],[-122.43408,37.73349],[-122.43133,37.73064],[-122.43318,37.72959],[-122.43122,37.72866],[-122.42879,37.72847],[-122.42609,37.72856],[-122.42279,37.72875],[-122.41917,37.72901],[-122.41627,37.72883],[-122.41298,37.72993],[-122.4102,37.73097],[-122.40899,37.73133],[-122.40567,37.73241],[-122.40436,37.73305],[-122.40159,37.73477],[-122.39862,37.73632],[-122.39663,37.7371],[-122.39481,37.7361],[-122.39292,37.73503],[-122.39086,37.73385],[-122.38918,37.73291],[-122.38731,37.73185],[-122.38661,37.73237],[-122.38605,37.733],[-122.38486,37.73304],[-122.38308,37.73325],[-122.38212,37.73336],[-122.37969,37.73239],[-122.37984,37.7333],[-122.37936,37.73439],[-122.37932,37.73516],[-122.37932,37.73701],[-122.3808,37.73877],[-122.38297,37.74],[-122.38456,37.7409],[-122.38715,37.74141],[-122.38872,37.74034]]},"properties":{"route_id":"44","route_gtfs_id":"SF:44","route_short_name":"44","route_name":"O'SHAUGHNESSY","direction":"0","route_color":"005B95"}},{"type":"Feature","geometry":{"type":"LineString","coordinates":[[-122.45927,37.70662],[-122.46903,37.70596],[-122.46946,37.71036],[-122.467,37.71159],[-122.47278,37.713],[-122.47457,37.71376],[-122.48019,37.7146],[-122.48551,37.71108],[-122.48584,37.70831],[-122.49534,37.71624],[-122.49777,37.71701],[-122.50003,37.719],[-122.50245,37.72639],[-122.50169,37.72822],[-122.49922,37.73115],[-122.49649,37.73351],[-122.49387,37.73171],[-122.48629,37.72944],[-122.48331,37.72698],[-122.47893,37.72829],[-122.47574,37.72688],[-122.47523,37.7259]]},"properties":{"route_id":"58","route_gtfs_id":"SF:58","route_short_name":"58","route_name":"LAKE MERCED","direction":"1","route_color":"005B95"}},{"type":"Feature","geometry":{"type":"LineString","coordinates":[[-122.47523,37.7259],[-122.47594,37.72687],[-122.47849,37.72806],[-122.4833,37.72712],[-122.4864,37.72963],[-122.49362,37.73183],[-122.49378,37.73485],[-122.49342,37.73405],[-122.49752,37.73313],[-122.50159,37.7307],[-122.50185,37.72857],[-122.49991,37.71874],[-122.49766,37.71677],[-122.49539,37.71607],[-122.4856,37.70822],[-122.48524,37.71187],[-122.48022,37.71449],[-122.47557,37.71413],[-122.47447,37.71359],[-122.46711,37.71166],[-122.46863,37.70628],[-122.45927,37.70662]]},"properties":{"route_id":"58","route_gtfs_id":"SF:58","route_short_name":"58","route_name":"LAKE MERCED","direction":"0","route_color":"005B95"}},{"type":"Feature","geometry":{"type":"LineString","coordinates":[[-122.44721,37.79743],[-122.44697,37.79572],[-122.44551,37.79575],[-122.44218,37.79617],[-122.43888,37.79659],[-122.43533,37.79704],[-122.4323,37.79743],[-122.43065,37.79764],[-122.42737,37.79806],[-122.42415,37.79847],[-122.42243,37.79868],[-122.42053,37.79895],[-122.41915,37.79912],[-122.41751,37.79932],[-122.41586,37.79954],[-122.41422,37.79974],[-122.41257,37.79996],[-122.41031,37.80028],[-122.40905,37.79928],[-122.40862,37.79716],[-122.40812,37.79471],[-122.40788,37.79348],[-122.40716,37.78997],[-122.40673,37.7877],[-122.40568,37.78553],[-122.40412,37.78426],[-122.40133,37.78208],[-122.39991,37.78067],[-122.39852,37.77624],[-122.39549,37.77658],[-122.39375,37.778]]},"properties":{"route_id":"45","route_gtfs_id":"SF:45","route_short_name":"45","route_name":"UNION-STOCKTON","direction":"1","route_color":"005B95"}},{"type":"Feature","geometry":{"type":"LineString","coordinates":[[-122.39375,37.778],[-122.39319,37.77929],[-122.3962,37.78165],[-122.39933,37.7842],[-122.40211,37.78637],[-122.40346,37.78805],[-122.40438,37.78982],[-122.40705,37.79013],[-122.40779,37.79381],[-122.40801,37.79486],[-122.40829,37.79631],[-122.40887,37.79913],[-122.41008,37.80041],[-122.41237,37.80011],[-122.41402,37.79989],[-122.41567,37.79969],[-122.41755,37.79945],[-122.41896,37.79927],[-122.42061,37.79907],[-122.4225,37.7988],[-122.42424,37.79859],[-122.42718,37.79821],[-122.43046,37.79779],[-122.43211,37.79758],[-122.43566,37.79712],[-122.43869,37.79674],[-122.44199,37.79632],[-122.44531,37.7959],[-122.44569,37.79761],[-122.44721,37.79743]]},"properties":{"route_id":"45","route_gtfs_id":"SF:45","route_short_name":"45","route_name":"UNION-STOCKTON","direction":"0","route_color":"005B95"}},{"type":"Feature","geometry":{"type":"LineString","coordinates":[[-122.39227,37.75775],[-122.39301,37.75516],[-122.39276,37.75262],[-122.39483,37.7525],[-122.39634,37.75236],[-122.39831,37.75224],[-122.39866,37.75111],[-122.40015,37.75086],[-122.40112,37.75072],[-122.40212,37.75083],[-122.40222,37.75189],[-122.40248,37.75443],[-122.40391,37.75448],[-122.40494,37.75442],[-122.40669,37.75299],[-122.40928,37.75285],[-122.41205,37.75269],[-122.41424,37.75256],[-122.41616,37.75245],[-122.41833,37.75232],[-122.42056,37.75218],[-122.42277,37.75205],[-122.42531,37.7519],[-122.42733,37.75178],[-122.42955,37.75165],[-122.43177,37.75151],[-122.43411,37.75131],[-122.43404,37.74981],[-122.43593,37.74883],[-122.43843,37.74873],[-122.44245,37.74829],[-122.44396,37.74689],[-122.44792,37.74646],[-122.45238,37.74533],[-122.45526,37.7431],[-122.45652,37.74163],[-122.46107,37.7404],[-122.46344,37.7401],[-122.46504,37.73985],[-122.46616,37.74112],[-122.46847,37.74153],[-122.47004,37.7416],[-122.47017,37.74317],[-122.4703,37.74503],[-122.4735,37.74507],[-122.47371,37.74674],[-122.47383,37.74859],[-122.47584,37.74871],[-122.47917,37.74855],[-122.48131,37.74846],[-122.48345,37.74838],[-122.48458,37.74832],[-122.4856,37.74827],[-122.48666,37.74822],[-122.48881,37.74814],[-122.49095,37.74805],[-122.4931,37.74796],[-122.49495,37.74771],[-122.49482,37.74607],[-122.49731,37.74596],[-122.49742,37.74762],[-122.49952,37.74768],[-122.50158,37.74758],[-122.50487,37.74743],[-122.507,37.74734],[-122.50755,37.74544]]},"properties":{"route_id":"48","route_gtfs_id":"SF:48","route_short_name":"48","route_name":"QUINTARA-24TH STREET","direction":"0","route_color":"005B95"}},{"type":"Feature","geometry":{"type":"LineString","coordinates":[[-122.50755,37.74544],[-122.5067,37.74535],[-122.50504,37.74543],[-122.50493,37.74729],[-122.50304,37.74742],[-122.49981,37.74754],[-122.49763,37.74763],[-122.49747,37.74596],[-122.49536,37.74585],[-122.4944,37.74777],[-122.49334,37.74783],[-122.49121,37.74791],[-122.48905,37.748],[-122.48692,37.74812],[-122.48586,37.74816],[-122.48477,37.74822],[-122.48347,37.74828],[-122.48157,37.74836],[-122.47943,37.74845],[-122.47622,37.74858],[-122.47408,37.74867],[-122.47391,37.74698],[-122.47374,37.74511],[-122.47049,37.74508],[-122.4703,37.7434],[-122.47018,37.74153],[-122.4688,37.74144],[-122.46564,37.74073],[-122.46512,37.73969],[-122.46368,37.73993],[-122.46083,37.74023],[-122.45752,37.74088],[-122.45578,37.74197],[-122.45524,37.74287],[-122.4519,37.74532],[-122.44764,37.74636],[-122.445,37.7467],[-122.43837,37.74862],[-122.43606,37.74949],[-122.43622,37.75108],[-122.43394,37.75126],[-122.43199,37.75138],[-122.42977,37.75151],[-122.42754,37.75164],[-122.42526,37.75179],[-122.42298,37.75191],[-122.42051,37.75206],[-122.41855,37.75218],[-122.41637,37.75231],[-122.41393,37.75246],[-122.41174,37.75259],[-122.40897,37.75276],[-122.40625,37.75342],[-122.4053,37.7543],[-122.40363,37.7544],[-122.40267,37.75445],[-122.40169,37.75451],[-122.40161,37.75352],[-122.40147,37.75211],[-122.40134,37.75073],[-122.40002,37.75075],[-122.39839,37.75204],[-122.39662,37.75224],[-122.39469,37.75235],[-122.39277,37.75246],[-122.39279,37.75502],[-122.39231,37.75767],[-122.39027,37.75781],[-122.38752,37.75796],[-122.38781,37.75548],[-122.39227,37.75775]]},"properties":{"route_id":"48","route_gtfs_id":"SF:48","route_short_name":"48","route_name":"QUINTARA-24TH STREET","direction":"1","route_color":"005B95"}},{"type":"Feature","geometry":{"type":"LineString","coordinates":[[-122.39537,37.79007],[-122.39815,37.79165],[-122.40049,37.79001],[-122.40248,37.78849],[-122.40366,37.788],[-122.40657,37.78763],[-122.40839,37.7874],[-122.41168,37.78698],[-122.41333,37.78677],[-122.41497,37.78656],[-122.41825,37.78614],[-122.42158,37.78574],[-122.42508,37.78543],[-122.42781,37.78503],[-122.43102,37.78464],[-122.43305,37.78439],[-122.43776,37.78385],[-122.43937,37.78343],[-122.44297,37.78297],[-122.44669,37.78254],[-122.44999,37.78224],[-122.45307,37.78185],[-122.45568,37.78153],[-122.45896,37.78131],[-122.4613,37.78118],[-122.46449,37.78109],[-122.46764,37.78098],[-122.4728,37.78067],[-122.47604,37.7806],[-122.4796,37.78036],[-122.48175,37.78025],[-122.48461,37.78022],[-122.48781,37.78001],[-122.48997,37.77996],[-122.49338,37.77957],[-122.49325,37.77786],[-122.49313,37.776],[-122.49171,37.77963]]},"properties":{"route_id":"38","route_gtfs_id":"SF:38","route_short_name":"38","route_name":"GEARY","direction":"0","route_color":"005B95"}},{"type":"Feature","geometry":{"type":"LineString","coordinates":[[-122.49171,37.77963],[-122.49019,37.77973],[-122.48805,37.77986],[-122.48456,37.78008],[-122.48243,37.78017],[-122.47923,37.78032],[-122.47598,37.78046],[-122.47183,37.78064],[-122.46732,37.78078],[-122.46412,37.781],[-122.46116,37.78104],[-122.45869,37.78115],[-122.45643,37.78126],[-122.45326,37.7816],[-122.44991,37.78203],[-122.44703,37.7822],[-122.44254,37.7828],[-122.43957,37.78318],[-122.43767,37.78362],[-122.43205,37.78438],[-122.42816,37.78485],[-122.42409,37.78505],[-122.42141,37.78466],[-122.4177,37.78514],[-122.41445,37.78554],[-122.41198,37.78585],[-122.40814,37.78632],[-122.40563,37.78664],[-122.40336,37.78767],[-122.39972,37.79048],[-122.39688,37.79194],[-122.39537,37.79007]]},"properties":{"route_id":"38","route_gtfs_id":"SF:38","route_short_name":"38","route_name":"GEARY","direction":"1","route_color":"005B95"}},{"type":"Feature","geometry":{"type":"LineString","coordinates":[[-122.41984,37.76498],[-122.41605,37.76522],[-122.41041,37.76559],[-122.40761,37.76576],[-122.40286,37.76599],[-122.39991,37.7662],[-122.39778,37.76475],[-122.39757,37.76261],[-122.39747,37.76133],[-122.39641,37.75995],[-122.39353,37.76015],[-122.39231,37.75767],[-122.39027,37.75781],[-122.38824,37.75807],[-122.38871,37.76054]]},"properties":{"route_id":"55","route_gtfs_id":"SF:55","route_short_name":"55","route_name":"DOGPATCH","direction":"0","route_color":"005B95"}},{"type":"Feature","geometry":{"type":"LineString","coordinates":[[-122.38871,37.76054],[-122.39008,37.75787],[-122.39227,37.75775],[-122.39335,37.76018],[-122.39617,37.76009],[-122.39733,37.76115],[-122.39741,37.76243],[-122.39766,37.76498],[-122.39984,37.76629],[-122.40282,37.76611],[-122.40762,37.7658],[-122.41029,37.76566],[-122.41543,37.7654],[-122.41961,37.76515],[-122.41984,37.76498]]},"properties":{"route_id":"55","route_gtfs_id":"SF:55","route_short_name":"55","route_name":"DOGPATCH","direction":"1","route_color":"005B95"}},{"type":"Feature","geometry":{"type":"LineString","coordinates":[[-122.39289,37.70983],[-122.39329,37.70914],[-122.39476,37.71088],[-122.39636,37.711],[-122.39723,37.71121],[-122.39896,37.71162],[-122.40068,37.71202],[-122.4023,37.71246],[-122.40199,37.71339],[-122.39994,37.71482],[-122.40025,37.71661],[-122.40124,37.71636],[-122.4023,37.71629],[-122.40438,37.71705],[-122.40521,37.71735],[-122.40718,37.71782],[-122.40773,37.71729],[-122.40572,37.7166],[-122.40619,37.71534],[-122.40672,37.71385],[-122.40715,37.71334],[-122.40905,37.71384],[-122.41121,37.71442],[-122.41347,37.71503],[-122.41444,37.71334],[-122.41394,37.71621]]},"properties":{"route_id":"56","route_gtfs_id":"SF:56","route_short_name":"56","route_name":"RUTLAND","direction":"1","route_color":"005B95"}},{"type":"Feature","geometry":{"type":"LineString","coordinates":[[-122.41394,37.71621],[-122.41136,37.71877],[-122.40906,37.71938],[-122.40709,37.71989],[-122.40509,37.72042],[-122.40515,37.72057],[-122.40692,37.7201],[-122.40889,37.71958],[-122.41126,37.71896],[-122.41549,37.7133],[-122.41605,37.71202],[-122.41521,37.71163],[-122.41302,37.71098],[-122.4115,37.71059],[-122.40937,37.70996],[-122.40854,37.7099],[-122.40793,37.71135],[-122.40739,37.71245],[-122.40578,37.7119],[-122.40379,37.71114],[-122.40218,37.71223],[-122.40092,37.71201],[-122.39919,37.71159],[-122.39747,37.71119],[-122.39661,37.71097],[-122.39358,37.71124],[-122.39289,37.70983]]},"properties":{"route_id":"56","route_gtfs_id":"SF:56","route_short_name":"56","route_name":"RUTLAND","direction":"0","route_color":"005B95"}},{"type":"Feature","geometry":{"type":"LineString","coordinates":[[-122.50998,37.77356],[-122.51006,37.77321],[-122.50939,37.77134],[-122.50631,37.77148],[-122.5033,37.77161],[-122.49991,37.77179],[-122.49679,37.77192],[-122.49288,37.7721],[-122.48919,37.77224],[-122.48717,37.77235],[-122.4841,37.77255],[-122.48061,37.77266],[-122.47652,37.77283],[-122.4717,37.77307],[-122.46761,37.77325],[-122.46574,37.77332],[-122.46384,37.77353],[-122.458,37.77428],[-122.45238,37.77499],[-122.44629,37.77577],[-122.43851,37.77773],[-122.43174,37.77862],[-122.42701,37.77921],[-122.42018,37.78005],[-122.41359,37.78089],[-122.40866,37.78339],[-122.40683,37.78484],[-122.40459,37.7866],[-122.40336,37.78767],[-122.39972,37.79048],[-122.39688,37.79194],[-122.39569,37.79009]]},"properties":{"route_id":"5R","route_gtfs_id":"SF:5R","route_short_name":"5R","route_name":"FULTON RAPID","direction":"1","route_color":"BF2B45"}},{"type":"Feature","geometry":{"type":"LineString","coordinates":[[-122.39569,37.79009],[-122.39815,37.79165],[-122.40049,37.79001],[-122.40248,37.78849],[-122.40516,37.78639],[-122.40754,37.78447],[-122.40964,37.78285],[-122.41219,37.78117],[-122.42071,37.78009],[-122.42717,37.7793],[-122.43207,37.77864],[-122.43829,37.77782],[-122.4464,37.77584],[-122.45287,37.77501],[-122.45842,37.77435],[-122.46385,37.77364],[-122.46605,37.77347],[-122.46839,37.77335],[-122.47218,37.77319],[-122.47678,37.77296],[-122.48134,37.77276],[-122.48431,37.77259],[-122.4875,37.77247],[-122.48962,37.77237],[-122.49318,37.77223],[-122.49634,37.77208],[-122.50034,37.77188],[-122.50354,37.77174],[-122.50704,37.77159],[-122.50984,37.77169],[-122.50999,37.77321],[-122.50998,37.77356]]},"properties":{"route_id":"5R","route_gtfs_id":"SF:5R","route_short_name":"5R","route_name":"FULTON RAPID","direction":"0","route_color":"BF2B45"}},{"type":"Feature","geometry":{"type":"LineString","coordinates":[[-122.46903,37.70596],[-122.46946,37.71036],[-122.467,37.71159],[-122.47268,37.71296],[-122.47316,37.71415],[-122.47317,37.71521],[-122.47429,37.7159],[-122.47576,37.71678],[-122.47708,37.7177],[-122.47843,37.71869],[-122.47961,37.7196],[-122.4809,37.72068],[-122.48215,37.72176],[-122.48306,37.72249],[-122.48476,37.72454],[-122.48331,37.72698],[-122.47913,37.72803],[-122.48004,37.72691],[-122.47879,37.72587],[-122.47714,37.72597],[-122.47594,37.72687],[-122.47595,37.72956],[-122.47454,37.73104],[-122.47244,37.73099],[-122.47167,37.73136],[-122.47134,37.73504],[-122.47052,37.73649],[-122.46914,37.73785],[-122.46617,37.74101]]},"properties":{"route_id":"57","route_gtfs_id":"SF:57","route_short_name":"57","route_name":"PARKMERCED","direction":"1","route_color":"005B95"}},{"type":"Feature","geometry":{"type":"LineString","coordinates":[[-122.46617,37.74101],[-122.46698,37.73984],[-122.46904,37.73809],[-122.47038,37.73639],[-122.47168,37.73431],[-122.47186,37.73124],[-122.47474,37.73116],[-122.4761,37.72925],[-122.47613,37.72634],[-122.47687,37.72599],[-122.47889,37.72594],[-122.48004,37.72748],[-122.4791,37.72855],[-122.4833,37.72712],[-122.48434,37.72606],[-122.48363,37.72276],[-122.48254,37.72184],[-122.48123,37.72073],[-122.47991,37.71959],[-122.47869,37.71848],[-122.47744,37.71749],[-122.47603,37.71671],[-122.47458,37.7159],[-122.47313,37.71495],[-122.47278,37.7131],[-122.46711,37.71166],[-122.46903,37.70596]]},"properties":{"route_id":"57","route_gtfs_id":"SF:57","route_short_name":"57","route_name":"PARKMERCED","direction":"0","route_color":"005B95"}},{"type":"Feature","geometry":{"type":"LineString","coordinates":[[-122.41516,37.77935],[-122.41685,37.77771],[-122.42019,37.77729],[-122.42333,37.77689],[-122.42615,37.77653],[-122.42827,37.77626],[-122.42988,37.77606],[-122.43156,37.77584],[-122.4332,37.77563],[-122.43444,37.77547],[-122.43794,37.77501],[-122.4415,37.77457],[-122.4443,37.77419],[-122.44599,37.77398],[-122.44573,37.77173],[-122.44538,37.77015],[-122.44485,37.76751],[-122.44669,37.76726],[-122.44792,37.7671],[-122.44794,37.76615],[-122.44776,37.76523],[-122.45008,37.7649],[-122.4511,37.76477],[-122.45288,37.76455],[-122.45453,37.76435],[-122.45697,37.76381],[-122.45875,37.76331],[-122.46074,37.76273],[-122.46285,37.7624],[-122.46435,37.76233],[-122.46624,37.76204],[-122.46615,37.76041],[-122.46602,37.75853],[-122.46588,37.75668],[-122.46576,37.7548],[-122.46563,37.75294],[-122.46648,37.75288],[-122.46655,37.7507],[-122.46643,37.74916],[-122.46768,37.74909],[-122.46837,37.74904],[-122.46942,37.74898],[-122.47071,37.74888]]},"properties":{"route_id":"6","route_gtfs_id":"SF:6","route_short_name":"6","route_name":"HAYES-PARNASSUS","direction":"0","route_color":"005B95"}},{"type":"Feature","geometry":{"type":"LineString","coordinates":[[-122.47071,37.74888],[-122.46964,37.74883],[-122.46856,37.74887],[-122.46705,37.74898],[-122.46626,37.74932],[-122.46638,37.75086],[-122.4665,37.75272],[-122.46563,37.75278],[-122.46555,37.75463],[-122.46569,37.75651],[-122.46583,37.75836],[-122.46595,37.76024],[-122.46608,37.76209],[-122.46414,37.7622],[-122.462,37.7623],[-122.46095,37.76252],[-122.45821,37.7633],[-122.4543,37.76424],[-122.45265,37.76443],[-122.4513,37.7646],[-122.44985,37.76479],[-122.44761,37.76541],[-122.44778,37.76629],[-122.44792,37.76694],[-122.44646,37.76714],[-122.44482,37.76735],[-122.4453,37.77035],[-122.44563,37.77196],[-122.446,37.77393],[-122.44286,37.77429],[-122.44126,37.77451],[-122.43791,37.7749],[-122.43418,37.77541],[-122.43248,37.77563],[-122.43083,37.7758],[-122.42919,37.77604],[-122.42755,37.77624],[-122.42627,37.77675],[-122.42632,37.77738],[-122.42331,37.77775],[-122.41974,37.77819],[-122.41587,37.78061],[-122.41516,37.77935]]},"properties":{"route_id":"6","route_gtfs_id":"SF:6","route_short_name":"6","route_name":"HAYES-PARNASSUS","direction":"1","route_color":"005B95"}},{"type":"Feature","geometry":{"type":"LineString","coordinates":[[-122.39747,37.79532],[-122.3976,37.79455],[-122.40028,37.79418],[-122.40145,37.79406],[-122.4031,37.79382],[-122.40482,37.79362],[-122.40631,37.79341],[-122.40755,37.79328],[-122.40926,37.79305],[-122.4119,37.79271],[-122.4142,37.79242],[-122.41587,37.79221],[-122.41749,37.79199],[-122.4195,37.79175],[-122.42118,37.79155],[-122.42227,37.79141],[-122.42407,37.79118],[-122.42613,37.79092],[-122.42746,37.79076],[-122.42888,37.79057],[-122.4306,37.79036],[-122.43225,37.79013],[-122.43429,37.78988],[-122.43561,37.78884],[-122.43748,37.78852],[-122.44087,37.78809],[-122.44363,37.78774],[-122.44697,37.78726],[-122.44706,37.78818]]},"properties":{"route_id":"1","route_gtfs_id":"SF:1","route_short_name":"1","route_name":"CALIFORNIA","direction":"0","route_color":"005B95"}},{"type":"Feature","geometry":{"type":"LineString","coordinates":[[-122.44706,37.78818],[-122.44338,37.78762],[-122.44072,37.78795],[-122.43681,37.78845],[-122.43556,37.78933],[-122.43382,37.78981],[-122.4325,37.78999],[-122.43085,37.79019],[-122.4293,37.7904],[-122.4276,37.79061],[-122.42577,37.79104],[-122.42446,37.79191],[-122.42291,37.79211],[-122.42101,37.79236],[-122.41959,37.79253],[-122.4179,37.79276],[-122.4163,37.79296],[-122.41462,37.79317],[-122.41274,37.79336],[-122.41082,37.79365],[-122.40959,37.79383],[-122.40756,37.79408],[-122.40597,37.79426],[-122.40441,37.79448],[-122.40277,37.79468],[-122.40132,37.79478],[-122.3991,37.79512],[-122.39747,37.79532]]},"properties":{"route_id":"1","route_gtfs_id":"SF:1","route_short_name":"1","route_name":"CALIFORNIA","direction":"1","route_color":"005B95"}},{"type":"Feature","geometry":{"type":"LineString","coordinates":[[-122.3884,37.73997],[-122.38926,37.73932],[-122.38962,37.73793],[-122.39072,37.73479],[-122.39123,37.7322],[-122.39029,37.73169],[-122.38656,37.72956],[-122.38469,37.7285],[-122.38563,37.72735],[-122.38677,37.72611],[-122.38854,37.72703],[-122.39042,37.72808],[-122.39295,37.72938],[-122.39525,37.72973],[-122.39504,37.73098],[-122.39555,37.7318],[-122.39762,37.7333],[-122.3994,37.73184],[-122.39991,37.73037],[-122.40101,37.72912],[-122.40193,37.72808],[-122.40299,37.72786],[-122.40451,37.72744],[-122.40648,37.72691],[-122.40746,37.72667],[-122.40812,37.72522],[-122.40841,37.72374],[-122.40941,37.72349],[-122.41238,37.72271],[-122.41339,37.72499],[-122.41439,37.72739],[-122.41634,37.72702],[-122.41874,37.7264],[-122.42028,37.72597],[-122.42204,37.7256],[-122.42324,37.7252],[-122.42413,37.72487],[-122.42647,37.7229],[-122.42762,37.72136],[-122.42876,37.71982],[-122.42735,37.71893],[-122.42835,37.71748],[-122.42985,37.71814],[-122.43113,37.71669],[-122.4323,37.71513],[-122.43396,37.71333],[-122.43634,37.71436],[-122.43803,37.71514],[-122.44087,37.71647],[-122.44355,37.71893],[-122.44674,37.7208],[-122.45028,37.72193],[-122.4511,37.72063],[-122.45164,37.71978],[-122.453,37.72008],[-122.45592,37.72014],[-122.45621,37.71845],[-122.45614,37.71757],[-122.45613,37.71666],[-122.45613,37.71501],[-122.45617,37.71328],[-122.45608,37.71155],[-122.45888,37.71149],[-122.46156,37.71144],[-122.46507,37.71183],[-122.4669,37.71163],[-122.46933,37.71028],[-122.46932,37.70874],[-122.46915,37.70642]]},"properties":{"route_id":"54","route_gtfs_id":"SF:54","route_short_name":"54","route_name":"FELTON","direction":"0","route_color":"005B95"}},{"type":"Feature","geometry":{"type":"LineString","coordinates":[[-122.46915,37.70642],[-122.46946,37.71036],[-122.46717,37.71142],[-122.46519,37.7117],[-122.46198,37.71128],[-122.45913,37.71129],[-122.45599,37.7117],[-122.45601,37.71334],[-122.45605,37.71484],[-122.45605,37.71655],[-122.45607,37.71773],[-122.45606,37.71817],[-122.45601,37.71988],[-122.45421,37.71999],[-122.45177,37.71969],[-122.45094,37.71937],[-122.45013,37.72039],[-122.44935,37.72163],[-122.44738,37.72095],[-122.44355,37.71872],[-122.44101,37.71642],[-122.43759,37.71477],[-122.43596,37.71403],[-122.43356,37.71323],[-122.43231,37.71493],[-122.43114,37.71648],[-122.42996,37.71804],[-122.4282,37.71756],[-122.42722,37.71884],[-122.42868,37.71973],[-122.42762,37.72114],[-122.42645,37.72272],[-122.42529,37.72428],[-122.42422,37.72474],[-122.42342,37.72508],[-122.42211,37.72543],[-122.42046,37.72586],[-122.41851,37.72637],[-122.41653,37.72688],[-122.41457,37.7274],[-122.41354,37.72514],[-122.41253,37.72273],[-122.40961,37.72338],[-122.40864,37.72362],[-122.40798,37.72507],[-122.40766,37.72654],[-122.40667,37.7268],[-122.4047,37.72732],[-122.40327,37.72765],[-122.40144,37.72847],[-122.40088,37.7291],[-122.39988,37.73019],[-122.39946,37.73167],[-122.39769,37.7332],[-122.39592,37.73201],[-122.39527,37.73117],[-122.3954,37.72979],[-122.39285,37.72925],[-122.39027,37.72789],[-122.38883,37.72707],[-122.38668,37.72604],[-122.38572,37.72711],[-122.3846,37.72837],[-122.3863,37.72953],[-122.39004,37.73165],[-122.39135,37.73241],[-122.39093,37.73409],[-122.3898,37.73721],[-122.3887,37.74012],[-122.38654,37.739],[-122.38416,37.73759],[-122.38354,37.73596],[-122.383,37.73454],[-122.38212,37.73336],[-122.37969,37.73239],[-122.37896,37.73163],[-122.37701,37.73098],[-122.37448,37.73025],[-122.37313,37.72878],[-122.37527,37.72988],[-122.37711,37.73004],[-122.37949,37.73113],[-122.38034,37.73058],[-122.3814,37.73077],[-122.38374,37.73246],[-122.38479,37.73298],[-122.38695,37.73585],[-122.38588,37.7366],[-122.38354,37.73573],[-122.38412,37.7377],[-122.38628,37.73896],[-122.3884,37.73997]]},"properties":{"route_id":"54","route_gtfs_id":"SF:54","route_short_name":"54","route_name":"FELTON","direction":"1","route_color":"005B95"}},{"type":"Feature","geometry":{"type":"LineString","coordinates":[[-122.46564,37.74073],[-122.46898,37.73806],[-122.47162,37.73481],[-122.47169,37.73095],[-122.46948,37.72995],[-122.46787,37.72838],[-122.46434,37.72603],[-122.46139,37.72496],[-122.45831,37.72426],[-122.45442,37.7234],[-122.45245,37.72303],[-122.45007,37.72198],[-122.44738,37.72095],[-122.44355,37.71872],[-122.44101,37.71642],[-122.43759,37.71477],[-122.43596,37.71403],[-122.43303,37.71295],[-122.42829,37.71174],[-122.42576,37.71072],[-122.4231,37.70908],[-122.42002,37.70821],[-122.4159,37.71201],[-122.41453,37.71324],[-122.41263,37.71273],[-122.41085,37.71218],[-122.40898,37.71168],[-122.40827,37.71147],[-122.40389,37.71062],[-122.40218,37.71223],[-122.40007,37.71355],[-122.39746,37.71876],[-122.39524,37.72313],[-122.3942,37.7253],[-122.39259,37.72924],[-122.39146,37.73225],[-122.39093,37.73409],[-122.3898,37.73721],[-122.3887,37.74012],[-122.38786,37.74263],[-122.38444,37.74106],[-122.3837,37.74254],[-122.38317,37.7437],[-122.38695,37.74606],[-122.38741,37.74895],[-122.3879,37.75569],[-122.38846,37.76079],[-122.38876,37.76443],[-122.38923,37.76905],[-122.38969,37.77297],[-122.39393,37.77625],[-122.39319,37.77929],[-122.3962,37.78165],[-122.39933,37.7842],[-122.40211,37.78637],[-122.40346,37.78805],[-122.40438,37.78982],[-122.40705,37.79013],[-122.40779,37.79381],[-122.40801,37.79486],[-122.40829,37.79631],[-122.40887,37.79913],[-122.41036,37.8005],[-122.41266,37.80209],[-122.41514,37.80379],[-122.41617,37.80452],[-122.41759,37.80549],[-122.42023,37.8058],[-122.42189,37.80559],[-122.42399,37.80531],[-122.42546,37.80485],[-122.4249,37.80243],[-122.42807,37.80094],[-122.43133,37.80051],[-122.43627,37.79984],[-122.43956,37.79948],[-122.44286,37.79908],[-122.44695,37.80033],[-122.47274,37.7841],[-122.47248,37.78027],[-122.47214,37.77648],[-122.47191,37.77327],[-122.4774,37.76537],[-122.47731,37.76368],[-122.47711,37.7614],[-122.47678,37.75789],[-122.47653,37.75392],[-122.4764,37.75206],[-122.47614,37.7483],[-122.47601,37.74647],[-122.47574,37.74259],[-122.47553,37.73901],[-122.4752,37.73456],[-122.47501,37.73081],[-122.4751,37.72726],[-122.4753,37.72111]]},"properties":{"route_id":"91","route_gtfs_id":"SF:91","route_short_name":"91","route_name":"3RD-19TH AVE OWL","direction":"1","route_color":"666666"}},{"type":"Feature","geometry":{"type":"LineString","coordinates":[[-122.47515,37.72119],[-122.47468,37.72719],[-122.47476,37.7313],[-122.47497,37.73472],[-122.47531,37.73955],[-122.47554,37.74331],[-122.47583,37.74715],[-122.4759,37.74853],[-122.47619,37.75272],[-122.47637,37.75432],[-122.47663,37.75808],[-122.47696,37.76177],[-122.47704,37.76343],[-122.47724,37.76554],[-122.47165,37.77322],[-122.47192,37.77724],[-122.47222,37.78078],[-122.47253,37.7845],[-122.44745,37.80041],[-122.44248,37.79897],[-122.43916,37.7994],[-122.43588,37.79982],[-122.43094,37.80044],[-122.42768,37.80086],[-122.42464,37.80258],[-122.425,37.80429],[-122.42495,37.80504],[-122.42349,37.80524],[-122.42211,37.80541],[-122.42047,37.80563],[-122.41784,37.80551],[-122.41597,37.80421],[-122.41464,37.80329],[-122.41365,37.8026],[-122.4116,37.80119],[-122.41051,37.80038],[-122.40905,37.79928],[-122.40862,37.79716],[-122.40812,37.79471],[-122.40788,37.79348],[-122.40716,37.78997],[-122.40673,37.7877],[-122.40568,37.78553],[-122.40412,37.78426],[-122.40133,37.78208],[-122.3966,37.77831],[-122.3949,37.77689],[-122.39361,37.77582],[-122.38979,37.77262],[-122.38938,37.76871],[-122.38895,37.76418],[-122.3887,37.76059],[-122.3881,37.75506],[-122.38757,37.7491],[-122.38665,37.74577],[-122.38331,37.7438],[-122.38393,37.74253],[-122.38468,37.74106],[-122.38641,37.74195],[-122.38815,37.74244],[-122.38926,37.73932],[-122.38962,37.73793],[-122.39072,37.73479],[-122.39173,37.7322],[-122.39278,37.72917],[-122.3943,37.72567],[-122.39584,37.72226],[-122.39646,37.72086],[-122.40102,37.7129],[-122.40317,37.71213],[-122.40368,37.7113],[-122.40449,37.71057],[-122.40779,37.71149],[-122.4105,37.71225],[-122.41237,37.71276],[-122.41424,37.71328],[-122.41549,37.7133],[-122.41605,37.71202],[-122.42035,37.70848],[-122.42322,37.70931],[-122.42627,37.71108],[-122.42819,37.71187],[-122.43207,37.71288],[-122.43396,37.71333],[-122.43634,37.71436],[-122.43803,37.71514],[-122.44087,37.71647],[-122.44355,37.71893],[-122.44674,37.7208],[-122.44998,37.72212],[-122.454,37.72346],[-122.45808,37.72439],[-122.46106,37.72496],[-122.46407,37.72601],[-122.46756,37.72828],[-122.4691,37.72999],[-122.47167,37.73136],[-122.47134,37.73504],[-122.46904,37.73786],[-122.46564,37.74073]]},"properties":{"route_id":"91","route_gtfs_id":"SF:91","route_short_name":"91","route_name":"3RD-19TH AVE OWL","direction":"0","route_color":"666666"}},{"type":"Feature","geometry":{"type":"LineString","coordinates":[[-122.41308,37.7063],[-122.4023,37.71246],[-122.40199,37.71339],[-122.39994,37.71482],[-122.40011,37.71804],[-122.40083,37.7211],[-122.4021,37.72418],[-122.40301,37.72637],[-122.40367,37.72797],[-122.40462,37.73026],[-122.40535,37.73202],[-122.40223,37.77616],[-122.39995,37.77795],[-122.39867,37.779],[-122.3962,37.78165],[-122.39933,37.7842],[-122.40211,37.78637],[-122.40346,37.78805],[-122.40372,37.78975],[-122.40398,37.791],[-122.40436,37.79288],[-122.40474,37.7947],[-122.40503,37.79613],[-122.40527,37.79733]]},"properties":{"route_id":"8AX","route_gtfs_id":"SF:8AX","route_short_name":"8AX","route_name":"BAYSHORE A EXPRESS","direction":"1","route_color":"005B95"}},{"type":"Feature","geometry":{"type":"LineString","coordinates":[[-122.40527,37.79733],[-122.40734,37.79785],[-122.40862,37.79716],[-122.40812,37.79471],[-122.40788,37.79348],[-122.40716,37.78997],[-122.40673,37.7877],[-122.40568,37.78553],[-122.40412,37.78426],[-122.40133,37.78208],[-122.39991,37.78067],[-122.40214,37.77891],[-122.40436,37.77715],[-122.40463,37.72991],[-122.40368,37.72754],[-122.40226,37.7241],[-122.40127,37.72175],[-122.40054,37.71907],[-122.39995,37.71677],[-122.40061,37.71479],[-122.40216,37.71385],[-122.40317,37.71213],[-122.41308,37.7063]]},"properties":{"route_id":"8AX","route_gtfs_id":"SF:8AX","route_short_name":"8AX","route_name":"BAYSHORE A EXPRESS","direction":"0","route_color":"005B95"}},{"type":"Feature","geometry":{"type":"LineString","coordinates":[[-122.39503,37.79199],[-122.39907,37.79111],[-122.40131,37.78935],[-122.40337,37.78773],[-122.40586,37.78578],[-122.40799,37.78408],[-122.41023,37.78232],[-122.41244,37.78057],[-122.41438,37.77911],[-122.41624,37.7776],[-122.41858,37.77537],[-122.41249,37.77056],[-122.40769,37.76549],[-122.4067,37.75506],[-122.40649,37.75267],[-122.4054,37.74305],[-122.40712,37.73946],[-122.40563,37.73223],[-122.40368,37.72754],[-122.40226,37.7241],[-122.39995,37.71677],[-122.40317,37.71213],[-122.40404,37.71099],[-122.40545,37.70901],[-122.40669,37.70935],[-122.40851,37.70986],[-122.40961,37.7102],[-122.4116,37.71034],[-122.41204,37.70934],[-122.41257,37.70815],[-122.41326,37.70657],[-122.41571,37.70714],[-122.41827,37.70794],[-122.41989,37.70837],[-122.42223,37.7113],[-122.42191,37.71346],[-122.42367,37.71413]]},"properties":{"route_id":"9R","route_gtfs_id":"SF:9R","route_short_name":"9R","route_name":"SAN BRUNO RAPID","direction":"0","route_color":"BF2B45"}},{"type":"Feature","geometry":{"type":"LineString","coordinates":[[-122.4241,37.7141],[-122.42215,37.71359],[-122.42229,37.71133],[-122.42002,37.70821],[-122.41841,37.7077],[-122.41553,37.70694],[-122.41294,37.7069],[-122.41234,37.70826],[-122.41193,37.70916],[-122.41136,37.71049],[-122.40937,37.70996],[-122.407,37.70935],[-122.40525,37.7088],[-122.40389,37.71062],[-122.4023,37.71246],[-122.40011,37.71804],[-122.4021,37.72418],[-122.40367,37.72797],[-122.40535,37.73202],[-122.40677,37.73986],[-122.40561,37.74238],[-122.40625,37.75342],[-122.40647,37.75541],[-122.40747,37.76603],[-122.41253,37.77069],[-122.41852,37.7755],[-122.41634,37.77741],[-122.41483,37.77861],[-122.41261,37.78036],[-122.4104,37.7821],[-122.40814,37.78389],[-122.40585,37.78571],[-122.40352,37.78753],[-122.40216,37.78861],[-122.3992,37.79094],[-122.39702,37.79257],[-122.39528,37.7934],[-122.39503,37.79199]]},"properties":{"route_id":"9R","route_gtfs_id":"SF:9R","route_short_name":"9R","route_name":"SAN BRUNO RAPID","direction":"1","route_color":"BF2B45"}},{"type":"Feature","geometry":{"type":"LineString","coordinates":[[-122.41732,37.80713],[-122.41412,37.80741],[-122.41081,37.80784],[-122.40603,37.80663],[-122.40331,37.80502],[-122.40103,37.80296],[-122.39892,37.8006],[-122.39743,37.7989],[-122.39518,37.79635],[-122.39377,37.79483],[-122.39356,37.79398],[-122.39618,37.79347],[-122.39907,37.79111],[-122.40131,37.78935],[-122.40337,37.78773],[-122.40586,37.78578],[-122.40799,37.78408],[-122.41023,37.78232],[-122.41244,37.78057],[-122.41438,37.77911],[-122.41624,37.7776],[-122.41925,37.7752],[-122.42177,37.77327],[-122.42467,37.77095],[-122.42615,37.76979],[-122.42878,37.7677],[-122.43071,37.76619],[-122.43281,37.76449],[-122.43498,37.76258]]},"properties":{"route_id":"F","route_gtfs_id":"SF:F","route_short_name":"F","route_name":"MARKET & WHARVES","direction":"0","route_color":"B49A36"}},{"type":"Feature","geometry":{"type":"LineString","coordinates":[[-122.43498,37.76258],[-122.43332,37.76396],[-122.43122,37.76563],[-122.42921,37.76725],[-122.4271,37.76888],[-122.42497,37.77057],[-122.42199,37.77287],[-122.41932,37.77506],[-122.41634,37.77741],[-122.41483,37.77861],[-122.41261,37.78036],[-122.4104,37.7821],[-122.40814,37.78389],[-122.40585,37.78571],[-122.40352,37.78753],[-122.40216,37.78861],[-122.3992,37.79094],[-122.39663,37.79298],[-122.39344,37.79392],[-122.39355,37.79489],[-122.39567,37.79709],[-122.39787,37.79955],[-122.39937,37.80126],[-122.40111,37.80326],[-122.40323,37.80515],[-122.40628,37.80694],[-122.41029,37.80835],[-122.41336,37.80859],[-122.41551,37.80832],[-122.41732,37.80713]]},"properties":{"route_id":"F","route_gtfs_id":"SF:F","route_short_name":"F","route_name":"MARKET & WHARVES","direction":"1","route_color":"B49A36"}},{"type":"Feature","geometry":{"type":"LineString","coordinates":[[-122.42909,37.7693],[-122.42905,37.76729],[-122.42872,37.76462],[-122.42842,37.76147],[-122.42792,37.75826],[-122.427,37.75745],[-122.42692,37.75664],[-122.42775,37.75461],[-122.4275,37.7518],[-122.42726,37.7486],[-122.42696,37.7454],[-122.42665,37.74281],[-122.42446,37.74217],[-122.42432,37.73938],[-122.43385,37.7324],[-122.44002,37.729],[-122.44236,37.72588],[-122.4447,37.72308],[-122.44742,37.72181]]},"properties":{"route_id":"J","route_gtfs_id":"SF:J","route_short_name":"J","route_name":"CHURCH","direction":"0","route_color":"A96614"}},{"type":"Feature","geometry":{"type":"LineString","coordinates":[[-122.44622,37.72124],[-122.44479,37.72286],[-122.44244,37.72568],[-122.43992,37.72899],[-122.43342,37.73253],[-122.42416,37.73974],[-122.42403,37.7423],[-122.42646,37.74222],[-122.42659,37.74359],[-122.42674,37.74522],[-122.42706,37.74842],[-122.42735,37.75159],[-122.42764,37.75474],[-122.42682,37.75644],[-122.42687,37.75724],[-122.4278,37.75823],[-122.42818,37.76119],[-122.42861,37.76438],[-122.42893,37.76751],[-122.42909,37.7693],[-122.41925,37.77513],[-122.41335,37.77971],[-122.40709,37.78465],[-122.40135,37.78922],[-122.39682,37.79285]]},"properties":{"route_id":"J","route_gtfs_id":"SF:J","route_short_name":"J","route_name":"CHURCH","direction":"1","route_color":"A96614"}},{"type":"Feature","geometry":{"type":"LineString","coordinates":[[-122.39086,37.73385],[-122.38731,37.73185],[-122.38358,37.72973],[-122.38289,37.73029],[-122.38153,37.73054],[-122.37956,37.73104],[-122.37896,37.73163],[-122.37701,37.73098],[-122.37448,37.73025],[-122.37081,37.72819],[-122.37309,37.72866],[-122.37527,37.72988],[-122.37711,37.73004],[-122.37949,37.73113],[-122.37991,37.7325],[-122.38184,37.73332],[-122.38335,37.73565],[-122.38412,37.7377],[-122.38628,37.73896],[-122.38813,37.74005],[-122.3879,37.74252],[-122.38741,37.74895],[-122.38846,37.76079],[-122.38923,37.76905],[-122.39319,37.77929],[-122.40211,37.78637],[-122.40067,37.7903]]},"properties":{"route_id":"15","route_gtfs_id":"SF:15","route_short_name":"15","route_name":"BAYVIEW HUNTERS POINT EXPRESS","direction":"1","route_color":"005B95"}},{"type":"Feature","geometry":{"type":"LineString","coordinates":[[-122.40067,37.7903],[-122.40673,37.7877],[-122.40568,37.78553],[-122.40412,37.78426],[-122.39513,37.77711],[-122.38938,37.76871],[-122.3887,37.76059],[-122.38757,37.7491],[-122.38815,37.74244],[-122.38813,37.73991],[-122.38654,37.739],[-122.38416,37.73759],[-122.38354,37.73596],[-122.38212,37.73336],[-122.37969,37.73239],[-122.37896,37.73163],[-122.37701,37.73098],[-122.37448,37.73025],[-122.37081,37.72819],[-122.37309,37.72866],[-122.37527,37.72988],[-122.37711,37.73004],[-122.37949,37.73113],[-122.38139,37.73063],[-122.38291,37.73043],[-122.38345,37.72988],[-122.38705,37.73186],[-122.39083,37.73402]]},"properties":{"route_id":"15","route_gtfs_id":"SF:15","route_short_name":"15","route_name":"BAYVIEW HUNTERS POINT EXPRESS","direction":"0","route_color":"005B95"}},{"type":"Feature","geometry":{"type":"LineString","coordinates":[[-122.39408,37.77627],[-122.38982,37.77962],[-122.38798,37.78463],[-122.38984,37.79075],[-122.39704,37.79277],[-122.40213,37.78879],[-122.40782,37.7843],[-122.41422,37.77924],[-122.41934,37.77523],[-122.42941,37.76947],[-122.43356,37.76936],[-122.4498,37.76586],[-122.45259,37.7655],[-122.45656,37.765],[-122.45864,37.76444],[-122.46299,37.76424],[-122.46634,37.76331],[-122.46669,37.76223],[-122.46932,37.76207],[-122.47033,37.76208],[-122.47363,37.76194],[-122.47692,37.76174],[-122.48116,37.76155],[-122.4833,37.76145],[-122.48651,37.76131],[-122.48972,37.76117],[-122.49293,37.76103],[-122.49567,37.76092],[-122.49936,37.76074],[-122.50257,37.7606],[-122.50583,37.76049],[-122.50868,37.76035]]},"properties":{"route_id":"N","route_gtfs_id":"SF:N","route_short_name":"N","route_name":"JUDAH","direction":"0","route_color":"005B95"}},{"type":"Feature","geometry":{"type":"LineString","coordinates":[[-122.38969,37.79048],[-122.38814,37.78436],[-122.38987,37.77972],[-122.39417,37.77627]]},"properties":{"route_id":"N","route_gtfs_id":"SF:N","route_short_name":"N","route_name":"JUDAH","direction":"1","route_color":"005B95"}},{"type":"Feature","geometry":{"type":"LineString","coordinates":[[-122.41833,37.75232],[-122.41617,37.75227],[-122.41413,37.75244],[-122.41405,37.751],[-122.41376,37.74832],[-122.41362,37.74687],[-122.41345,37.74521],[-122.41339,37.74426],[-122.4095,37.74297],[-122.40978,37.74183],[-122.41122,37.74145],[-122.41141,37.73992],[-122.41199,37.73978],[-122.41337,37.7388],[-122.41352,37.73716],[-122.41364,37.73579],[-122.41372,37.73483],[-122.41128,37.73491],[-122.41392,37.73327],[-122.41893,37.73262],[-122.41776,37.73281],[-122.41679,37.73284],[-122.41526,37.73327],[-122.41491,37.73471]]},"properties":{"route_id":"67","route_gtfs_id":"SF:67","route_short_name":"67","route_name":"BERNAL HEIGHTS","direction":"0","route_color":"005B95"}},{"type":"Feature","geometry":{"type":"LineString","coordinates":[[-122.41491,37.73471],[-122.41365,37.73494],[-122.41352,37.73605],[-122.41344,37.73718],[-122.4133,37.73888],[-122.41211,37.73957],[-122.41131,37.74007],[-122.41067,37.74151],[-122.4094,37.74201],[-122.40934,37.74285],[-122.41047,37.74437],[-122.41315,37.74418],[-122.41336,37.74532],[-122.41349,37.7471],[-122.41364,37.74848],[-122.41384,37.75083],[-122.41424,37.75256],[-122.41616,37.75245],[-122.41833,37.75232]]},"properties":{"route_id":"67","route_gtfs_id":"SF:67","route_short_name":"67","route_name":"BERNAL HEIGHTS","direction":"1","route_color":"005B95"}},{"type":"Feature","geometry":{"type":"LineString","coordinates":[[-122.40721,37.80718],[-122.4079,37.80735],[-122.41038,37.80704],[-122.41218,37.8065],[-122.41191,37.80506],[-122.41146,37.80281],[-122.4111,37.80131],[-122.41051,37.80038],[-122.40905,37.79928],[-122.40862,37.79716],[-122.40812,37.79471],[-122.40788,37.79348],[-122.40716,37.78997],[-122.40673,37.7877],[-122.40568,37.78553],[-122.40412,37.78426],[-122.40133,37.78208],[-122.39991,37.78067],[-122.40214,37.77891],[-122.40436,37.77715],[-122.40317,37.71213],[-122.40368,37.7113],[-122.40449,37.71057],[-122.40779,37.71149],[-122.4105,37.71225],[-122.41237,37.71276],[-122.41424,37.71328],[-122.41549,37.7133],[-122.41605,37.71202],[-122.41521,37.71163],[-122.41302,37.71098],[-122.4116,37.71034],[-122.41989,37.70837],[-122.42322,37.70931],[-122.42627,37.71108],[-122.42819,37.71187],[-122.43207,37.71288],[-122.43396,37.71333],[-122.43634,37.71436],[-122.43803,37.71514],[-122.44087,37.71647],[-122.44355,37.71893],[-122.44674,37.7208],[-122.44998,37.72212],[-122.45259,37.72372]]},"properties":{"route_id":"8BX","route_gtfs_id":"SF:8BX","route_short_name":"8BX","route_name":"BAYSHORE B EXPRESS","direction":"0","route_color":"005B95"}},{"type":"Feature","geometry":{"type":"LineString","coordinates":[[-122.45259,37.72372],[-122.45007,37.72198],[-122.44738,37.72095],[-122.44355,37.71872],[-122.44101,37.71642],[-122.43759,37.71477],[-122.43596,37.71403],[-122.43303,37.71295],[-122.42829,37.71174],[-122.42576,37.71072],[-122.4231,37.70908],[-122.42002,37.70821],[-122.41136,37.71049],[-122.41085,37.71218],[-122.40898,37.71168],[-122.40827,37.71147],[-122.40389,37.71062],[-122.40218,37.71223],[-122.40223,37.77616],[-122.39995,37.77795],[-122.39867,37.779],[-122.3962,37.78165],[-122.39933,37.7842],[-122.40211,37.78637],[-122.40346,37.78805],[-122.40372,37.78975],[-122.40398,37.791],[-122.40436,37.79288],[-122.40474,37.7947],[-122.40503,37.79613],[-122.40574,37.79732],[-122.4069,37.79812],[-122.40872,37.79939],[-122.41036,37.8005],[-122.41127,37.80295],[-122.41166,37.80477],[-122.41183,37.80574],[-122.40916,37.80609],[-122.40721,37.80718]]},"properties":{"route_id":"8BX","route_gtfs_id":"SF:8BX","route_short_name":"8BX","route_name":"BAYSHORE B EXPRESS","direction":"1","route_color":"005B95"}},{"type":"Feature","geometry":{"type":"LineString","coordinates":[[-122.50435,37.73613],[-122.50427,37.73797],[-122.50441,37.73983],[-122.50453,37.74168],[-122.50261,37.7418],[-122.50046,37.7419],[-122.49832,37.74199],[-122.49451,37.74219],[-122.4898,37.7424],[-122.48768,37.74249],[-122.48338,37.74268],[-122.47843,37.74289],[-122.47582,37.74297],[-122.47331,37.74313],[-122.47139,37.74297],[-122.4688,37.74144],[-122.46564,37.74073],[-122.45644,37.74649],[-122.45559,37.74628],[-122.45406,37.74569],[-122.45222,37.74562],[-122.44764,37.74636],[-122.4442,37.74715],[-122.44406,37.75841],[-122.43529,37.76259],[-122.43332,37.76396],[-122.43114,37.76569],[-122.4291,37.76728],[-122.4271,37.76888],[-122.42497,37.77057],[-122.42199,37.77287],[-122.41932,37.77506],[-122.41634,37.77741],[-122.41483,37.77861],[-122.41261,37.78036],[-122.4104,37.7821],[-122.40814,37.78389],[-122.40585,37.78571],[-122.40352,37.78753],[-122.40216,37.78861],[-122.3992,37.79094],[-122.39702,37.79257],[-122.39344,37.79392],[-122.39355,37.79489],[-122.39567,37.79709],[-122.39787,37.79955],[-122.39937,37.80126],[-122.40111,37.80326],[-122.40323,37.80515],[-122.40628,37.80694],[-122.41029,37.80835],[-122.41336,37.80859],[-122.41551,37.80832],[-122.41732,37.80713]]},"properties":{"route_id":"LOWL","route_gtfs_id":"SF:LOWL","route_short_name":"LOWL","route_name":"OWL TARAVAL","direction":"1","route_color":"666666"}},{"type":"Feature","geometry":{"type":"LineString","coordinates":[[-122.41732,37.80713],[-122.41412,37.80741],[-122.41081,37.80784],[-122.40603,37.80663],[-122.40331,37.80502],[-122.40103,37.80296],[-122.39892,37.8006],[-122.39743,37.7989],[-122.39518,37.79635],[-122.39377,37.79483],[-122.39356,37.79398],[-122.39454,37.79441],[-122.39618,37.79347],[-122.39907,37.79111],[-122.40131,37.78935],[-122.40337,37.78773],[-122.40586,37.78578],[-122.40799,37.78408],[-122.41023,37.78232],[-122.41244,37.78057],[-122.41438,37.77911],[-122.41624,37.7776],[-122.41925,37.7752],[-122.42177,37.77327],[-122.42467,37.77095],[-122.42615,37.76979],[-122.42878,37.7677],[-122.43071,37.76619],[-122.43366,37.76391],[-122.43498,37.76302],[-122.44448,37.75849],[-122.44348,37.74995],[-122.44396,37.74897],[-122.44487,37.74703],[-122.44792,37.74646],[-122.45243,37.74577],[-122.45383,37.74577],[-122.45535,37.74638],[-122.46616,37.74112],[-122.46847,37.74153],[-122.4713,37.74312],[-122.47544,37.74311],[-122.48045,37.74287],[-122.48308,37.74278],[-122.48734,37.74259],[-122.4895,37.74249],[-122.49436,37.74229],[-122.49805,37.74212],[-122.5002,37.74202],[-122.50235,37.74192],[-122.50449,37.74182],[-122.50469,37.74167],[-122.50458,37.74],[-122.50444,37.73814],[-122.50435,37.73613]]},"properties":{"route_id":"LOWL","route_gtfs_id":"SF:LOWL","route_short_name":"LOWL","route_name":"OWL TARAVAL","direction":"0","route_color":"666666"}},{"type":"Feature","geometry":{"type":"LineString","coordinates":[[-122.48713,37.73877],[-122.48611,37.73896],[-122.48722,37.74072],[-122.48743,37.74241],[-122.48756,37.74427],[-122.48767,37.74616],[-122.4878,37.74799],[-122.48692,37.74812],[-122.48586,37.74816],[-122.48477,37.74822],[-122.48347,37.74828],[-122.48157,37.74836],[-122.47943,37.74845],[-122.47622,37.74858],[-122.47408,37.74867],[-122.47298,37.74872],[-122.47295,37.75054],[-122.47309,37.7524],[-122.47321,37.75425],[-122.47361,37.7563],[-122.47367,37.75811],[-122.47269,37.75916],[-122.47003,37.7582],[-122.46812,37.75824],[-122.46605,37.75839],[-122.46505,37.76215],[-122.46624,37.76204]]},"properties":{"route_id":"66","route_gtfs_id":"SF:66","route_short_name":"66","route_name":"QUINTARA","direction":"1","route_color":"005B95"}},{"type":"Feature","geometry":{"type":"LineString","coordinates":[[-122.46624,37.76204],[-122.46615,37.76041],[-122.46602,37.75853],[-122.46793,37.7584],[-122.47008,37.7583],[-122.47227,37.75913],[-122.4737,37.7593],[-122.47379,37.75802],[-122.47351,37.75697],[-122.47368,37.75636],[-122.47312,37.75526],[-122.47217,37.75411],[-122.47206,37.75268],[-122.47196,37.75081],[-122.47183,37.74891],[-122.4738,37.74883],[-122.47584,37.74871],[-122.47917,37.74855],[-122.48131,37.74846],[-122.48345,37.74838],[-122.48458,37.74832],[-122.4856,37.74827],[-122.48666,37.74822],[-122.48793,37.74808],[-122.4878,37.74636],[-122.48765,37.74451],[-122.48754,37.74265],[-122.48739,37.74077],[-122.48713,37.73877]]},"properties":{"route_id":"66","route_gtfs_id":"SF:66","route_short_name":"66","route_name":"QUINTARA","direction":"0","route_color":"005B95"}},{"type":"Feature","geometry":{"type":"LineString","coordinates":[[-122.42224,37.79041],[-122.42083,37.79049],[-122.41916,37.7907],[-122.41754,37.7909],[-122.41575,37.79113],[-122.4141,37.79135],[-122.41261,37.79154],[-122.41096,37.79175],[-122.40934,37.79195],[-122.40753,37.79218],[-122.40593,37.79238],[-122.40425,37.79259],[-122.40291,37.79276],[-122.40127,37.79297],[-122.4001,37.79313],[-122.39892,37.79327],[-122.39775,37.79342],[-122.3968,37.79353],[-122.39637,37.79368]]},"properties":{"route_id":"CA","route_gtfs_id":"SF:CA","route_short_name":"CA","route_name":"CALIFORNIA STREET CABLE CAR","direction":"1","route_color":"B49A36"}},{"type":"Feature","geometry":{"type":"LineString","coordinates":[[-122.39637,37.79368],[-122.39746,37.79359],[-122.39864,37.79344],[-122.39981,37.7933],[-122.40098,37.79315],[-122.40262,37.79293],[-122.40427,37.79272],[-122.40596,37.7925],[-122.40755,37.79231],[-122.40942,37.79207],[-122.41098,37.79187],[-122.41232,37.79171],[-122.41412,37.79147],[-122.41561,37.79129],[-122.41756,37.79102],[-122.41889,37.79087],[-122.42054,37.79066],[-122.42224,37.79041]]},"properties":{"route_id":"CA","route_gtfs_id":"SF:CA","route_short_name":"CA","route_name":"CALIFORNIA STREET CABLE CAR","direction":"0","route_color":"B49A36"}},{"type":"Feature","geometry":{"type":"LineString","coordinates":[[-122.39704,37.79277],[-122.40213,37.78879],[-122.40782,37.7843],[-122.41422,37.77924],[-122.41934,37.77523],[-122.42932,37.76733],[-122.43529,37.76268],[-122.45919,37.74817],[-122.46553,37.74139],[-122.46898,37.73806],[-122.47162,37.73481],[-122.47372,37.73202],[-122.47435,37.73119],[-122.47494,37.72702],[-122.47525,37.72134],[-122.47167,37.7162],[-122.47,37.71444],[-122.46722,37.7142],[-122.46367,37.71425],[-122.46259,37.71333],[-122.45916,37.71315],[-122.45618,37.71316],[-122.45228,37.71396],[-122.45043,37.71608],[-122.44765,37.71942]]},"properties":{"route_id":"M","route_gtfs_id":"SF:M","route_short_name":"M","route_name":"OCEAN VIEW","direction":"0","route_color":"008547"}},{"type":"Feature","geometry":{"type":"LineString","coordinates":[[-122.44655,37.72063],[-122.4472,37.7201],[-122.45037,37.71633],[-122.45215,37.71415],[-122.45593,37.71322],[-122.45892,37.71319],[-122.46233,37.71318],[-122.46339,37.71435],[-122.46698,37.71434],[-122.47025,37.71486],[-122.47227,37.71689],[-122.47518,37.72134],[-122.47485,37.7272],[-122.47437,37.73099],[-122.47382,37.73181],[-122.47145,37.73483],[-122.46904,37.73786],[-122.46522,37.74152],[-122.45862,37.74835],[-122.43523,37.76262],[-122.42917,37.76719],[-122.41925,37.77513],[-122.41335,37.77971],[-122.40709,37.78465],[-122.40135,37.78922],[-122.39682,37.79285]]},"properties":{"route_id":"M","route_gtfs_id":"SF:M","route_short_name":"M","route_name":"OCEAN VIEW","direction":"1","route_color":"008547"}},{"type":"Feature","geometry":{"type":"LineString","coordinates":[[-122.44622,37.72124],[-122.45145,37.72304],[-122.454,37.72346],[-122.45808,37.72439],[-122.46106,37.72496],[-122.46407,37.72601],[-122.46756,37.72828],[-122.4691,37.72999],[-122.47171,37.73163],[-122.47145,37.73483],[-122.46904,37.73786],[-122.46522,37.74152],[-122.45862,37.74835],[-122.43523,37.76262],[-122.42917,37.76719],[-122.41925,37.77513],[-122.41335,37.77971],[-122.40709,37.78465],[-122.40135,37.78922],[-122.39682,37.79285]]},"properties":{"route_id":"K","route_gtfs_id":"SF:K","route_short_name":"K","route_name":"INGLESIDE","direction":"1","route_color":"437C93"}},{"type":"Feature","geometry":{"type":"LineString","coordinates":[[-122.39704,37.79277],[-122.40213,37.78879],[-122.40782,37.7843],[-122.41422,37.77924],[-122.41934,37.77523],[-122.42932,37.76733],[-122.43529,37.76268],[-122.45919,37.74817],[-122.46553,37.74139],[-122.46898,37.73806],[-122.47162,37.73481],[-122.47182,37.73127],[-122.46948,37.72995],[-122.46787,37.72838],[-122.46434,37.72603],[-122.46139,37.72496],[-122.45831,37.72426],[-122.45442,37.7234],[-122.45087,37.72295],[-122.44742,37.72181]]},"properties":{"route_id":"K","route_gtfs_id":"SF:K","route_short_name":"K","route_name":"INGLESIDE","direction":"0","route_color":"437C93"}},{"type":"Feature","geometry":{"type":"LineString","coordinates":[[-122.5075,37.75098],[-122.50557,37.75289],[-122.50231,37.75303],[-122.50017,37.75312],[-122.49801,37.75321],[-122.49527,37.75339],[-122.49265,37.75346],[-122.48945,37.75359],[-122.48731,37.75369],[-122.48517,37.75378],[-122.48301,37.75388],[-122.47961,37.75434],[-122.47971,37.7559],[-122.47985,37.75775],[-122.47998,37.75959],[-122.48011,37.76146],[-122.48027,37.76368],[-122.48037,37.76519],[-122.47949,37.76528],[-122.47721,37.76544],[-122.47524,37.76546],[-122.47305,37.76556],[-122.47086,37.76565],[-122.46623,37.76586],[-122.46189,37.76605],[-122.46014,37.76612],[-122.45796,37.76598],[-122.4547,37.76609],[-122.45291,37.76645],[-122.45307,37.76917],[-122.44843,37.76978],[-122.44529,37.7702],[-122.44055,37.77075],[-122.43674,37.77123],[-122.43354,37.77163],[-122.43035,37.7721],[-122.42732,37.77243],[-122.4223,37.77308],[-122.41932,37.77506],[-122.41634,37.77741],[-122.41483,37.77861],[-122.41319,37.77981],[-122.41133,37.78129],[-122.40866,37.78339],[-122.40683,37.78484],[-122.40459,37.7866],[-122.40336,37.78767],[-122.39972,37.79048],[-122.39688,37.79194],[-122.39549,37.79007]]},"properties":{"route_id":"7","route_gtfs_id":"SF:7","route_short_name":"7","route_name":"HAIGHT-NORIEGA","direction":"1","route_color":"005B95"}},{"type":"Feature","geometry":{"type":"LineString","coordinates":[[-122.39549,37.79007],[-122.39815,37.79165],[-122.39907,37.79111],[-122.40131,37.78935],[-122.40337,37.78773],[-122.40586,37.78578],[-122.40799,37.78408],[-122.41023,37.78232],[-122.41244,37.78057],[-122.41438,37.77911],[-122.41624,37.7776],[-122.41925,37.7752],[-122.42255,37.77318],[-122.42584,37.77276],[-122.42736,37.77256],[-122.43076,37.77214],[-122.43404,37.77172],[-122.43737,37.77129],[-122.44069,37.77089],[-122.44548,37.77023],[-122.44873,37.76984],[-122.45284,37.76933],[-122.45346,37.76833],[-122.45326,37.76641],[-122.45491,37.76621],[-122.4576,37.76606],[-122.46246,37.76618],[-122.46675,37.766],[-122.47103,37.76581],[-122.47322,37.76572],[-122.47542,37.76562],[-122.47761,37.76553],[-122.4797,37.76543],[-122.48161,37.76503],[-122.48148,37.76313],[-122.48138,37.76161],[-122.48124,37.75973],[-122.48111,37.75787],[-122.48099,37.75601],[-122.48086,37.75414],[-122.48277,37.75404],[-122.48599,37.7539],[-122.4892,37.75375],[-122.49243,37.75362],[-122.49506,37.75349],[-122.49672,37.75343],[-122.49885,37.75333],[-122.501,37.75324],[-122.50309,37.75316],[-122.50571,37.75303],[-122.50785,37.75293],[-122.5075,37.75098]]},"properties":{"route_id":"7","route_gtfs_id":"SF:7","route_short_name":"7","route_name":"HAIGHT-NORIEGA","direction":"0","route_color":"005B95"}},{"type":"Feature","geometry":{"type":"LineString","coordinates":[[-122.40721,37.80718],[-122.4079,37.80735],[-122.41038,37.80704],[-122.41218,37.8065],[-122.41191,37.80506],[-122.41146,37.80281],[-122.4111,37.80131],[-122.41051,37.80038],[-122.40905,37.79928],[-122.40862,37.79716],[-122.40812,37.79471],[-122.40788,37.79348],[-122.40716,37.78997],[-122.40673,37.7877],[-122.40568,37.78553],[-122.40412,37.78426],[-122.40133,37.78208],[-122.39991,37.78067],[-122.40214,37.77891],[-122.40436,37.77715],[-122.40463,37.72991],[-122.40368,37.72754],[-122.40226,37.7241],[-122.40127,37.72175],[-122.40054,37.71907],[-122.39995,37.71677],[-122.40061,37.71479],[-122.40216,37.71385],[-122.40317,37.71213],[-122.40368,37.7113],[-122.40449,37.71057],[-122.40779,37.71149],[-122.4105,37.71225],[-122.41237,37.71276],[-122.41424,37.71328],[-122.41549,37.7133],[-122.41605,37.71202],[-122.41521,37.71163],[-122.41302,37.71098],[-122.4116,37.71034],[-122.41989,37.70837],[-122.42322,37.70931],[-122.42627,37.71108],[-122.42819,37.71187],[-122.43207,37.71288],[-122.43396,37.71333],[-122.43634,37.71436],[-122.43803,37.71514],[-122.44087,37.71647],[-122.44355,37.71893],[-122.44674,37.7208],[-122.44998,37.72212],[-122.45259,37.72372]]},"properties":{"route_id":"8","route_gtfs_id":"SF:8","route_short_name":"8","route_name":"BAYSHORE","direction":"0","route_color":"005B95"}},{"type":"Feature","geometry":{"type":"LineString","coordinates":[[-122.45259,37.72372],[-122.45007,37.72198],[-122.44738,37.72095],[-122.44355,37.71872],[-122.44101,37.71642],[-122.43759,37.71477],[-122.43596,37.71403],[-122.43303,37.71295],[-122.42829,37.71174],[-122.42576,37.71072],[-122.4231,37.70908],[-122.42002,37.70821],[-122.41136,37.71049],[-122.41085,37.71218],[-122.40898,37.71168],[-122.40827,37.71147],[-122.40389,37.71062],[-122.4023,37.71246],[-122.40199,37.71339],[-122.39994,37.71482],[-122.40011,37.71804],[-122.40083,37.7211],[-122.4021,37.72418],[-122.40301,37.72637],[-122.40367,37.72797],[-122.40462,37.73026],[-122.40535,37.73202],[-122.40223,37.77616],[-122.39995,37.77795],[-122.39867,37.779],[-122.3962,37.78165],[-122.39933,37.7842],[-122.40211,37.78637],[-122.40346,37.78805],[-122.40372,37.78975],[-122.40398,37.791],[-122.40436,37.79288],[-122.40474,37.7947],[-122.40503,37.79613],[-122.40574,37.79732],[-122.4069,37.79812],[-122.40872,37.79939],[-122.41036,37.8005],[-122.41127,37.80295],[-122.41166,37.80477],[-122.41183,37.80574],[-122.40916,37.80609],[-122.40721,37.80718]]},"properties":{"route_id":"8","route_gtfs_id":"SF:8","route_short_name":"8","route_name":"BAYSHORE","direction":"1","route_color":"005B95"}},{"type":"Feature","geometry":{"type":"LineString","coordinates":[[-122.39492,37.79445],[-122.39618,37.79347],[-122.39907,37.79111],[-122.40131,37.78935],[-122.40337,37.78773],[-122.40586,37.78578],[-122.40799,37.78408],[-122.41023,37.78232],[-122.41244,37.78057],[-122.41438,37.77911],[-122.41624,37.7776],[-122.41858,37.77537],[-122.41689,37.77404],[-122.41538,37.77283],[-122.41249,37.77056],[-122.41074,37.76934],[-122.40797,37.76826],[-122.40769,37.76549],[-122.40741,37.76313],[-122.40717,37.76061],[-122.40694,37.7575],[-122.4067,37.75506],[-122.40649,37.75267],[-122.40458,37.74435],[-122.4054,37.74305],[-122.40712,37.73946],[-122.407,37.73773],[-122.40558,37.73425],[-122.40479,37.73296],[-122.40563,37.73223],[-122.40463,37.72991],[-122.40368,37.72754],[-122.40275,37.72531],[-122.40226,37.7241],[-122.40127,37.72175],[-122.40054,37.71907],[-122.39995,37.71677],[-122.40061,37.71479],[-122.40216,37.71385],[-122.40317,37.71213],[-122.40404,37.71099],[-122.40545,37.70901],[-122.40669,37.70935],[-122.40851,37.70986],[-122.40961,37.7102],[-122.4116,37.71034],[-122.41204,37.70934],[-122.41257,37.70815],[-122.41326,37.70657],[-122.41571,37.70714],[-122.41827,37.70794],[-122.41989,37.70837],[-122.42223,37.7113],[-122.42191,37.71346],[-122.42367,37.71413]]},"properties":{"route_id":"9","route_gtfs_id":"SF:9","route_short_name":"9","route_name":"SAN BRUNO","direction":"0","route_color":"005B95"}},{"type":"Feature","geometry":{"type":"LineString","coordinates":[[-122.4241,37.7141],[-122.42215,37.71359],[-122.42229,37.71133],[-122.42002,37.70821],[-122.41841,37.7077],[-122.41553,37.70694],[-122.41294,37.7069],[-122.41234,37.70826],[-122.41193,37.70916],[-122.41136,37.71049],[-122.40937,37.70996],[-122.407,37.70935],[-122.40525,37.7088],[-122.40389,37.71062],[-122.4023,37.71246],[-122.40199,37.71339],[-122.39994,37.71482],[-122.40011,37.71804],[-122.40083,37.7211],[-122.4021,37.72418],[-122.40301,37.72637],[-122.40367,37.72797],[-122.40462,37.73026],[-122.40535,37.73202],[-122.40472,37.73321],[-122.40588,37.73488],[-122.40677,37.73986],[-122.40561,37.74238],[-122.40419,37.74462],[-122.40608,37.75164],[-122.40625,37.75342],[-122.40647,37.75541],[-122.40672,37.75786],[-122.40702,37.76074],[-122.40726,37.76328],[-122.40747,37.76603],[-122.40762,37.76733],[-122.4113,37.76981],[-122.41253,37.77069],[-122.41573,37.77333],[-122.41801,37.77515],[-122.41634,37.77741],[-122.41483,37.77861],[-122.41261,37.78036],[-122.4104,37.7821],[-122.40814,37.78389],[-122.40585,37.78571],[-122.40352,37.78753],[-122.40216,37.78861],[-122.3992,37.79094],[-122.39702,37.79257],[-122.39528,37.7934],[-122.39492,37.79445]]},"properties":{"route_id":"9","route_gtfs_id":"SF:9","route_short_name":"9","route_name":"SAN BRUNO","direction":"1","route_color":"005B95"}},{"type":"Feature","geometry":{"type":"LineString","coordinates":[[-122.39667,37.77565],[-122.39549,37.77658],[-122.38955,37.7796],[-122.38795,37.78455],[-122.38977,37.79073],[-122.39356,37.79398],[-122.39454,37.79441],[-122.39618,37.79347],[-122.39907,37.79111],[-122.40131,37.78935],[-122.40337,37.78773],[-122.40586,37.78578],[-122.40799,37.78408],[-122.41023,37.78232],[-122.41244,37.78057],[-122.41438,37.77911],[-122.41925,37.7752],[-122.42177,37.77327],[-122.42467,37.77095],[-122.42615,37.76979],[-122.42903,37.76932],[-122.42993,37.77031],[-122.43076,37.77214],[-122.43404,37.77172],[-122.43737,37.77129],[-122.44069,37.77089],[-122.44548,37.77023],[-122.44873,37.76984],[-122.45077,37.76945],[-122.4502,37.76683],[-122.45007,37.76591],[-122.45259,37.7655],[-122.45656,37.765],[-122.45864,37.76444],[-122.46299,37.76424],[-122.46634,37.76331],[-122.46669,37.76223],[-122.46932,37.76207],[-122.47033,37.76208],[-122.47363,37.76194],[-122.47692,37.76174],[-122.48116,37.76155],[-122.4833,37.76145],[-122.48651,37.76131],[-122.48972,37.76117],[-122.49293,37.76103],[-122.49567,37.76092],[-122.49936,37.76074],[-122.50257,37.7606],[-122.50583,37.76049],[-122.50901,37.76036],[-122.50818,37.7603]]},"properties":{"route_id":"NOWL","route_gtfs_id":"SF:NOWL","route_short_name":"NOWL","route_name":"OWL JUDAH","direction":"0","route_color":"666666"}},{"type":"Feature","geometry":{"type":"LineString","coordinates":[[-122.50818,37.7603],[-122.50606,37.76039],[-122.50284,37.76052],[-122.49915,37.76068],[-122.49581,37.76085],[-122.4932,37.76096],[-122.4895,37.76111],[-122.48676,37.76123],[-122.48356,37.76137],[-122.47986,37.76153],[-122.47719,37.76165],[-122.47278,37.76185],[-122.47057,37.76195],[-122.46953,37.76199],[-122.46631,37.76214],[-122.46543,37.76404],[-122.46214,37.76418],[-122.45802,37.76437],[-122.45651,37.76493],[-122.45293,37.76537],[-122.45013,37.76575],[-122.45043,37.76853],[-122.45061,37.76946],[-122.44843,37.76978],[-122.44529,37.7702],[-122.44055,37.77075],[-122.43674,37.77123],[-122.43354,37.77163],[-122.43059,37.77205],[-122.4297,37.77025],[-122.42917,37.7695],[-122.4271,37.76888],[-122.42497,37.77057],[-122.42199,37.77287],[-122.41932,37.77506],[-122.41634,37.77741],[-122.41483,37.77861],[-122.41261,37.78036],[-122.4104,37.7821],[-122.40814,37.78389],[-122.40585,37.78571],[-122.40352,37.78753],[-122.40216,37.78861],[-122.3992,37.79094],[-122.39702,37.79257],[-122.39491,37.79426],[-122.39344,37.7933],[-122.39107,37.79216],[-122.3899,37.79056],[-122.38832,37.7836],[-122.38994,37.7798],[-122.39667,37.77565]]},"properties":{"route_id":"NOWL","route_gtfs_id":"SF:NOWL","route_short_name":"NOWL","route_name":"OWL JUDAH","direction":"1","route_color":"666666"}},{"type":"Feature","geometry":{"type":"LineString","coordinates":[[-122.40768,37.7847],[-122.40793,37.78632],[-122.40813,37.78727],[-122.4083,37.7882],[-122.40849,37.78913],[-122.40871,37.79016],[-122.40891,37.79109],[-122.40914,37.7923],[-122.40926,37.79288],[-122.40946,37.79375],[-122.40976,37.79541],[-122.41171,37.79545],[-122.4132,37.79525],[-122.41484,37.79504],[-122.41637,37.79485],[-122.41799,37.79464],[-122.4182,37.7954],[-122.4184,37.79635],[-122.41863,37.79744],[-122.41878,37.79831],[-122.41898,37.79924],[-122.41916,37.80017],[-122.41932,37.80099],[-122.41956,37.80191],[-122.4197,37.80284],[-122.4201,37.80479],[-122.42027,37.80563],[-122.42054,37.80664]]},"properties":{"route_id":"PH","route_gtfs_id":"SF:PH","route_short_name":"PH","route_name":"POWELL-HYDE CABLE CAR","direction":"0","route_color":"B49A36"}},{"type":"Feature","geometry":{"type":"LineString","coordinates":[[-122.42107,37.8069],[-122.42046,37.80571],[-122.42026,37.80478],[-122.41988,37.80291],[-122.41966,37.80186],[-122.41949,37.80101],[-122.41933,37.80021],[-122.41914,37.79918],[-122.41896,37.79834],[-122.41877,37.79741],[-122.41858,37.7965],[-122.41836,37.79535],[-122.41819,37.79454],[-122.41629,37.79383],[-122.41469,37.79404],[-122.41301,37.79425],[-122.41136,37.79453],[-122.41106,37.7945],[-122.41004,37.79463],[-122.40963,37.79384],[-122.40944,37.79296],[-122.40929,37.79221],[-122.40907,37.79108],[-122.40887,37.79014],[-122.40864,37.78906],[-122.40851,37.78839],[-122.40832,37.78746],[-122.40814,37.78651],[-122.40779,37.78464]]},"properties":{"route_id":"PH","route_gtfs_id":"SF:PH","route_short_name":"PH","route_name":"POWELL-HYDE CABLE CAR","direction":"1","route_color":"B49A36"}},{"type":"Feature","geometry":{"type":"LineString","coordinates":[[-122.41531,37.80526],[-122.415,37.80376],[-122.41398,37.80283],[-122.41292,37.80183],[-122.41273,37.8009],[-122.41255,37.79997],[-122.41235,37.79902],[-122.41219,37.79824],[-122.41201,37.79735],[-122.41177,37.79612],[-122.41167,37.7956],[-122.41153,37.79444],[-122.41004,37.79463],[-122.40963,37.79384],[-122.40944,37.79296],[-122.40929,37.79221],[-122.40907,37.79108],[-122.40887,37.79014],[-122.40864,37.78906],[-122.40851,37.78839],[-122.40832,37.78746],[-122.40814,37.78651],[-122.40779,37.78464]]},"properties":{"route_id":"PM","route_gtfs_id":"SF:PM","route_short_name":"PM","route_name":"POWELL-MASON CABLE CAR","direction":"1","route_color":"B49A36"}},{"type":"Feature","geometry":{"type":"LineString","coordinates":[[-122.40768,37.7847],[-122.40793,37.78632],[-122.40813,37.78727],[-122.4083,37.7882],[-122.40849,37.78913],[-122.40871,37.79016],[-122.40891,37.79109],[-122.40914,37.7923],[-122.40926,37.79288],[-122.40946,37.79375],[-122.40976,37.79541],[-122.41154,37.79551],[-122.41162,37.7962],[-122.41182,37.79721],[-122.41202,37.7982],[-122.4122,37.7991],[-122.4124,37.80004],[-122.41258,37.80096],[-122.41277,37.80193],[-122.41353,37.80269],[-122.41459,37.80341],[-122.41495,37.80438],[-122.41519,37.80523]]},"properties":{"route_id":"PM","route_gtfs_id":"SF:PM","route_short_name":"PM","route_name":"POWELL-MASON CABLE CAR","direction":"0","route_color":"B49A36"}},{"type":"Feature","geometry":{"type":"LineString","coordinates":[[-122.38752,37.7491],[-122.38803,37.74273],[-122.38893,37.73993],[-122.38973,37.73765],[-122.39089,37.73435],[-122.3916,37.73229],[-122.39268,37.72921],[-122.39439,37.72524],[-122.39578,37.7222],[-122.3977,37.71864],[-122.40232,37.71225],[-122.40511,37.70897]]},"properties":{"route_id":"T","route_gtfs_id":"SF:T","route_short_name":"T","route_name":"THIRD","direction":"1","route_color":"BF2B45"}},{"type":"Feature","geometry":{"type":"LineString","coordinates":[[-122.40504,37.70894],[-122.40234,37.71223],[-122.39747,37.71881],[-122.39561,37.72245],[-122.39422,37.72549],[-122.3926,37.72929],[-122.3915,37.73226],[-122.39084,37.73436],[-122.38969,37.73764],[-122.38888,37.73992],[-122.38792,37.74273],[-122.38744,37.749],[-122.388,37.75541],[-122.38856,37.76052],[-122.38885,37.76439],[-122.38918,37.7685],[-122.38968,37.77298],[-122.39386,37.77628],[-122.39659,37.7784],[-122.40155,37.78236],[-122.40648,37.78715],[-122.40808,37.79481]]},"properties":{"route_id":"T","route_gtfs_id":"SF:T","route_short_name":"T","route_name":"THIRD","direction":"0","route_color":"BF2B45"}},{"type":"Feature","geometry":{"type":"LineString","coordinates":[[-122.45887,37.74812],[-122.45644,37.74649],[-122.45559,37.74628],[-122.45406,37.74569],[-122.45222,37.74562],[-122.44764,37.74636],[-122.445,37.7467],[-122.44348,37.74602],[-122.44304,37.74519],[-122.44141,37.7452],[-122.44029,37.74526],[-122.43786,37.74359],[-122.43577,37.7417],[-122.43588,37.74029],[-122.4369,37.7386],[-122.43742,37.7382],[-122.43593,37.73841],[-122.43463,37.7388],[-122.43467,37.73826],[-122.43475,37.73731],[-122.43444,37.73623],[-122.43395,37.73447],[-122.43408,37.73349],[-122.43133,37.73064],[-122.43318,37.72959],[-122.43135,37.72872],[-122.43358,37.72616],[-122.43219,37.72552],[-122.43059,37.72475],[-122.42899,37.72399],[-122.43002,37.72251],[-122.42857,37.72166],[-122.42776,37.72128],[-122.42699,37.7209],[-122.42616,37.72052],[-122.42718,37.71903],[-122.4258,37.71919]]},"properties":{"route_id":"52","route_gtfs_id":"SF:52","route_short_name":"52","route_name":"EXCELSIOR","direction":"0","route_color":"005B95"}},{"type":"Feature","geometry":{"type":"LineString","coordinates":[[-122.4258,37.71919],[-122.42588,37.72052],[-122.42748,37.72122],[-122.42829,37.72162],[-122.4299,37.72238],[-122.43151,37.72314],[-122.43309,37.72396],[-122.43465,37.72472],[-122.43351,37.72635],[-122.4314,37.7289],[-122.43326,37.72979],[-122.42965,37.7314],[-122.43151,37.73182],[-122.43401,37.7336],[-122.43384,37.73446],[-122.43433,37.73608],[-122.43465,37.73726],[-122.43447,37.73868],[-122.4346,37.73889],[-122.4363,37.7383],[-122.43726,37.73822],[-122.43668,37.73867],[-122.43576,37.7402],[-122.43566,37.74185],[-122.43751,37.74363],[-122.43985,37.74524],[-122.4402,37.74693],[-122.44321,37.74668],[-122.44792,37.74646],[-122.45243,37.74577],[-122.45383,37.74577],[-122.45535,37.74638],[-122.45908,37.74723],[-122.45887,37.74812]]},"properties":{"route_id":"52","route_gtfs_id":"SF:52","route_short_name":"52","route_name":"EXCELSIOR","direction":"1","route_color":"005B95"}},{"type":"Feature","geometry":{"type":"LineString","coordinates":[[-122.46876,37.70588],[-122.46903,37.70596],[-122.47515,37.72119],[-122.47468,37.72719],[-122.47554,37.74331],[-122.4759,37.74853],[-122.47637,37.75432],[-122.47696,37.76177],[-122.47724,37.76554],[-122.47165,37.77322],[-122.47222,37.78078],[-122.4711,37.78445],[-122.46543,37.78482]]},"properties":{"route_id":"28R","route_gtfs_id":"SF:28R","route_short_name":"28R","route_name":"19TH AVENUE RAPID","direction":"1","route_color":"BF2B45"}},{"type":"Feature","geometry":{"type":"LineString","coordinates":[[-122.46543,37.78482],[-122.46464,37.78507],[-122.47274,37.7841],[-122.47248,37.78027],[-122.47191,37.77327],[-122.4774,37.76537],[-122.47711,37.7614],[-122.47653,37.75392],[-122.47614,37.7483],[-122.47574,37.74259],[-122.4751,37.72726],[-122.4753,37.72111],[-122.46876,37.70588]]},"properties":{"route_id":"28R","route_gtfs_id":"SF:28R","route_short_name":"28R","route_name":"19TH AVENUE RAPID","direction":"0","route_color":"BF2B45"}},{"type":"Feature","geometry":{"type":"LineString","coordinates":[[-122.44647,37.72083],[-122.45213,37.72312],[-122.454,37.72346],[-122.45808,37.72439],[-122.46106,37.72496],[-122.46407,37.72601],[-122.46756,37.72828],[-122.4691,37.72999],[-122.47167,37.73136],[-122.47134,37.73504],[-122.46904,37.73786],[-122.46564,37.74073],[-122.4519,37.74532],[-122.4442,37.74715],[-122.44406,37.75841],[-122.43529,37.76259],[-122.43332,37.76396],[-122.43114,37.76569],[-122.4291,37.76728],[-122.4271,37.76888],[-122.42497,37.77057],[-122.42199,37.77287],[-122.41932,37.77506],[-122.41634,37.77741],[-122.41483,37.77861],[-122.41261,37.78036],[-122.4104,37.7821],[-122.40814,37.78389],[-122.40585,37.78571],[-122.40352,37.78753],[-122.40216,37.78861],[-122.3992,37.79094],[-122.39702,37.79257],[-122.39528,37.7934],[-122.39442,37.79427]]},"properties":{"route_id":"KBUS","route_gtfs_id":"SF:KBUS","route_short_name":"KBUS","route_name":"INGLESIDE BUS","direction":"1","route_color":"437C93"}},{"type":"Feature","geometry":{"type":"LineString","coordinates":[[-122.39442,37.79427],[-122.39454,37.79441],[-122.39618,37.79347],[-122.39907,37.79111],[-122.40131,37.78935],[-122.40337,37.78773],[-122.40586,37.78578],[-122.40799,37.78408],[-122.41023,37.78232],[-122.41244,37.78057],[-122.41438,37.77911],[-122.41624,37.7776],[-122.41925,37.7752],[-122.42177,37.77327],[-122.42467,37.77095],[-122.42615,37.76979],[-122.42878,37.7677],[-122.43071,37.76619],[-122.43366,37.76391],[-122.43498,37.76302],[-122.44448,37.75849],[-122.44487,37.74703],[-122.45243,37.74577],[-122.46541,37.74076],[-122.46898,37.73806],[-122.47162,37.73481],[-122.47168,37.73431],[-122.47169,37.73095],[-122.46948,37.72995],[-122.46787,37.72838],[-122.46434,37.72603],[-122.46139,37.72496],[-122.45831,37.72426],[-122.45442,37.7234],[-122.45245,37.72303],[-122.44647,37.72083]]},"properties":{"route_id":"KBUS","route_gtfs_id":"SF:KBUS","route_short_name":"KBUS","route_name":"INGLESIDE BUS","direction":"0","route_color":"437C93"}},{"type":"Feature","geometry":{"type":"LineString","coordinates":[[-122.39667,37.77565],[-122.39549,37.77658],[-122.38955,37.7796],[-122.38795,37.78455],[-122.38977,37.79073],[-122.39454,37.79441],[-122.39618,37.79347],[-122.39907,37.79111],[-122.40131,37.78935],[-122.40337,37.78773],[-122.40586,37.78578],[-122.40799,37.78408],[-122.41023,37.78232],[-122.41244,37.78057],[-122.41438,37.77911],[-122.41624,37.7776],[-122.41925,37.7752],[-122.42177,37.77327],[-122.42467,37.77095],[-122.42615,37.76979],[-122.42941,37.76947],[-122.43365,37.76922],[-122.45007,37.76591],[-122.45259,37.7655],[-122.45656,37.765],[-122.45864,37.76444],[-122.46299,37.76424],[-122.46634,37.76331],[-122.46669,37.76223],[-122.46932,37.76207],[-122.47033,37.76208],[-122.47363,37.76194],[-122.47692,37.76174],[-122.48116,37.76155],[-122.4833,37.76145],[-122.48651,37.76131],[-122.48972,37.76117],[-122.49293,37.76103],[-122.49567,37.76092],[-122.49936,37.76074],[-122.50257,37.7606],[-122.50583,37.76049],[-122.50901,37.76036],[-122.50818,37.7603]]},"properties":{"route_id":"NBUS","route_gtfs_id":"SF:NBUS","route_short_name":"NBUS","route_name":"JUDAH BUS","direction":"0","route_color":"005B95"}},{"type":"Feature","geometry":{"type":"LineString","coordinates":[[-122.50818,37.7603],[-122.50606,37.76039],[-122.50284,37.76052],[-122.49915,37.76068],[-122.49581,37.76085],[-122.4932,37.76096],[-122.4895,37.76111],[-122.48676,37.76123],[-122.48356,37.76137],[-122.47986,37.76153],[-122.47719,37.76165],[-122.47278,37.76185],[-122.47057,37.76195],[-122.46953,37.76199],[-122.46631,37.76214],[-122.46543,37.76404],[-122.46214,37.76418],[-122.45802,37.76437],[-122.45651,37.76493],[-122.45293,37.76537],[-122.45013,37.76575],[-122.4337,37.76911],[-122.42935,37.76937],[-122.4271,37.76888],[-122.42497,37.77057],[-122.42199,37.77287],[-122.41932,37.77506],[-122.41634,37.77741],[-122.41483,37.77861],[-122.41261,37.78036],[-122.4104,37.7821],[-122.40814,37.78389],[-122.40585,37.78571],[-122.40352,37.78753],[-122.40216,37.78861],[-122.3992,37.79094],[-122.39702,37.79257],[-122.39491,37.79426],[-122.3899,37.79056],[-122.38832,37.7836],[-122.38994,37.7798],[-122.39667,37.77565]]},"properties":{"route_id":"NBUS","route_gtfs_id":"SF:NBUS","route_short_name":"NBUS","route_name":"JUDAH BUS","direction":"1","route_color":"005B95"}},{"type":"Feature","geometry":{"type":"LineString","coordinates":[[-122.43498,37.76258],[-122.43332,37.76396],[-122.43114,37.76569],[-122.42921,37.76725],[-122.4271,37.76888],[-122.42497,37.77057],[-122.42199,37.77287],[-122.41932,37.77506],[-122.41634,37.77741],[-122.41483,37.77861],[-122.41261,37.78036],[-122.4104,37.7821],[-122.40814,37.78389],[-122.40585,37.78571],[-122.40352,37.78753],[-122.40216,37.78861],[-122.3992,37.79094],[-122.39663,37.79298],[-122.39344,37.79392],[-122.39355,37.79489],[-122.39567,37.79709],[-122.39787,37.79955],[-122.39937,37.80126],[-122.40111,37.80326],[-122.40323,37.80515],[-122.40628,37.80694],[-122.41029,37.80835],[-122.41336,37.80859],[-122.41551,37.80832],[-122.41732,37.80713]]},"properties":{"route_id":"FBUS","route_gtfs_id":"SF:FBUS","route_short_name":"FBUS","route_name":"MARKET & WHARVES BUS","direction":"1","route_color":""}},{"type":"Feature","geometry":{"type":"LineString","coordinates":[[-122.41732,37.80713],[-122.41412,37.80741],[-122.41081,37.80784],[-122.40603,37.80663],[-122.40331,37.80502],[-122.40103,37.80296],[-122.39892,37.8006],[-122.39743,37.7989],[-122.39518,37.79635],[-122.39377,37.79483],[-122.39356,37.79398],[-122.39618,37.79347],[-122.39907,37.79111],[-122.40131,37.78935],[-122.40337,37.78773],[-122.40586,37.78578],[-122.40799,37.78408],[-122.41023,37.78232],[-122.41244,37.78057],[-122.41438,37.77911],[-122.41624,37.7776],[-122.41925,37.7752],[-122.42177,37.77327],[-122.42467,37.77095],[-122.42615,37.76979],[-122.42878,37.7677],[-122.43071,37.76619],[-122.43281,37.76449],[-122.43498,37.76258]]},"properties":{"route_id":"FBUS","route_gtfs_id":"SF:FBUS","route_short_name":"FBUS","route_name":"MARKET & WHARVES BUS","direction":"0","route_color":""}},{"type":"Feature","geometry":{"type":"LineString","coordinates":[[-122.40812,37.79471],[-122.40673,37.7877],[-122.40568,37.78553],[-122.40133,37.78208],[-122.3966,37.77831],[-122.39361,37.77582],[-122.38979,37.77262],[-122.38938,37.76871],[-122.38895,37.76418],[-122.3887,37.76059],[-122.3881,37.75506],[-122.38757,37.7491],[-122.38815,37.74244],[-122.38926,37.73932],[-122.38962,37.73793],[-122.39072,37.73479],[-122.39173,37.7322],[-122.39278,37.72917],[-122.3943,37.72567],[-122.39584,37.72226],[-122.39646,37.72086],[-122.40317,37.71213],[-122.40449,37.71057]]},"properties":{"route_id":"TBUS","route_gtfs_id":"SF:TBUS","route_short_name":"TBUS","route_name":"THIRD BUS","direction":"1","route_color":"BF2B45"}},{"type":"Feature","geometry":{"type":"LineString","coordinates":[[-122.40465,37.70962],[-122.40389,37.71062],[-122.40218,37.71223],[-122.40007,37.71355],[-122.39746,37.71876],[-122.39524,37.72313],[-122.3942,37.7253],[-122.39146,37.73225],[-122.39093,37.73409],[-122.3898,37.73721],[-122.3887,37.74012],[-122.3879,37.74252],[-122.38741,37.74895],[-122.3879,37.75569],[-122.38846,37.76079],[-122.38876,37.76443],[-122.38923,37.76905],[-122.38969,37.77297],[-122.39393,37.77625],[-122.39319,37.77929],[-122.39933,37.7842],[-122.40346,37.78805],[-122.40705,37.79013],[-122.40804,37.79488],[-122.40937,37.79662]]},"properties":{"route_id":"TBUS","route_gtfs_id":"SF:TBUS","route_short_name":"TBUS","route_name":"THIRD BUS","direction":"0","route_color":"BF2B45"}},{"type":"Feature","geometry":{"type":"LineString","coordinates":[[-122.44389,37.80456],[-122.4437,37.80377],[-122.44351,37.80284],[-122.44333,37.80191],[-122.44314,37.80097],[-122.44296,37.80009],[-122.43962,37.80031],[-122.43637,37.80074],[-122.4347,37.80095],[-122.43141,37.80137],[-122.4281,37.80183],[-122.42489,37.8022],[-122.40277,37.79468],[-122.40149,37.79447],[-122.40122,37.79318],[-122.39987,37.79314],[-122.39753,37.79261],[-122.39688,37.79194],[-122.39354,37.79039],[-122.39241,37.79134]]},"properties":{"route_id":"30X","route_gtfs_id":"SF:30X","route_short_name":"30X","route_name":"MARINA EXPRESS","direction":"1","route_color":"005B95"}},{"type":"Feature","geometry":{"type":"LineString","coordinates":[[-122.49323,37.77981],[-122.49335,37.78154],[-122.49233,37.782],[-122.49244,37.78342],[-122.49009,37.78358],[-122.48846,37.78366],[-122.48529,37.78381],[-122.48189,37.78394],[-122.47871,37.78411],[-122.4755,37.78425],[-122.47276,37.78437],[-122.4711,37.78445],[-122.46896,37.78455],[-122.46683,37.78463],[-122.46471,37.7849],[-122.46218,37.78527],[-122.45904,37.78566],[-122.45633,37.78597],[-122.45327,37.78638],[-122.44998,37.7868],[-122.44693,37.78721],[-122.40212,37.79092],[-122.40086,37.79202],[-122.39987,37.79314],[-122.39753,37.79261]]},"properties":{"route_id":"1X","route_gtfs_id":"SF:1X","route_short_name":"1X","route_name":"CALIFORNIA EXPRESS","direction":"1","route_color":"BF2B45"}},{"type":"Feature","geometry":{"type":"LineString","coordinates":[[-122.3976,37.79455],[-122.40028,37.79418],[-122.40254,37.79194],[-122.44697,37.78726],[-122.44996,37.78692],[-122.45352,37.78646],[-122.45683,37.78604],[-122.45929,37.7857],[-122.46229,37.78535],[-122.46464,37.78507],[-122.46682,37.78479],[-122.46916,37.78466],[-122.47085,37.78459],[-122.47295,37.78451],[-122.47523,37.78439],[-122.47845,37.78424],[-122.48166,37.7841],[-122.48482,37.78395],[-122.48807,37.7838],[-122.49051,37.78367],[-122.49255,37.78343],[-122.49242,37.7818],[-122.49352,37.7815],[-122.49339,37.77981]]},"properties":{"route_id":"1X","route_gtfs_id":"SF:1X","route_short_name":"1X","route_name":"CALIFORNIA EXPRESS","direction":"0","route_color":"BF2B45"}},{"type":"Feature","geometry":{"type":"LineString","coordinates":[[-122.46903,37.70596],[-122.44738,37.72095],[-122.43415,37.73351],[-122.4184,37.75236],[-122.41967,37.76512],[-122.41273,37.7777],[-122.40653,37.78272],[-122.39549,37.78996]]},"properties":{"route_id":"714","route_gtfs_id":"SF:714","route_short_name":"714","route_name":"BART EARLY BIRD","direction":"1","route_color":"005B95"}},{"type":"Feature","geometry":{"type":"LineString","coordinates":[[-122.39549,37.78996],[-122.40664,37.78272],[-122.41355,37.77723],[-122.41974,37.7648],[-122.41853,37.75196],[-122.43422,37.73345],[-122.44651,37.72102],[-122.46903,37.70596]]},"properties":{"route_id":"714","route_gtfs_id":"SF:714","route_short_name":"714","route_name":"BART EARLY BIRD","direction":"0","route_color":"005B95"}}]}